frame_id,timestamp_sec,timestamp_iso,fps,step_id,step_name,activity,anomaly,instruction,lid_angle_deg,lid_state,wrist_cam_x,wrist_cam_y,wrist_cam_z,wrist_rack_x,wrist_rack_y,wrist_rack_z,elbow_angle_deg,shoulder_angle_deg,body_orientation_deg,rom_violated,container_rack_x,container_rack_y,container_rack_z,container_xmin,container_ymin,container_xmax,container_ymax,component_rack_x,component_rack_y,component_rack_z,component_xmin,component_ymin,component_xmax,component_ymax,component_state,component_is_inside,hand_to_object_dist_m,llm_verified_step,llm_verified_name,llm_confidence,llm_reason
1,3.844,2026-09-16T13:45:55.519492Z,35.4,0,IDLE,OPENING CONTAINER,NONE,System initialized. Please open the box.,16.4,CLOSED,-0.679,-0.246,1.2,-0.51,-0.873,1.587,124.4,153.6,-62.4,0,-0.637,-1.248,2.067,238.6,70.4,461.0,349.2,-0.637,-1.248,2.067,305.3,175.0,394.3,244.7,DOCKED,1,0.622,0,IDLE,1.0,System initialized. Awaiting box opening.
2,3.955,2026-09-16T13:45:55.630735Z,0.3,0,IDLE,GRASPING COMPONENT BOX,NONE,System initialized. Please open the box.,28.8,OPEN,-0.679,-0.246,1.2,-0.661,-1.131,2.059,123.6,153.7,-61.8,0,-0.637,-1.248,2.067,237.6,70.1,461.4,349.6,-0.637,-1.248,2.067,304.7,174.9,394.3,244.8,GRASPED,1,0.12,0,IDLE,1.0,System initialized. Awaiting box opening.
3,4.04,2026-09-16T13:45:55.715349Z,13.8,0,IDLE,GRASPING COMPONENT BOX,NONE,System initialized. Please open the box.,38.2,OPEN,-0.679,-0.246,1.2,-0.672,-1.151,2.094,123.7,153.7,-62.1,0,-0.637,-1.25,2.066,236.7,66.9,461.5,350.1,-0.637,-1.25,2.066,304.2,173.1,394.1,243.9,GRASPED,1,0.108,0,IDLE,1.0,System initialized. Awaiting box opening.
4,4.095,2026-09-16T13:45:55.769813Z,11.8,0,IDLE,GRASPING COMPONENT BOX,NONE,System initialized. Please open the box.,45.2,OPEN,-0.678,-0.245,1.2,-0.675,-1.157,2.106,122.1,152.2,-61.4,0,-0.638,-1.25,2.066,236.1,64.4,461.5,352.5,-0.638,-1.25,2.066,303.7,172.5,393.9,244.5,GRASPED,1,0.108,0,IDLE,1.0,System initialized. Awaiting box opening.
5,4.158,2026-09-16T13:45:55.833228Z,15.8,0,IDLE,GRASPING COMPONENT BOX,NONE,System initialized. Please open the box.,50.3,OPEN,-0.678,-0.246,1.2,-0.676,-1.159,2.112,121.0,151.2,-61.4,0,-0.638,-1.249,2.067,235.2,64.8,461.3,354.1,-0.638,-1.249,2.067,303.0,173.3,393.5,245.6,GRASPED,1,0.107,0,IDLE,1.0,System initialized. Awaiting box opening.
6,4.222,2026-09-16T13:45:55.897026Z,16.1,0,IDLE,GRASPING COMPONENT BOX,NONE,System initialized. Please open the box.,54.0,OPEN,-0.678,-0.245,1.2,-0.677,-1.161,2.114,120.3,150.5,-61.1,0,-0.639,-1.25,2.066,234.5,64.9,461.3,352.0,-0.639,-1.25,2.066,302.6,172.5,393.3,244.3,GRASPED,1,0.108,0,IDLE,1.0,System initialized. Awaiting box opening.
7,4.283,2026-09-16T13:45:55.958779Z,16.0,1,BOX_OPENED,GRASPING COMPONENT BOX,NONE,Box opened. Next step: Please take out the object.,56.8,OPEN,-0.683,-0.246,1.2,-0.68,-1.161,2.116,127.5,153.6,-61.9,0,-0.639,-1.252,2.065,234.1,61.9,461.8,350.5,-0.639,-1.252,2.065,302.4,170.1,393.5,242.3,GRASPED,1,0.112,0,IDLE,1.0,System initialized. Awaiting box opening.
8,4.355,2026-09-16T13:45:56.030546Z,15.7,1,BOX_OPENED,GRASPING COMPONENT BOX,NONE,Box opened. Next step: Please take out the object.,58.4,OPEN,-0.681,-0.246,1.2,-0.683,-1.162,2.116,129.0,154.1,-63.6,0,-0.638,-1.252,2.065,234.6,58.9,462.2,352.0,-0.638,-1.252,2.065,302.9,168.8,393.9,242.1,GRASPED,1,0.113,0,IDLE,1.0,System initialized. Awaiting box opening.
9,4.42,2026-09-16T13:45:56.095106Z,16.1,1,BOX_OPENED,GRASPING COMPONENT BOX,NONE,Box opened. Next step: Please take out the object.,59.5,OPEN,-0.681,-0.246,1.2,-0.682,-1.163,2.116,129.3,153.7,-63.9,0,-0.638,-1.254,2.064,234.9,54.4,462.8,353.1,-0.638,-1.254,2.064,303.3,166.4,394.4,241.1,GRASPED,1,0.114,0,IDLE,1.0,System initialized. Awaiting box opening.
10,4.487,2026-09-16T13:45:56.162172Z,12.7,1,BOX_OPENED,GRASPING COMPONENT BOX,NONE,Box opened. Next step: Please take out the object.,60.2,OPEN,-0.681,-0.246,1.2,-0.683,-1.163,2.117,129.0,153.8,-64.4,0,-0.638,-1.254,2.064,234.7,54.0,463.2,354.0,-0.638,-1.254,2.064,303.2,166.5,394.6,241.5,GRASPED,1,0.114,0,IDLE,1.0,System initialized. Awaiting box opening.
11,4.573,2026-09-16T13:45:56.248259Z,16.1,1,BOX_OPENED,GRASPING COMPONENT BOX,NONE,Box opened. Next step: Please take out the object.,61.0,OPEN,-0.683,-0.247,1.2,-0.683,-1.163,2.116,126.7,152.3,-62.3,0,-0.641,-1.254,2.064,234.9,53.1,457.2,354.8,-0.641,-1.254,2.064,301.6,166.2,390.5,241.6,GRASPED,1,0.113,0,IDLE,1.0,System initialized. Awaiting box opening.
12,4.64,2026-09-16T13:45:56.314964Z,10.9,1,BOX_OPENED,GRASPING COMPONENT BOX,NONE,Box opened. Next step: Please take out the object.,61.5,OPEN,-0.683,-0.249,1.2,-0.684,-1.165,2.116,126.2,151.9,-62.3,0,-0.64,-1.254,2.064,235.0,53.9,458.3,353.6,-0.64,-1.254,2.064,302.0,166.3,391.3,241.2,GRASPED,1,0.112,0,IDLE,1.0,System initialized. Awaiting box opening.
13,4.702,2026-09-16T13:45:56.377569Z,15.9,1,BOX_OPENED,GRASPING COMPONENT BOX,NONE,Box opened. Next step: Please take out the object.,61.4,OPEN,-0.683,-0.249,1.2,-0.683,-1.166,2.115,125.4,152.0,-62.4,0,-0.637,-1.256,2.063,234.3,53.1,464.7,350.0,-0.637,-1.256,2.063,303.4,164.5,395.6,238.7,GRASPED,1,0.114,0,IDLE,1.0,System initialized. Awaiting box opening.
14,4.773,2026-09-16T13:45:56.448453Z,15.8,1,BOX_OPENED,GRASPING COMPONENT BOX,NONE,Box opened. Next step: Please take out the object.,61.2,OPEN,-0.683,-0.249,1.2,-0.683,-1.166,2.115,125.5,152.0,-62.4,0,-0.635,-1.259,2.061,234.7,52.4,468.7,344.8,-0.635,-1.259,2.061,304.9,162.0,398.5,235.2,GRASPED,1,0.117,0,IDLE,1.0,System initialized. Awaiting box opening.
15,4.837,2026-09-16T13:45:56.512511Z,15.9,1,BOX_OPENED,GRASPING COMPONENT BOX,NONE,Box opened. Next step: Please take out the object.,60.6,OPEN,-0.681,-0.25,1.2,-0.682,-1.167,2.115,124.5,151.2,-62.5,0,-0.632,-1.26,2.06,235.1,52.4,474.1,341.7,-0.632,-1.26,2.06,306.8,160.9,402.4,233.2,GRASPED,1,0.119,0,IDLE,1.0,System initialized. Awaiting box opening.
16,4.909,2026-09-16T13:45:56.584523Z,12.9,1,BOX_OPENED,GRASPING COMPONENT BOX,NONE,Box opened. Next step: Please take out the object.,59.9,OPEN,-0.681,-0.252,1.2,-0.68,-1.168,2.114,123.5,150.1,-62.1,0,-0.629,-1.261,2.06,235.5,52.3,478.8,339.4,-0.629,-1.261,2.06,308.5,160.0,405.8,231.7,GRASPED,1,0.12,0,IDLE,1.0,System initialized. Awaiting box opening.
17,4.974,2026-09-16T13:45:56.649462Z,16.3,1,BOX_OPENED,APPROACHING COMPONENT BOX,NONE,Box opened. Next step: Please take out the object.,59.2,OPEN,-0.68,-0.252,1.2,-0.68,-1.169,2.113,123.1,151.0,-62.2,0,-0.628,-1.263,2.059,235.8,50.8,480.4,337.1,-0.628,-1.263,2.059,309.2,158.2,407.0,229.7,APPROACHED,1,0.121,0,IDLE,1.0,System initialized. Awaiting box opening.
18,5.041,2026-09-16T13:45:56.715851Z,16.0,1,BOX_OPENED,APPROACHING COMPONENT BOX,NONE,Box opened. Next step: Please take out the object.,58.9,OPEN,-0.68,-0.253,1.2,-0.68,-1.169,2.113,123.5,151.7,-62.8,0,-0.627,-1.266,2.057,236.1,47.8,482.9,333.3,-0.627,-1.266,2.057,310.2,154.8,408.9,226.2,APPROACHED,1,0.124,0,IDLE,1.0,System initialized. Awaiting box opening.
19,5.108,2026-09-16T13:45:56.783716Z,16.0,1,BOX_OPENED,APPROACHING COMPONENT BOX,NONE,Box opened. Next step: Please take out the object.,58.4,OPEN,-0.68,-0.253,1.2,-0.68,-1.169,2.113,122.8,151.8,-62.7,0,-0.626,-1.268,2.056,235.7,46.9,484.1,329.9,-0.626,-1.268,2.056,310.2,153.0,409.6,223.8,APPROACHED,1,0.126,0,IDLE,1.0,System initialized. Awaiting box opening.
20,5.181,2026-09-16T13:45:56.856064Z,12.6,1,BOX_OPENED,APPROACHING COMPONENT BOX,NONE,Box opened. Next step: Please take out the object.,57.9,OPEN,-0.679,-0.254,1.2,-0.68,-1.17,2.112,122.5,151.6,-62.9,0,-0.625,-1.268,2.055,235.8,47.5,485.6,327.7,-0.625,-1.268,2.055,310.7,152.6,410.6,222.6,APPROACHED,1,0.126,0,IDLE,1.0,System initialized. Awaiting box opening.
21,5.235,2026-09-16T13:45:56.910744Z,16.2,1,BOX_OPENED,APPROACHING COMPONENT BOX,NONE,Box opened. Next step: Please take out the object.,57.5,OPEN,-0.675,-0.255,1.2,-0.677,-1.171,2.112,117.2,150.2,-62.4,0,-0.625,-1.267,2.056,235.7,47.7,487.3,330.4,-0.625,-1.267,2.056,311.2,153.7,411.8,224.4,APPROACHED,1,0.123,0,IDLE,1.0,System initialized. Awaiting box opening.
22,5.298,2026-09-16T13:45:56.973622Z,16.1,1,BOX_OPENED,APPROACHING COMPONENT BOX,NONE,Box opened. Next step: Please take out the object.,57.3,OPEN,-0.675,-0.255,1.2,-0.673,-1.171,2.112,117.5,150.2,-62.5,0,-0.625,-1.269,2.055,235.4,46.1,487.4,327.9,-0.625,-1.269,2.055,311.0,151.7,411.8,222.2,APPROACHED,1,0.124,0,IDLE,1.0,System initialized. Awaiting box opening.
23,5.362,2026-09-16T13:45:57.037353Z,15.8,1,BOX_OPENED,APPROACHING COMPONENT BOX,NONE,Box opened. Next step: Please take out the object.,57.3,OPEN,-0.676,-0.253,1.2,-0.674,-1.17,2.113,118.2,150.2,-62.0,0,-0.625,-1.271,2.054,235.2,45.4,487.2,324.0,-0.625,-1.271,2.054,310.8,149.8,411.6,219.5,APPROACHED,1,0.127,0,IDLE,1.0,System initialized. Awaiting box opening.
24,5.434,2026-09-16T13:45:57.109397Z,15.9,1,BOX_OPENED,APPROACHING COMPONENT BOX,NONE,Box opened. Next step: Please take out the object.,57.3,OPEN,-0.679,-0.254,1.2,-0.676,-1.169,2.113,126.4,153.5,-65.2,0,-0.625,-1.271,2.054,234.8,46.7,487.0,321.9,-0.625,-1.271,2.054,310.5,149.9,411.3,218.7,APPROACHED,1,0.129,0,IDLE,1.0,System initialized. Awaiting box opening.
25,5.523,2026-09-16T13:45:57.197861Z,12.8,1,BOX_OPENED,APPROACHING COMPONENT BOX,NONE,Box opened. Next step: Please take out the object.,57.2,OPEN,-0.679,-0.253,1.2,-0.679,-1.169,2.113,126.3,153.3,-65.1,0,-0.626,-1.27,2.054,234.1,48.4,486.1,322.4,-0.626,-1.27,2.054,309.7,151.2,410.5,219.7,APPROACHED,1,0.128,0,IDLE,1.0,System initialized. Awaiting box opening.
26,5.589,2026-09-16T13:45:57.264324Z,12.7,1,BOX_OPENED,APPROACHING COMPONENT BOX,NONE,Box opened. Next step: Please take out the object.,57.5,OPEN,-0.679,-0.252,1.2,-0.679,-1.168,2.114,122.8,152.5,-63.2,0,-0.625,-1.27,2.055,233.9,46.7,487.3,325.8,-0.625,-1.27,2.055,309.9,151.4,411.3,221.2,APPROACHED,1,0.129,0,IDLE,1.0,System initialized. Awaiting box opening.
27,5.656,2026-09-16T13:45:57.331205Z,12.9,1,BOX_OPENED,APPROACHING COMPONENT BOX,NONE,Box opened. Next step: Please take out the object.,57.5,OPEN,-0.68,-0.253,1.2,-0.679,-1.169,2.113,122.2,151.9,-62.5,0,-0.625,-1.267,2.056,233.8,51.9,487.8,327.2,-0.625,-1.267,2.056,310.0,155.1,411.6,223.9,APPROACHED,1,0.126,0,IDLE,1.0,System initialized. Awaiting box opening.
28,5.723,2026-09-16T13:45:57.398381Z,15.9,1,BOX_OPENED,APPROACHING COMPONENT BOX,NONE,Box opened. Next step: Please take out the object.,57.5,OPEN,-0.679,-0.252,1.2,-0.679,-1.169,2.113,121.8,150.9,-62.0,0,-0.625,-1.264,2.058,233.9,55.4,489.0,329.4,-0.625,-1.264,2.058,310.5,158.2,412.5,226.7,APPROACHED,1,0.123,0,IDLE,1.0,System initialized. Awaiting box opening.
29,5.789,2026-09-16T13:45:57.463896Z,16.1,1,BOX_OPENED,APPROACHING COMPONENT BOX,NONE,Box opened. Next step: Please take out the object.,57.7,OPEN,-0.679,-0.251,1.2,-0.679,-1.168,2.113,123.7,151.4,-62.5,0,-0.625,-1.262,2.059,232.9,55.8,489.8,334.0,-0.625,-1.262,2.059,310.0,160.1,412.7,229.7,APPROACHED,1,0.121,0,IDLE,1.0,System initialized. Awaiting box opening.
30,5.851,2026-09-16T13:45:57.526202Z,16.2,1,BOX_OPENED,GRASPING COMPONENT BOX,NONE,Box opened. Next step: Please take out the object.,57.9,OPEN,-0.68,-0.25,1.2,-0.679,-1.167,2.114,121.8,150.2,-61.5,0,-0.626,-1.259,2.061,232.0,57.7,488.6,338.1,-0.626,-1.259,2.061,309.0,162.8,411.6,232.9,GRASPED,1,0.119,0,IDLE,1.0,System initialized. Awaiting box opening.
31,5.926,2026-09-16T13:45:57.601313Z,12.5,1,BOX_OPENED,GRASPING COMPONENT BOX,NONE,Box opened. Next step: Please take out the object.,58.1,OPEN,-0.681,-0.248,1.2,-0.68,-1.166,2.114,122.2,151.0,-61.6,0,-0.627,-1.257,2.062,230.4,58.7,488.7,342.8,-0.627,-1.257,2.062,307.9,165.3,411.2,236.3,GRASPED,1,0.117,0,IDLE,1.0,System initialized. Awaiting box opening.
32,5.99,2026-09-16T13:45:57.665728Z,15.8,1,BOX_OPENED,GRASPING COMPONENT BOX,NONE,Box opened. Next step: Please take out the object.,58.4,OPEN,-0.681,-0.25,1.2,-0.681,-1.166,2.114,123.2,152.1,-62.1,0,-0.626,-1.255,2.063,231.0,58.5,488.4,346.0,-0.626,-1.255,2.063,308.2,166.3,411.2,238.2,GRASPED,1,0.116,0,IDLE,1.0,System initialized. Awaiting box opening.
33,6.067,2026-09-16T13:45:57.742775Z,16.3,1,BOX_OPENED,GRASPING COMPONENT BOX,NONE,Box opened. Next step: Please take out the object.,58.6,OPEN,-0.681,-0.25,1.2,-0.681,-1.167,2.114,123.3,152.8,-61.8,0,-0.626,-1.253,2.064,231.2,59.2,488.7,349.4,-0.626,-1.253,2.064,308.5,168.0,411.5,240.6,GRASPED,1,0.113,0,IDLE,1.0,System initialized. Awaiting box opening.
34,6.132,2026-09-16T13:45:57.806791Z,12.9,1,BOX_OPENED,GRASPING COMPONENT BOX,NONE,Box opened. Next step: Please take out the object.,58.8,OPEN,-0.681,-0.25,1.2,-0.681,-1.167,2.114,121.8,152.3,-61.0,0,-0.627,-1.252,2.065,231.0,59.7,487.4,351.5,-0.627,-1.252,2.065,307.9,169.1,410.4,242.1,GRASPED,1,0.112,0,IDLE,1.0,System initialized. Awaiting box opening.
35,6.194,2026-09-16T13:45:57.869314Z,15.8,1,BOX_OPENED,GRASPING COMPONENT BOX,NONE,Box opened. Next step: Please take out the object.,59.0,OPEN,-0.681,-0.25,1.2,-0.681,-1.167,2.114,121.5,152.5,-61.1,0,-0.628,-1.252,2.065,231.4,61.7,485.7,350.5,-0.628,-1.252,2.065,307.7,170.0,409.4,242.2,GRASPED,1,0.111,0,IDLE,1.0,System initialized. Awaiting box opening.
36,6.279,2026-09-16T13:45:57.954165Z,15.7,1,BOX_OPENED,GRASPING COMPONENT BOX,NONE,Box opened. Next step: Please take out the object.,59.4,OPEN,-0.68,-0.251,1.2,-0.68,-1.167,2.114,120.9,152.6,-61.0,0,-0.628,-1.252,2.065,232.0,62.1,484.8,349.0,-0.628,-1.252,2.065,307.9,169.7,409.0,241.4,GRASPED,1,0.112,0,IDLE,1.0,System initialized. Awaiting box opening.
37,6.361,2026-09-16T13:45:58.036009Z,10.9,1,BOX_OPENED,GRASPING COMPONENT BOX,NONE,Box opened. Next step: Please take out the object.,59.8,OPEN,-0.68,-0.25,1.2,-0.68,-1.167,2.114,121.5,153.4,-61.5,0,-0.628,-1.252,2.065,232.5,61.8,484.6,349.4,-0.628,-1.252,2.065,308.2,169.7,409.0,241.6,GRASPED,1,0.112,0,IDLE,1.0,System initialized. Awaiting box opening.
38,6.423,2026-09-16T13:45:58.098772Z,12.9,1,BOX_OPENED,GRASPING COMPONENT BOX,NONE,Box opened. Next step: Please take out the object.,60.4,OPEN,-0.679,-0.25,1.2,-0.68,-1.167,2.114,122.1,153.4,-61.6,0,-0.627,-1.252,2.065,233.5,62.0,484.7,348.8,-0.627,-1.252,2.065,308.8,169.5,409.3,241.3,GRASPED,1,0.112,0,IDLE,1.0,System initialized. Awaiting box opening.
39,6.484,2026-09-16T13:45:58.159528Z,16.1,1,BOX_OPENED,GRASPING COMPONENT BOX,NONE,Box opened. Next step: Please take out the object.,60.8,OPEN,-0.678,-0.25,1.2,-0.679,-1.167,2.114,121.3,152.8,-61.4,0,-0.627,-1.25,2.066,233.5,65.9,484.1,350.3,-0.627,-1.25,2.066,308.7,172.5,408.9,243.6,GRASPED,1,0.109,0,IDLE,1.0,System initialized. Awaiting box opening.
40,6.546,2026-09-16T13:45:58.221551Z,16.0,1,BOX_OPENED,GRASPING COMPONENT BOX,NONE,Box opened. Next step: Please take out the object.,61.1,OPEN,-0.678,-0.248,1.2,-0.678,-1.166,2.115,120.9,152.5,-61.3,0,-0.627,-1.249,2.067,233.1,66.6,484.5,352.0,-0.627,-1.249,2.067,308.5,173.6,409.1,244.9,GRASPED,1,0.109,0,IDLE,1.0,System initialized. Awaiting box opening.
41,6.627,2026-09-16T13:45:58.301835Z,15.8,1,BOX_OPENED,GRASPING COMPONENT BOX,NONE,Box opened. Next step: Please take out the object.,61.2,OPEN,-0.677,-0.247,1.2,-0.677,-1.164,2.116,120.4,152.0,-61.4,0,-0.627,-1.249,2.067,232.9,65.5,485.8,353.5,-0.627,-1.249,2.067,308.8,173.5,409.9,245.5,GRASPED,1,0.11,0,IDLE,1.0,System initialized. Awaiting box opening.
42,6.702,2026-09-16T13:45:58.377099Z,12.9,1,BOX_OPENED,GRASPING COMPONENT BOX,NONE,Box opened. Next step: Please take out the object.,61.6,OPEN,-0.677,-0.248,1.2,-0.677,-1.164,2.116,119.7,151.1,-60.9,0,-0.626,-1.25,2.066,233.1,62.8,487.1,354.0,-0.626,-1.25,2.066,309.3,172.0,410.9,244.8,GRASPED,1,0.111,0,IDLE,1.0,System initialized. Awaiting box opening.
43,6.768,2026-09-16T13:45:58.443441Z,12.9,1,BOX_OPENED,GRASPING COMPONENT BOX,NONE,Box opened. Next step: Please take out the object.,61.9,OPEN,-0.677,-0.25,1.2,-0.677,-1.166,2.115,119.5,151.0,-60.9,0,-0.626,-1.249,2.066,232.9,61.8,487.2,355.4,-0.626,-1.249,2.066,309.2,171.9,410.9,245.3,GRASPED,1,0.109,0,IDLE,1.0,System initialized. Awaiting box opening.
44,6.831,2026-09-16T13:45:58.505955Z,15.7,1,BOX_OPENED,GRASPING COMPONENT BOX,NONE,Box opened. Next step: Please take out the object.,62.1,OPEN,-0.677,-0.251,1.2,-0.677,-1.166,2.114,119.2,151.1,-60.8,0,-0.626,-1.25,2.066,232.7,63.5,486.7,352.7,-0.626,-1.25,2.066,308.9,172.0,410.5,244.3,GRASPED,1,0.109,0,IDLE,1.0,System initialized. Awaiting box opening.
45,6.893,2026-09-16T13:45:58.568712Z,16.0,1,BOX_OPENED,GRASPING COMPONENT BOX,NONE,Box opened. Next step: Please take out the object.,62.4,OPEN,-0.676,-0.252,1.2,-0.677,-1.167,2.114,117.6,151.0,-60.7,0,-0.627,-1.252,2.065,232.4,61.9,486.3,350.7,-0.627,-1.252,2.065,308.6,170.2,410.1,242.4,GRASPED,1,0.109,0,IDLE,1.0,System initialized. Awaiting box opening.
46,7.004,2026-09-16T13:45:58.679022Z,9.0,1,BOX_OPENED,GRASPING COMPONENT BOX,NONE,Box opened. Next step: Please take out the object.,62.6,OPEN,-0.677,-0.253,1.2,-0.676,-1.169,2.113,117.0,150.8,-60.5,0,-0.627,-1.252,2.065,231.7,60.7,485.9,350.3,-0.627,-1.252,2.065,307.9,169.3,409.6,241.7,GRASPED,1,0.108,0,IDLE,1.0,System initialized. Awaiting box opening.
47,7.066,2026-09-16T13:45:58.740790Z,16.0,1,BOX_OPENED,GRASPING COMPONENT BOX,NONE,Box opened. Next step: Please take out the object.,62.6,OPEN,-0.676,-0.254,1.2,-0.677,-1.169,2.113,116.9,151.2,-61.0,0,-0.628,-1.252,2.065,231.6,63.5,485.2,348.5,-0.628,-1.252,2.065,307.7,170.4,409.1,241.6,GRASPED,1,0.107,0,IDLE,1.0,System initialized. Awaiting box opening.
48,7.144,2026-09-16T13:45:58.819372Z,16.0,1,BOX_OPENED,GRASPING COMPONENT BOX,NONE,Box opened. Next step: Please take out the object.,62.9,OPEN,-0.671,-0.257,1.2,-0.674,-1.171,2.112,107.7,149.0,-60.5,0,-0.628,-1.253,2.064,230.6,62.2,484.9,347.4,-0.628,-1.253,2.064,306.9,169.2,408.6,240.5,GRASPED,1,0.105,0,IDLE,1.0,System initialized. Awaiting box opening.
49,7.202,2026-09-16T13:45:58.877288Z,12.9,1,BOX_OPENED,GRASPING COMPONENT BOX,NONE,Box opened. Next step: Please take out the object.,63.1,OPEN,-0.677,-0.257,1.2,-0.674,-1.173,2.111,114.7,151.3,-61.1,0,-0.63,-1.254,2.064,228.9,57.7,484.3,348.8,-0.63,-1.254,2.064,305.5,166.9,407.7,239.7,GRASPED,1,0.104,0,IDLE,1.0,System initialized. Awaiting box opening.
50,7.264,2026-09-16T13:45:58.939702Z,16.2,1,BOX_OPENED,GRASPING COMPONENT BOX,NONE,Box opened. Next step: Please take out the object.,63.2,OPEN,-0.678,-0.258,1.2,-0.681,-1.173,2.111,116.9,150.8,-62.3,0,-0.63,-1.253,2.064,228.8,60.4,483.8,348.1,-0.63,-1.253,2.064,305.3,168.3,407.3,240.2,GRASPED,1,0.106,0,IDLE,1.0,System initialized. Awaiting box opening.
51,7.331,2026-09-16T13:45:59.005855Z,16.1,1,BOX_OPENED,GRASPING COMPONENT BOX,NONE,Box opened. Next step: Please take out the object.,63.2,OPEN,-0.678,-0.259,1.2,-0.682,-1.173,2.11,117.2,151.6,-62.5,0,-0.63,-1.253,2.064,228.1,61.1,484.0,348.1,-0.63,-1.253,2.064,304.8,168.7,407.2,240.5,GRASPED,1,0.106,0,IDLE,1.0,System initialized. Awaiting box opening.
52,7.399,2026-09-16T13:45:59.074315Z,16.2,1,BOX_OPENED,GRASPING COMPONENT BOX,NONE,Box opened. Next step: Please take out the object.,63.5,OPEN,-0.679,-0.261,1.2,-0.683,-1.174,2.109,116.1,151.3,-62.2,0,-0.63,-1.255,2.063,228.1,57.3,483.5,347.9,-0.63,-1.255,2.063,304.7,166.3,406.9,238.9,GRASPED,1,0.106,0,IDLE,1.0,System initialized. Awaiting box opening.
53,7.463,2026-09-16T13:45:59.138565Z,15.8,1,BOX_OPENED,GRASPING COMPONENT BOX,NONE,Box opened. Next step: Please take out the object.,63.6,OPEN,-0.679,-0.263,1.2,-0.681,-1.176,2.108,115.3,150.5,-62.0,0,-0.63,-1.254,2.064,227.9,57.2,484.7,350.2,-0.63,-1.254,2.064,304.9,167.1,407.7,240.3,GRASPED,1,0.103,0,IDLE,1.0,System initialized. Awaiting box opening.
54,7.532,2026-09-16T13:45:59.207234Z,12.9,1,BOX_OPENED,GRASPING COMPONENT BOX,NONE,Box opened. Next step: Please take out the object.,63.6,OPEN,-0.679,-0.265,1.2,-0.68,-1.178,2.108,112.0,150.9,-60.6,0,-0.63,-1.253,2.064,228.0,60.9,484.5,348.9,-0.63,-1.253,2.064,305.0,168.9,407.5,240.9,GRASPED,1,0.1,0,IDLE,1.0,System initialized. Awaiting box opening.
55,7.594,2026-09-16T13:45:59.268797Z,15.8,1,BOX_OPENED,GRASPING COMPONENT BOX,NONE,Box opened. Next step: Please take out the object.,63.7,OPEN,-0.68,-0.264,1.2,-0.68,-1.178,2.108,115.7,151.1,-62.0,0,-0.63,-1.255,2.063,228.7,59.5,484.4,346.2,-0.63,-1.255,2.063,305.4,167.0,407.7,238.7,GRASPED,1,0.102,0,IDLE,1.0,System initialized. Awaiting box opening.
56,7.656,2026-09-16T13:45:59.331114Z,15.9,1,BOX_OPENED,GRASPING COMPONENT BOX,NONE,Box opened. Next step: Please take out the object.,63.8,OPEN,-0.681,-0.263,1.2,-0.681,-1.176,2.109,115.0,150.8,-61.8,0,-0.629,-1.254,2.064,229.3,61.2,484.4,346.5,-0.629,-1.254,2.064,305.8,168.2,407.9,239.5,GRASPED,1,0.103,0,IDLE,1.0,System initialized. Awaiting box opening.
57,7.723,2026-09-16T13:45:59.397897Z,16.0,1,BOX_OPENED,GRASPING COMPONENT BOX,NONE,Box opened. Next step: Please take out the object.,63.7,OPEN,-0.681,-0.263,1.2,-0.682,-1.176,2.109,115.3,151.3,-62.2,0,-0.629,-1.252,2.065,229.7,65.3,483.9,346.8,-0.629,-1.252,2.065,306.0,170.9,407.7,241.2,GRASPED,1,0.102,0,IDLE,1.0,System initialized. Awaiting box opening.
58,7.796,2026-09-16T13:45:59.471021Z,16.4,1,BOX_OPENED,GRASPING COMPONENT BOX,NONE,Box opened. Next step: Please take out the object.,63.5,OPEN,-0.683,-0.265,1.2,-0.682,-1.177,2.108,116.2,150.1,-62.2,0,-0.629,-1.251,2.065,229.8,66.7,484.0,346.1,-0.629,-1.251,2.065,306.0,171.5,407.7,241.3,GRASPED,1,0.101,0,IDLE,1.0,System initialized. Awaiting box opening.
59,7.868,2026-09-16T13:45:59.543310Z,12.8,1,BOX_OPENED,GRASPING COMPONENT BOX,NONE,Box opened. Next step: Please take out the object.,63.3,OPEN,-0.684,-0.264,1.2,-0.684,-1.177,2.108,116.6,150.6,-62.4,0,-0.629,-1.253,2.065,230.1,66.4,484.4,344.1,-0.629,-1.253,2.065,306.4,170.5,408.1,240.0,GRASPED,1,0.103,0,IDLE,1.0,System initialized. Awaiting box opening.
60,7.937,2026-09-16T13:45:59.611894Z,13.0,1,BOX_OPENED,GRASPING COMPONENT BOX,NONE,Box opened. Next step: Please take out the object.,62.9,OPEN,-0.686,-0.264,1.2,-0.684,-1.176,2.108,118.2,150.2,-62.4,0,-0.628,-1.25,2.066,231.6,71.4,483.9,343.9,-0.628,-1.25,2.066,307.3,173.6,408.2,241.7,GRASPED,1,0.102,0,IDLE,1.0,System initialized. Awaiting box opening.
61,8.018,2026-09-16T13:45:59.692936Z,12.6,1,BOX_OPENED,GRASPING COMPONENT BOX,NONE,Box opened. Next step: Please take out the object.,62.6,OPEN,-0.688,-0.263,1.2,-0.687,-1.176,2.108,120.0,150.1,-62.1,0,-0.628,-1.249,2.066,232.3,72.9,483.4,344.5,-0.628,-1.249,2.066,307.6,174.8,408.1,242.7,GRASPED,1,0.103,0,IDLE,1.0,System initialized. Awaiting box opening.
62,8.109,2026-09-16T13:45:59.783970Z,16.2,1,BOX_OPENED,GRASPING COMPONENT BOX,NONE,Box opened. Next step: Please take out the object.,62.2,OPEN,-0.685,-0.268,1.2,-0.687,-1.178,2.107,106.9,146.9,-59.6,0,-0.627,-1.248,2.067,234.3,74.7,484.5,346.5,-0.627,-1.248,2.067,309.4,176.6,409.4,244.6,GRASPED,1,0.1,0,IDLE,1.0,System initialized. Awaiting box opening.
63,8.169,2026-09-16T13:45:59.844152Z,10.6,1,BOX_OPENED,GRASPING COMPONENT BOX,NONE,Box opened. Next step: Please take out the object.,61.7,OPEN,-0.686,-0.267,1.2,-0.685,-1.18,2.106,110.1,147.9,-59.9,0,-0.627,-1.248,2.067,234.6,74.5,484.6,346.3,-0.627,-1.248,2.067,309.6,176.4,409.6,244.4,GRASPED,1,0.098,0,IDLE,0.88,Deterministic kinematic fallback verification.
64,8.265,2026-09-16T13:45:59.940167Z,15.8,1,BOX_OPENED,GRASPING COMPONENT BOX,NONE,Box opened. Next step: Please take out the object.,61.4,OPEN,-0.685,-0.264,1.2,-0.687,-1.176,2.109,112.9,148.9,-60.8,0,-0.626,-1.248,2.067,235.0,73.5,484.6,347.9,-0.626,-1.248,2.067,309.8,176.4,409.7,245.0,GRASPED,1,0.102,0,IDLE,0.88,Deterministic kinematic fallback verification.
65,8.328,2026-09-16T13:46:00.003090Z,10.7,1,BOX_OPENED,GRASPING COMPONENT BOX,NONE,Box opened. Next step: Please take out the object.,61.4,OPEN,-0.684,-0.262,1.2,-0.686,-1.171,2.111,117.9,151.0,-62.8,0,-0.626,-1.25,2.066,237.7,70.1,482.8,346.6,-0.626,-1.25,2.066,311.2,173.8,409.3,242.9,GRASPED,1,0.109,0,IDLE,0.88,Deterministic kinematic fallback verification.
66,8.398,2026-09-16T13:46:00.072785Z,16.2,1,BOX_OPENED,GRASPING COMPONENT BOX,NONE,Box opened. Next step: Please take out the object.,61.3,OPEN,-0.681,-0.257,1.2,-0.683,-1.172,2.111,123.7,152.9,-65.1,0,-0.621,-1.247,2.068,244.0,71.7,485.8,351.5,-0.621,-1.247,2.068,316.5,176.6,413.3,246.6,GRASPED,1,0.106,0,IDLE,0.88,Deterministic kinematic fallback verification.
67,8.468,2026-09-16T13:46:00.143201Z,12.8,1,BOX_OPENED,GRASPING COMPONENT BOX,NONE,Box opened. Next step: Please take out the object.,61.4,OPEN,-0.679,-0.252,1.2,-0.68,-1.17,2.112,129.3,156.2,-67.1,0,-0.619,-1.246,2.068,245.7,71.7,487.0,353.7,-0.619,-1.246,2.068,318.1,177.5,414.6,248.0,GRASPED,1,0.107,0,IDLE,0.88,Deterministic kinematic fallback verification.
68,8.545,2026-09-16T13:46:00.220448Z,16.1,1,BOX_OPENED,GRASPING COMPONENT BOX,NONE,Box opened. Next step: Please take out the object.,61.6,OPEN,-0.676,-0.246,1.2,-0.678,-1.166,2.115,129.3,155.4,-66.7,0,-0.619,-1.243,2.07,246.0,69.2,487.7,363.0,-0.619,-1.243,2.07,318.5,179.4,415.2,252.8,GRASPED,1,0.107,0,IDLE,0.88,Deterministic kinematic fallback verification.
69,8.668,2026-09-16T13:46:00.342991Z,12.7,1,BOX_OPENED,GRASPING COMPONENT BOX,NONE,Box opened. Next step: Please take out the object.,61.7,OPEN,-0.674,-0.232,1.2,-0.675,-1.157,2.12,136.1,159.8,-70.4,0,-0.619,-1.24,2.072,244.9,68.9,488.1,369.4,-0.619,-1.24,2.072,317.9,181.6,415.1,256.7,GRASPED,1,0.111,0,IDLE,0.88,Deterministic kinematic fallback verification.
70,8.751,2026-09-16T13:46:00.426525Z,8.0,1,BOX_OPENED,GRASPING COMPONENT BOX,NONE,Box opened. Next step: Please take out the object.,61.9,OPEN,-0.674,-0.227,1.2,-0.674,-1.149,2.125,137.0,160.0,-70.4,0,-0.619,-1.237,2.073,245.4,68.9,487.6,375.0,-0.619,-1.237,2.073,318.0,183.7,414.9,260.2,GRASPED,1,0.117,0,IDLE,0.88,Deterministic kinematic fallback verification.
71,8.815,2026-09-16T13:46:00.490163Z,12.7,1,BOX_OPENED,APPROACHING COMPONENT BOX,NONE,Box opened. Next step: Please take out the object.,61.8,OPEN,-0.675,-0.224,1.2,-0.676,-1.147,2.126,138.0,159.8,-70.0,0,-0.619,-1.241,2.071,245.3,69.1,487.8,366.3,-0.619,-1.241,2.071,318.1,180.6,415.0,254.9,APPROACHED,1,0.122,0,IDLE,0.88,Deterministic kinematic fallback verification.
72,8.873,2026-09-16T13:46:00.547869Z,16.2,1,BOX_OPENED,HOLDING YELLOW BOX,NONE,Box opened. Next step: Please take out the object.,46.3,OPEN,-0.676,-0.22,1.2,-0.677,-1.145,2.127,141.5,161.7,-71.4,0,0.0,0.0,0.0,0.0,0.0,0.0,0.0,0.0,0.0,0.0,0.0,0.0,0.0,0.0,DOCKED,1,0.5,0,IDLE,0.88,Deterministic kinematic fallback verification.
73,8.936,2026-09-16T13:46:00.611742Z,16.1,1,BOX_OPENED,HOLDING YELLOW BOX [ROM LIMIT],NONE,Box opened. Next step: Please take out the object.,34.8,OPEN,-0.68,-0.211,1.2,-0.68,-1.139,2.131,145.0,161.4,-71.5,1,0.0,0.0,0.0,0.0,0.0,0.0,0.0,0.0,0.0,0.0,0.0,0.0,0.0,0.0,DOCKED,1,0.5,0,IDLE,0.88,Deterministic kinematic fallback verification.
74,9.006,2026-09-16T13:46:00.681204Z,16.1,1,BOX_OPENED,APPROACHING COMPONENT BOX [ROM LIMIT],NONE,Box opened. Next step: Please take out the object.,41.2,OPEN,-0.679,-0.207,1.2,-0.683,-1.132,2.134,145.0,162.2,-72.9,1,-0.618,-1.245,2.069,247.2,67.8,488.5,358.8,-0.618,-1.245,2.069,319.6,176.9,416.1,249.7,APPROACHED,1,0.146,0,IDLE,0.88,Deterministic kinematic fallback verification.
75,9.066,2026-09-16T13:46:00.741018Z,15.8,1,BOX_OPENED,APPROACHING COMPONENT BOX [ROM LIMIT],NONE,Box opened. Next step: Please take out the object.,45.8,OPEN,-0.67,-0.193,1.2,-0.677,-1.124,2.139,145.0,167.0,-77.8,1,-0.619,-1.244,2.069,246.0,69.2,487.8,359.4,-0.619,-1.244,2.069,318.5,178.0,415.2,250.6,APPROACHED,1,0.15,0,IDLE,0.88,Deterministic kinematic fallback verification.
76,9.151,2026-09-16T13:46:00.826742Z,12.9,1,BOX_OPENED,APPROACHING COMPONENT BOX [ROM LIMIT],NONE,Box opened. Next step: Please take out the object.,49.2,OPEN,-0.674,-0.185,1.2,-0.671,-1.111,2.146,145.0,166.3,-77.6,1,-0.619,-1.243,2.07,245.5,69.7,488.1,361.2,-0.619,-1.243,2.07,318.3,179.0,415.3,251.9,APPROACHED,1,0.161,0,IDLE,0.88,Deterministic kinematic fallback verification.
77,9.214,2026-09-16T13:46:00.889716Z,12.9,1,BOX_OPENED,APPROACHING COMPONENT BOX [ROM LIMIT],NONE,Box opened. Next step: Please take out the object.,51.6,OPEN,-0.674,-0.183,1.2,-0.675,-1.108,2.148,145.0,166.2,-77.6,1,-0.619,-1.243,2.07,245.2,70.1,489.0,361.3,-0.619,-1.243,2.07,318.3,179.3,415.8,252.1,APPROACHED,1,0.166,0,IDLE,0.88,Deterministic kinematic fallback verification.
78,9.298,2026-09-16T13:46:00.973687Z,19.4,1,BOX_OPENED,APPROACHING COMPONENT BOX [ROM LIMIT],NONE,Box opened. Next step: Please take out the object.,53.3,OPEN,-0.667,-0.186,1.2,-0.671,-1.11,2.147,145.0,167.9,-79.5,1,-0.617,-1.244,2.07,247.2,69.6,489.7,360.1,-0.617,-1.244,2.07,320.0,178.6,416.9,251.2,APPROACHED,1,0.164,0,IDLE,0.88,Deterministic kinematic fallback verification.
79,9.353,2026-09-16T13:46:01.028017Z,11.5,1,BOX_OPENED,APPROACHING COMPONENT BOX [ROM LIMIT],NONE,Box opened. Next step: Please take out the object.,54.4,OPEN,-0.665,-0.186,1.2,-0.666,-1.113,2.146,145.0,167.7,-79.2,1,-0.617,-1.245,2.069,247.0,67.5,490.4,360.5,-0.617,-1.245,2.069,320.0,177.4,417.4,250.6,APPROACHED,1,0.16,0,IDLE,0.88,Deterministic kinematic fallback verification.
80,9.418,2026-09-16T13:46:01.093763Z,16.0,1,BOX_OPENED,APPROACHING COMPONENT BOX [ROM LIMIT],NONE,Box opened. Next step: Please take out the object.,56.1,OPEN,-0.664,-0.187,1.2,-0.666,-1.113,2.146,145.0,167.8,-78.9,1,-0.615,-1.258,2.062,242.6,42.8,498.3,356.1,-0.615,-1.258,2.062,319.3,160.3,421.6,238.6,APPROACHED,1,0.175,0,IDLE,0.88,Deterministic kinematic fallback verification.
81,9.481,2026-09-16T13:46:01.156446Z,16.1,1,BOX_OPENED,APPROACHING COMPONENT BOX [ROM LIMIT],NONE,Box opened. Next step: Please take out the object.,59.7,OPEN,-0.663,-0.19,1.2,-0.666,-1.114,2.145,145.0,167.4,-79.1,1,-0.614,-1.266,2.057,244.9,26.0,498.6,353.9,-0.614,-1.266,2.057,321.0,148.9,422.5,230.9,APPROACHED,1,0.183,0,IDLE,0.88,Deterministic kinematic fallback verification.
82,9.541,2026-09-16T13:46:01.216586Z,16.2,1,BOX_OPENED,APPROACHING COMPONENT BOX [ROM LIMIT],NONE,Box opened. Next step: Please take out the object.,61.9,OPEN,-0.664,-0.197,1.2,-0.666,-1.119,2.142,145.0,166.4,-79.5,1,-0.613,-1.267,2.056,246.1,25.2,499.5,354.0,-0.613,-1.267,2.056,322.1,148.5,423.5,230.7,APPROACHED,1,0.179,0,IDLE,0.88,Deterministic kinematic fallback verification.
83,9.602,2026-09-16T13:46:01.276865Z,16.3,1,BOX_OPENED,APPROACHING COMPONENT BOX [ROM LIMIT],NONE,Box opened. Next step: Please take out the object.,63.9,OPEN,-0.664,-0.205,1.2,-0.667,-1.126,2.138,145.0,165.5,-77.9,1,-0.612,-1.268,2.056,247.0,21.7,500.0,354.3,-0.612,-1.268,2.056,322.9,146.4,424.1,229.6,APPROACHED,1,0.173,0,IDLE,0.88,Deterministic kinematic fallback verification.
84,9.668,2026-09-16T13:46:01.343145Z,16.2,1,BOX_OPENED,APPROACHING COMPONENT BOX [ROM LIMIT],NONE,Box opened. Next step: Please take out the object.,65.1,OPEN,-0.677,-0.224,1.2,-0.674,-1.139,2.13,145.0,162.2,-75.0,1,-0.612,-1.268,2.055,246.5,20.7,499.7,354.5,-0.612,-1.268,2.055,322.4,145.9,423.7,229.3,APPROACHED,1,0.162,0,IDLE,0.88,Deterministic kinematic fallback verification.
85,9.729,2026-09-16T13:46:01.403798Z,16.2,1,BOX_OPENED,APPROACHING COMPONENT BOX [ROM LIMIT],NONE,Box opened. Next step: Please take out the object.,66.0,OPEN,-0.673,-0.225,1.2,-0.681,-1.15,2.124,145.0,161.8,-74.6,1,-0.613,-1.267,2.056,244.8,18.2,499.8,359.1,-0.613,-1.267,2.056,321.3,146.1,423.3,231.3,APPROACHED,1,0.152,0,IDLE,0.88,Deterministic kinematic fallback verification.
86,9.791,2026-09-16T13:46:01.465850Z,16.1,1,BOX_OPENED,APPROACHING COMPONENT BOX,NONE,Box opened. Next step: Please take out the object.,65.6,OPEN,-0.663,-0.222,1.2,-0.671,-1.146,2.126,138.5,160.8,-73.5,0,-0.614,-1.266,2.057,249.5,24.2,493.9,355.9,-0.614,-1.266,2.057,322.9,148.6,420.6,231.5,APPROACHED,1,0.15,0,IDLE,0.88,Deterministic kinematic fallback verification.
87,9.85,2026-09-16T13:46:01.525341Z,16.3,1,BOX_OPENED,APPROACHING COMPONENT BOX,NONE,Box opened. Next step: Please take out the object.,63.4,OPEN,-0.675,-0.236,1.2,-0.669,-1.149,2.125,136.1,158.6,-70.1,0,-0.616,-1.262,2.059,245.0,37.8,495.1,352.0,-0.616,-1.262,2.059,320.0,155.6,420.1,234.2,APPROACHED,1,0.142,0,IDLE,0.88,Deterministic kinematic fallback verification.
88,9.915,2026-09-16T13:46:01.590540Z,16.0,1,BOX_OPENED,APPROACHING COMPONENT BOX,NONE,Box opened. Next step: Please take out the object.,64.4,OPEN,-0.675,-0.238,1.2,-0.679,-1.159,2.119,131.0,156.6,-68.2,0,-0.617,-1.264,2.058,236.9,20.4,500.5,364.0,-0.617,-1.264,2.058,316.0,149.3,421.4,235.2,APPROACHED,1,0.137,0,IDLE,0.88,Deterministic kinematic fallback verification.
89,10.012,2026-09-16T13:46:01.687137Z,16.1,1,BOX_OPENED,APPROACHING COMPONENT BOX,NONE,Box opened. Next step: Please take out the object.,64.6,OPEN,-0.666,-0.242,1.2,-0.674,-1.16,2.118,118.7,150.7,-64.7,0,-0.617,-1.261,2.06,235.0,22.7,502.1,368.6,-0.617,-1.261,2.06,315.2,152.4,422.0,238.9,APPROACHED,1,0.13,0,IDLE,0.88,Deterministic kinematic fallback verification.
90,10.07,2026-09-16T13:46:01.744809Z,10.6,1,BOX_OPENED,APPROACHING COMPONENT BOX,NONE,Box opened. Next step: Please take out the object.,65.6,OPEN,-0.665,-0.249,1.2,-0.668,-1.165,2.116,114.0,149.7,-63.9,0,-0.618,-1.265,2.058,231.8,20.9,503.1,362.8,-0.618,-1.265,2.058,313.2,149.1,421.7,234.5,APPROACHED,1,0.126,0,IDLE,0.88,Deterministic kinematic fallback verification.
91,10.152,2026-09-16T13:46:01.826792Z,12.7,1,BOX_OPENED,APPROACHING COMPONENT BOX,NONE,Box opened. Next step: Please take out the object.,64.8,OPEN,-0.667,-0.246,1.2,-0.671,-1.169,2.113,111.3,145.6,-61.2,0,-0.62,-1.264,2.058,225.3,27.6,507.3,356.7,-0.62,-1.264,2.058,309.9,151.0,422.7,233.3,APPROACHED,1,0.122,0,IDLE,0.88,Deterministic kinematic fallback verification.
92,10.222,2026-09-16T13:46:01.897293Z,16.3,1,BOX_OPENED,APPROACHING COMPONENT BOX,NONE,Box opened. Next step: Please take out the object.,63.7,OPEN,-0.677,-0.253,1.2,-0.678,-1.17,2.113,114.0,146.5,-62.3,0,-0.623,-1.262,2.059,222.3,29.2,503.1,359.6,-0.623,-1.262,2.059,306.6,153.1,418.9,235.7,APPROACHED,1,0.12,0,IDLE,0.88,Deterministic kinematic fallback verification.
93,10.29,2026-09-16T13:46:01.965120Z,12.8,1,BOX_OPENED,GRASPING COMPONENT BOX,NONE,Box opened. Next step: Please take out the object.,62.3,OPEN,-0.678,-0.254,1.2,-0.687,-1.174,2.11,112.3,144.5,-61.1,0,-0.625,-1.261,2.059,219.0,32.1,503.2,358.6,-0.625,-1.261,2.059,304.2,154.5,417.9,236.2,GRASPED,1,0.118,0,IDLE,0.88,Deterministic kinematic fallback verification.
94,10.349,2026-09-16T13:46:02.023801Z,16.1,1,BOX_OPENED,GRASPING COMPONENT BOX,NONE,Box opened. Next step: Please take out the object.,61.0,OPEN,-0.677,-0.251,1.2,-0.684,-1.172,2.112,113.3,146.0,-61.4,0,-0.626,-1.26,2.061,217.4,33.1,502.4,361.9,-0.626,-1.26,2.061,302.9,156.4,416.9,238.6,GRASPED,1,0.117,0,IDLE,0.88,Deterministic kinematic fallback verification.
95,10.413,2026-09-16T13:46:02.088101Z,16.3,1,BOX_OPENED,APPROACHING COMPONENT BOX,NONE,Box opened. Next step: Please take out the object.,60.2,OPEN,-0.676,-0.249,1.2,-0.681,-1.167,2.114,112.5,145.4,-61.0,0,-0.627,-1.261,2.06,217.7,31.8,500.2,360.6,-0.627,-1.261,2.06,302.4,155.1,415.5,237.3,APPROACHED,1,0.121,0,IDLE,0.88,Deterministic kinematic fallback verification.
96,10.483,2026-09-16T13:46:02.158196Z,16.0,1,BOX_OPENED,GRASPING COMPONENT BOX,NONE,Box opened. Next step: Please take out the object.,59.3,OPEN,-0.677,-0.249,1.2,-0.681,-1.166,2.115,113.5,145.9,-61.1,0,-0.628,-1.258,2.061,217.7,35.8,498.6,361.7,-0.628,-1.258,2.061,302.0,158.0,414.4,239.5,GRASPED,1,0.119,0,IDLE,0.88,Deterministic kinematic fallback verification.
97,10.54,2026-09-16T13:46:02.215445Z,16.1,1,BOX_OPENED,GRASPING COMPONENT BOX,NONE,Box opened. Next step: Please take out the object.,58.2,OPEN,-0.676,-0.248,1.2,-0.68,-1.166,2.115,113.0,145.2,-60.5,0,-0.628,-1.254,2.064,218.1,44.8,498.4,361.7,-0.628,-1.254,2.064,302.2,163.6,414.3,242.9,GRASPED,1,0.115,0,IDLE,0.88,Deterministic kinematic fallback verification.
98,10.601,2026-09-16T13:46:02.276742Z,16.2,1,BOX_OPENED,APPROACHING COMPONENT BOX,NONE,Box opened. Next step: Please take out the object.,57.6,OPEN,-0.672,-0.243,1.2,-0.677,-1.163,2.117,114.3,146.1,-60.8,0,-0.625,-1.261,2.059,225.9,48.7,495.8,342.3,-0.625,-1.261,2.059,306.9,158.8,414.9,232.2,APPROACHED,1,0.125,0,IDLE,0.88,Deterministic kinematic fallback verification.
99,10.66,2026-09-16T13:46:02.334964Z,16.0,1,BOX_OPENED,APPROACHING COMPONENT BOX,NONE,Box opened. Next step: Please take out the object.,57.2,OPEN,-0.67,-0.242,1.2,-0.672,-1.159,2.119,114.8,146.4,-61.2,0,-0.625,-1.26,2.06,226.1,50.0,495.5,344.0,-0.625,-1.26,2.06,307.0,160.2,414.7,233.7,APPROACHED,1,0.126,0,IDLE,0.88,Deterministic kinematic fallback verification.
100,10.724,2026-09-16T13:46:02.399251Z,16.1,1,BOX_OPENED,GRASPING COMPONENT BOX,NONE,Box opened. Next step: Please take out the object.,56.4,OPEN,-0.67,-0.242,1.2,-0.672,-1.159,2.119,115.3,146.4,-61.2,0,-0.626,-1.25,2.066,222.7,53.5,498.0,362.2,-0.626,-1.25,2.066,305.3,169.3,415.4,246.5,GRASPED,1,0.115,0,IDLE,0.88,Deterministic kinematic fallback verification.
101,10.79,2026-09-16T13:46:02.465080Z,16.0,1,BOX_OPENED,GRASPING COMPONENT BOX,NONE,Box opened. Next step: Please take out the object.,56.6,OPEN,-0.67,-0.244,1.2,-0.672,-1.16,2.118,116.3,147.3,-61.7,0,-0.624,-1.254,2.064,226.0,45.2,497.6,361.4,-0.624,-1.254,2.064,307.5,163.8,416.1,242.8,GRASPED,1,0.119,0,IDLE,0.88,Deterministic kinematic fallback verification.
102,10.847,2026-09-16T13:46:02.521946Z,16.2,1,BOX_OPENED,APPROACHING COMPONENT BOX,NONE,Box opened. Next step: Please take out the object.,58.5,OPEN,-0.67,-0.244,1.2,-0.672,-1.162,2.117,114.5,146.3,-60.9,0,-0.624,-1.261,2.06,225.4,32.1,497.7,359.0,-0.624,-1.261,2.06,307.1,154.7,416.0,236.4,APPROACHED,1,0.125,0,IDLE,0.88,Deterministic kinematic fallback verification.
103,10.912,2026-09-16T13:46:02.587350Z,16.0,1,BOX_OPENED,GRASPING COMPONENT BOX,NONE,Box opened. Next step: Please take out the object.,58.3,OPEN,-0.67,-0.245,1.2,-0.672,-1.162,2.117,115.1,146.3,-61.5,0,-0.625,-1.256,2.062,227.4,54.9,494.6,347.3,-0.625,-1.256,2.062,307.6,164.5,414.4,237.6,GRASPED,1,0.118,0,IDLE,0.88,Deterministic kinematic fallback verification.
104,10.976,2026-09-16T13:46:02.651411Z,16.5,1,BOX_OPENED,GRASPING COMPONENT BOX,NONE,Box opened. Next step: Please take out the object.,58.0,OPEN,-0.671,-0.245,1.2,-0.672,-1.162,2.117,114.6,145.3,-60.6,0,-0.627,-1.25,2.066,220.9,54.3,497.1,362.0,-0.627,-1.25,2.066,303.8,169.7,414.3,246.6,GRASPED,1,0.111,0,IDLE,0.88,Deterministic kinematic fallback verification.
105,11.035,2026-09-16T13:46:02.709858Z,15.6,1,BOX_OPENED,GRASPING COMPONENT BOX,NONE,Box opened. Next step: Please take out the object.,58.9,OPEN,-0.67,-0.247,1.2,-0.672,-1.164,2.116,110.6,143.3,-59.2,0,-0.628,-1.256,2.063,218.9,43.3,497.6,359.7,-0.628,-1.256,2.063,302.5,161.9,414.0,241.0,GRASPED,1,0.116,0,IDLE,0.88,Deterministic kinematic fallback verification.
106,11.119,2026-09-16T13:46:02.794656Z,12.8,1,BOX_OPENED,GRASPING COMPONENT BOX,NONE,Box opened. Next step: Please take out the object.,59.1,OPEN,-0.673,-0.255,1.2,-0.673,-1.169,2.113,106.9,140.4,-56.8,0,-0.628,-1.254,2.064,217.3,48.6,498.4,358.1,-0.628,-1.254,2.064,301.7,164.7,414.1,242.0,GRASPED,1,0.108,0,IDLE,0.88,Deterministic kinematic fallback verification.
107,11.203,2026-09-16T13:46:02.878108Z,15.9,1,BOX_OPENED,GRASPING COMPONENT BOX,NONE,Box opened. Next step: Please take out the object.,58.4,OPEN,-0.674,-0.257,1.2,-0.675,-1.173,2.111,105.9,139.6,-56.1,0,-0.63,-1.245,2.069,218.5,72.1,494.6,354.9,-0.63,-1.245,2.069,301.3,178.1,411.7,248.8,GRASPED,1,0.095,0,IDLE,0.88,Deterministic kinematic fallback verification.
108,11.272,2026-09-16T13:46:02.947578Z,10.7,1,BOX_OPENED,GRASPING COMPONENT BOX,NONE,Box opened. Next step: Please take out the object.,57.8,OPEN,-0.673,-0.26,1.2,-0.676,-1.176,2.109,102.4,138.5,-54.5,0,-0.631,-1.244,2.07,216.8,71.8,494.4,358.1,-0.631,-1.244,2.07,300.1,179.2,411.1,250.7,GRASPED,1,0.09,0,IDLE,0.88,Deterministic kinematic fallback verification.
109,11.338,2026-09-16T13:46:03.013030Z,15.5,1,BOX_OPENED,GRASPING COMPONENT BOX,NONE,Box opened. Next step: Please take out the object.,57.5,OPEN,-0.68,-0.269,1.2,-0.678,-1.182,2.106,101.7,139.1,-55.3,0,-0.63,-1.247,2.068,213.7,65.5,498.6,357.2,-0.63,-1.247,2.068,299.2,174.9,413.1,247.8,GRASPED,1,0.089,0,IDLE,0.88,Deterministic kinematic fallback verification.
110,11.397,2026-09-16T13:46:03.072662Z,15.8,1,BOX_OPENED,GRASPING COMPONENT BOX,NONE,Box opened. Next step: Please take out the object.,57.2,OPEN,-0.682,-0.277,1.2,-0.684,-1.19,2.101,103.5,140.4,-55.2,0,-0.634,-1.249,2.066,211.8,71.6,493.6,346.3,-0.634,-1.249,2.066,296.3,174.6,409.0,243.3,GRASPED,1,0.084,0,IDLE,0.88,Deterministic kinematic fallback verification.
111,11.462,2026-09-16T13:46:03.137111Z,16.1,1,BOX_OPENED,GRASPING COMPONENT BOX,NONE,Box opened. Next step: Please take out the object.,57.2,OPEN,-0.688,-0.284,1.2,-0.688,-1.197,2.097,95.3,136.4,-50.5,0,-0.635,-1.25,2.066,210.5,72.6,493.2,342.6,-0.635,-1.25,2.066,295.3,173.9,408.4,241.4,GRASPED,1,0.081,0,IDLE,0.88,Deterministic kinematic fallback verification.
112,11.527,2026-09-16T13:46:03.202734Z,16.4,1,BOX_OPENED,GRASPING COMPONENT BOX,NONE,Box opened. Next step: Please take out the object.,57.2,OPEN,-0.692,-0.287,1.2,-0.693,-1.202,2.094,91.9,134.6,-48.2,0,-0.635,-1.249,2.067,204.3,64.5,499.5,354.4,-0.635,-1.249,2.067,292.9,173.2,410.9,245.7,GRASPED,1,0.08,0,IDLE,0.88,Deterministic kinematic fallback verification.
113,11.585,2026-09-16T13:46:03.260187Z,16.0,1,BOX_OPENED,GRASPING COMPONENT BOX,NONE,Box opened. Next step: Please take out the object.,57.4,OPEN,-0.696,-0.286,1.2,-0.697,-1.202,2.094,92.2,133.4,-47.0,0,-0.638,-1.254,2.064,203.6,66.4,492.7,341.4,-0.638,-1.254,2.064,290.4,169.5,406.0,238.2,GRASPED,1,0.084,0,IDLE,0.88,Deterministic kinematic fallback verification.
114,11.651,2026-09-16T13:46:03.326147Z,16.4,1,BOX_OPENED,GRASPING COMPONENT BOX,NONE,Box opened. Next step: Please take out the object.,58.2,OPEN,-0.703,-0.285,1.2,-0.703,-1.199,2.095,91.8,131.6,-44.4,0,-0.638,-1.263,2.059,203.8,55.7,492.8,331.5,-0.638,-1.263,2.059,290.5,159.1,406.1,228.1,GRASPED,1,0.098,0,IDLE,0.88,Deterministic kinematic fallback verification.
115,11.704,2026-09-16T13:46:03.379502Z,16.4,1,BOX_OPENED,GRASPING COMPONENT BOX,NONE,Box opened. Next step: Please take out the object.,58.0,OPEN,-0.709,-0.285,1.2,-0.709,-1.198,2.096,98.1,132.3,-45.7,0,-0.639,-1.256,2.063,201.5,67.9,492.8,335.0,-0.639,-1.256,2.063,288.9,168.1,405.4,234.8,GRASPED,1,0.097,0,IDLE,0.88,Deterministic kinematic fallback verification.
116,11.772,2026-09-16T13:46:03.447496Z,16.2,1,BOX_OPENED,GRASPING COMPONENT BOX,NONE,Box opened. Next step: Please take out the object.,57.7,OPEN,-0.717,-0.285,1.2,-0.717,-1.198,2.096,105.1,132.7,-46.7,0,-0.64,-1.256,2.063,201.0,69.5,492.5,334.2,-0.64,-1.256,2.063,288.5,168.8,405.1,235.0,GRASPED,1,0.102,0,IDLE,0.88,Deterministic kinematic fallback verification.
117,11.827,2026-09-16T13:46:03.502081Z,16.1,1,BOX_OPENED,GRASPING COMPONENT BOX,NONE,Box opened. Next step: Please take out the object.,58.0,OPEN,-0.727,-0.283,1.2,-0.722,-1.197,2.097,113.2,131.8,-45.6,0,-0.637,-1.248,2.067,199.2,57.4,500.2,363.4,-0.637,-1.248,2.067,289.5,172.2,409.9,248.7,GRASPED,1,0.104,0,IDLE,0.88,Deterministic kinematic fallback verification.
118,11.896,2026-09-16T13:46:03.570836Z,15.8,1,BOX_OPENED,GRASPING COMPONENT BOX,NONE,Box opened. Next step: Please take out the object.,59.8,OPEN,-0.732,-0.279,1.2,-0.73,-1.193,2.099,118.3,133.3,-46.2,0,-0.637,-1.256,2.063,199.0,37.6,499.6,365.5,-0.637,-1.256,2.063,289.1,160.6,409.4,242.5,GRASPED,1,0.118,0,IDLE,0.88,Deterministic kinematic fallback verification.
119,11.952,2026-09-16T13:46:03.626815Z,16.0,1,BOX_OPENED,HOLDING RED BOX,NONE,Box opened. Next step: Please take out the object.,44.8,OPEN,-0.742,-0.279,1.2,-0.736,-1.191,2.1,121.9,133.4,-45.0,0,0.0,0.0,0.0,0.0,0.0,0.0,0.0,0.0,0.0,0.0,0.0,0.0,0.0,0.0,DOCKED,1,0.5,0,IDLE,0.88,Deterministic kinematic fallback verification.
120,12.017,2026-09-16T13:46:03.692537Z,16.1,1,BOX_OPENED,HOLDING RED BOX,NONE,Box opened. Next step: Please take out the object.,33.6,OPEN,-0.747,-0.276,1.2,-0.745,-1.19,2.1,128.1,133.9,-45.9,0,0.0,0.0,0.0,0.0,0.0,0.0,0.0,0.0,0.0,0.0,0.0,0.0,0.0,0.0,DOCKED,1,0.5,0,IDLE,0.88,Deterministic kinematic fallback verification.
121,12.093,2026-09-16T13:46:03.768299Z,12.9,1,BOX_OPENED,HOLDING RED BOX,NONE,Box opened. Next step: Please take out the object.,25.2,OPEN,-0.75,-0.269,1.2,-0.747,-1.185,2.103,131.9,134.3,-46.8,0,0.0,0.0,0.0,0.0,0.0,0.0,0.0,0.0,0.0,0.0,0.0,0.0,0.0,0.0,DOCKED,1,0.5,0,IDLE,0.88,Deterministic kinematic fallback verification.
122,12.154,2026-09-16T13:46:03.829414Z,16.3,1,BOX_OPENED,APPROACHING COMPONENT BOX,NONE,Box opened. Next step: Please take out the object.,32.6,OPEN,-0.752,-0.26,1.2,-0.749,-1.178,2.107,135.1,135.2,-47.6,0,-0.637,-1.243,2.07,201.6,60.5,498.5,370.9,-0.637,-1.243,2.07,290.6,176.9,409.4,254.5,APPROACHED,1,0.135,0,IDLE,0.88,Deterministic kinematic fallback verification.
123,12.217,2026-09-16T13:46:03.891963Z,16.1,1,BOX_OPENED,HOLDING RED BOX,NONE,Box opened. Next step: Please take out the object.,24.4,OPEN,-0.75,-0.251,1.2,-0.748,-1.17,2.112,136.9,136.7,-49.0,0,0.0,0.0,0.0,0.0,0.0,0.0,0.0,0.0,0.0,0.0,0.0,0.0,0.0,0.0,DOCKED,1,0.5,0,IDLE,0.88,Deterministic kinematic fallback verification.
124,12.316,2026-09-16T13:46:03.991396Z,15.8,1,BOX_OPENED,HOLDING RED BOX,NONE,Box opened. Next step: Please take out the object.,18.3,CLOSED,-0.747,-0.248,1.2,-0.745,-1.163,2.116,134.9,135.9,-49.2,0,0.0,0.0,0.0,0.0,0.0,0.0,0.0,0.0,0.0,0.0,0.0,0.0,0.0,0.0,DOCKED,1,0.5,1,BOX_OPENED,0.88,Deterministic kinematic fallback verification.
125,12.383,2026-09-16T13:46:04.058689Z,10.8,1,BOX_OPENED,HOLDING RED BOX,NONE,Box opened. Next step: Please take out the object.,13.8,CLOSED,-0.742,-0.249,1.2,-0.739,-1.162,2.116,134.6,136.9,-50.7,0,0.0,0.0,0.0,0.0,0.0,0.0,0.0,0.0,0.0,0.0,0.0,0.0,0.0,0.0,DOCKED,1,0.5,1,BOX_OPENED,0.88,Deterministic kinematic fallback verification.
126,12.456,2026-09-16T13:46:04.131100Z,14.3,2,OBJECT_EXTRACTED,HOLDING RED BOX,NONE,Object extracted. Next step: Please return the object into the box.,10.3,CLOSED,-0.737,-0.246,1.2,-0.733,-1.163,2.116,132.1,137.6,-51.7,0,0.0,0.0,0.0,0.0,0.0,0.0,0.0,0.0,0.0,0.0,0.0,0.0,0.0,0.0,DOCKED,1,0.5,1,BOX_OPENED,0.88,Deterministic kinematic fallback verification.
127,12.515,2026-09-16T13:46:04.190066Z,14.1,2,OBJECT_EXTRACTED,HOLDING RED BOX,NONE,Object extracted. Next step: Please return the object into the box.,7.7,CLOSED,-0.732,-0.243,1.2,-0.728,-1.16,2.117,130.2,138.7,-52.6,0,0.0,0.0,0.0,0.0,0.0,0.0,0.0,0.0,0.0,0.0,0.0,0.0,0.0,0.0,DOCKED,1,0.5,1,BOX_OPENED,0.88,Deterministic kinematic fallback verification.
128,12.571,2026-09-16T13:46:04.246566Z,16.2,2,OBJECT_EXTRACTED,HOLDING RED BOX,NONE,Object extracted. Next step: Please return the object into the box.,5.8,CLOSED,-0.727,-0.235,1.2,-0.727,-1.157,2.12,129.5,139.8,-54.1,0,0.0,0.0,0.0,0.0,0.0,0.0,0.0,0.0,0.0,0.0,0.0,0.0,0.0,0.0,DOCKED,1,0.5,1,BOX_OPENED,0.88,Deterministic kinematic fallback verification.
129,12.643,2026-09-16T13:46:04.318005Z,15.9,2,OBJECT_EXTRACTED,HOLDING RED BOX,NONE,Object extracted. Next step: Please return the object into the box.,4.4,CLOSED,-0.724,-0.236,1.2,-0.725,-1.153,2.122,130.5,140.8,-55.2,0,0.0,0.0,0.0,0.0,0.0,0.0,0.0,0.0,0.0,0.0,0.0,0.0,0.0,0.0,DOCKED,1,0.5,1,BOX_OPENED,0.88,Deterministic kinematic fallback verification.
130,12.695,2026-09-16T13:46:04.369895Z,16.3,2,OBJECT_EXTRACTED,HOLDING RED BOX,NONE,Object extracted. Next step: Please return the object into the box.,3.3,CLOSED,-0.721,-0.232,1.2,-0.724,-1.153,2.122,130.0,141.9,-56.5,0,0.0,0.0,0.0,0.0,0.0,0.0,0.0,0.0,0.0,0.0,0.0,0.0,0.0,0.0,DOCKED,1,0.5,1,BOX_OPENED,0.88,Deterministic kinematic fallback verification.
131,12.745,2026-09-16T13:46:04.419842Z,21.0,2,OBJECT_EXTRACTED,HOLDING RED BOX,NONE,Object extracted. Next step: Please return the object into the box.,2.4,CLOSED,-0.722,-0.235,1.2,-0.723,-1.151,2.123,131.3,142.6,-56.9,0,0.0,0.0,0.0,0.0,0.0,0.0,0.0,0.0,0.0,0.0,0.0,0.0,0.0,0.0,DOCKED,1,0.5,1,BOX_OPENED,0.88,Deterministic kinematic fallback verification.
132,12.809,2026-09-16T13:46:04.483913Z,16.1,2,OBJECT_EXTRACTED,HOLDING RED BOX,NONE,Object extracted. Next step: Please return the object into the box.,1.8,CLOSED,-0.722,-0.235,1.2,-0.725,-1.154,2.122,131.1,143.4,-57.4,0,0.0,0.0,0.0,0.0,0.0,0.0,0.0,0.0,0.0,0.0,0.0,0.0,0.0,0.0,DOCKED,1,0.5,1,BOX_OPENED,0.88,Deterministic kinematic fallback verification.
133,12.874,2026-09-16T13:46:04.549610Z,16.0,2,OBJECT_EXTRACTED,HOLDING RED BOX,NONE,Object extracted. Next step: Please return the object into the box.,1.4,CLOSED,-0.722,-0.237,1.2,-0.725,-1.154,2.121,130.8,142.7,-57.4,0,0.0,0.0,0.0,0.0,0.0,0.0,0.0,0.0,0.0,0.0,0.0,0.0,0.0,0.0,DOCKED,1,0.5,1,BOX_OPENED,0.88,Deterministic kinematic fallback verification.
134,12.931,2026-09-16T13:46:04.606572Z,15.9,2,OBJECT_EXTRACTED,HOLDING RED BOX,NONE,Object extracted. Next step: Please return the object into the box.,1.0,CLOSED,-0.72,-0.236,1.2,-0.724,-1.155,2.121,130.5,143.6,-58.0,0,0.0,0.0,0.0,0.0,0.0,0.0,0.0,0.0,0.0,0.0,0.0,0.0,0.0,0.0,DOCKED,1,0.5,1,BOX_OPENED,0.88,Deterministic kinematic fallback verification.
135,12.994,2026-09-16T13:46:04.669675Z,16.0,2,OBJECT_EXTRACTED,HOLDING RED BOX,NONE,Object extracted. Next step: Please return the object into the box.,0.8,CLOSED,-0.719,-0.235,1.2,-0.722,-1.153,2.122,131.8,144.6,-59.1,0,0.0,0.0,0.0,0.0,0.0,0.0,0.0,0.0,0.0,0.0,0.0,0.0,0.0,0.0,DOCKED,1,0.5,1,BOX_OPENED,0.88,Deterministic kinematic fallback verification.
136,13.077,2026-09-16T13:46:04.751993Z,13.1,2,OBJECT_EXTRACTED,HOLDING RED BOX,NONE,Object extracted. Next step: Please return the object into the box.,0.6,CLOSED,-0.718,-0.234,1.2,-0.721,-1.152,2.123,131.2,144.5,-58.9,0,0.0,0.0,0.0,0.0,0.0,0.0,0.0,0.0,0.0,0.0,0.0,0.0,0.0,0.0,DOCKED,1,0.5,1,BOX_OPENED,0.88,Deterministic kinematic fallback verification.
137,13.13,2026-09-16T13:46:04.805754Z,16.0,2,OBJECT_EXTRACTED,HOLDING RED BOX,NONE,Object extracted. Next step: Please return the object into the box.,0.4,CLOSED,-0.717,-0.235,1.2,-0.719,-1.153,2.122,130.1,144.2,-58.4,0,0.0,0.0,0.0,0.0,0.0,0.0,0.0,0.0,0.0,0.0,0.0,0.0,0.0,0.0,DOCKED,1,0.5,1,BOX_OPENED,0.88,Deterministic kinematic fallback verification.
138,13.178,2026-09-16T13:46:04.853099Z,21.4,2,OBJECT_EXTRACTED,HOLDING RED BOX,NONE,Object extracted. Next step: Please return the object into the box.,0.3,CLOSED,-0.717,-0.237,1.2,-0.718,-1.155,2.121,129.8,144.3,-58.7,0,0.0,0.0,0.0,0.0,0.0,0.0,0.0,0.0,0.0,0.0,0.0,0.0,0.0,0.0,DOCKED,1,0.5,1,BOX_OPENED,0.88,Deterministic kinematic fallback verification.
139,13.243,2026-09-16T13:46:04.918116Z,16.3,2,OBJECT_EXTRACTED,HOLDING RED BOX,NONE,Object extracted. Next step: Please return the object into the box.,0.2,CLOSED,-0.716,-0.236,1.2,-0.717,-1.156,2.121,130.6,145.3,-59.2,0,0.0,0.0,0.0,0.0,0.0,0.0,0.0,0.0,0.0,0.0,0.0,0.0,0.0,0.0,DOCKED,1,0.5,1,BOX_OPENED,0.88,Deterministic kinematic fallback verification.
140,13.302,2026-09-16T13:46:04.977772Z,16.1,2,OBJECT_EXTRACTED,HOLDING RED BOX,NONE,Object extracted. Next step: Please return the object into the box.,0.2,CLOSED,-0.716,-0.236,1.2,-0.716,-1.155,2.121,129.5,144.4,-58.5,0,0.0,0.0,0.0,0.0,0.0,0.0,0.0,0.0,0.0,0.0,0.0,0.0,0.0,0.0,DOCKED,1,0.5,1,BOX_OPENED,0.88,Deterministic kinematic fallback verification.
141,13.366,2026-09-16T13:46:05.041667Z,16.1,2,OBJECT_EXTRACTED,HOLDING RED BOX,NONE,Object extracted. Next step: Please return the object into the box.,0.1,CLOSED,-0.717,-0.235,1.2,-0.717,-1.155,2.121,129.9,143.9,-57.7,0,0.0,0.0,0.0,0.0,0.0,0.0,0.0,0.0,0.0,0.0,0.0,0.0,0.0,0.0,DOCKED,1,0.5,1,BOX_OPENED,0.88,Deterministic kinematic fallback verification.
142,13.443,2026-09-16T13:46:05.118132Z,15.9,2,OBJECT_EXTRACTED,HOLDING RED BOX,NONE,Object extracted. Next step: Please return the object into the box.,0.1,CLOSED,-0.717,-0.233,1.2,-0.718,-1.153,2.122,128.6,143.5,-56.6,0,0.0,0.0,0.0,0.0,0.0,0.0,0.0,0.0,0.0,0.0,0.0,0.0,0.0,0.0,DOCKED,1,0.5,1,BOX_OPENED,0.88,Deterministic kinematic fallback verification.
143,13.571,2026-09-16T13:46:05.246284Z,12.9,2,OBJECT_EXTRACTED,HOLDING RED BOX,NONE,Object extracted. Next step: Please return the object into the box.,0.1,CLOSED,-0.714,-0.232,1.2,-0.716,-1.152,2.123,126.8,143.2,-56.3,0,0.0,0.0,0.0,0.0,0.0,0.0,0.0,0.0,0.0,0.0,0.0,0.0,0.0,0.0,DOCKED,1,0.5,1,BOX_OPENED,0.88,Deterministic kinematic fallback verification.
144,13.641,2026-09-16T13:46:05.316434Z,7.9,2,OBJECT_EXTRACTED,HOLDING RED BOX,NONE,Object extracted. Next step: Please return the object into the box.,0.1,CLOSED,-0.712,-0.228,1.2,-0.714,-1.15,2.124,128.5,146.2,-57.1,0,0.0,0.0,0.0,0.0,0.0,0.0,0.0,0.0,0.0,0.0,0.0,0.0,0.0,0.0,DOCKED,1,0.5,1,BOX_OPENED,0.88,Deterministic kinematic fallback verification.
145,13.718,2026-09-16T13:46:05.393099Z,12.9,2,OBJECT_EXTRACTED,HOLDING RED BOX,NONE,Object extracted. Next step: Please return the object into the box.,0.0,CLOSED,-0.713,-0.229,1.2,-0.713,-1.147,2.126,130.2,147.3,-57.3,0,0.0,0.0,0.0,0.0,0.0,0.0,0.0,0.0,0.0,0.0,0.0,0.0,0.0,0.0,DOCKED,1,0.5,1,BOX_OPENED,0.88,Deterministic kinematic fallback verification.
146,13.775,2026-09-16T13:46:05.450047Z,15.7,2,OBJECT_EXTRACTED,HOLDING RED BOX,NONE,Object extracted. Next step: Please return the object into the box.,0.0,CLOSED,-0.713,-0.231,1.2,-0.714,-1.148,2.125,127.6,145.5,-55.8,0,0.0,0.0,0.0,0.0,0.0,0.0,0.0,0.0,0.0,0.0,0.0,0.0,0.0,0.0,DOCKED,1,0.5,1,BOX_OPENED,0.88,Deterministic kinematic fallback verification.
147,13.836,2026-09-16T13:46:05.510813Z,16.3,2,OBJECT_EXTRACTED,HOLDING RED BOX,NONE,Object extracted. Next step: Please return the object into the box.,0.0,CLOSED,-0.714,-0.231,1.2,-0.714,-1.15,2.124,127.9,145.7,-55.5,0,0.0,0.0,0.0,0.0,0.0,0.0,0.0,0.0,0.0,0.0,0.0,0.0,0.0,0.0,DOCKED,1,0.5,1,BOX_OPENED,0.88,Deterministic kinematic fallback verification.
148,13.897,2026-09-16T13:46:05.572739Z,16.3,2,OBJECT_EXTRACTED,HOLDING RED BOX,NONE,Object extracted. Next step: Please return the object into the box.,0.0,CLOSED,-0.713,-0.23,1.2,-0.714,-1.149,2.125,127.3,145.6,-55.6,0,0.0,0.0,0.0,0.0,0.0,0.0,0.0,0.0,0.0,0.0,0.0,0.0,0.0,0.0,DOCKED,1,0.5,1,BOX_OPENED,0.88,Deterministic kinematic fallback verification.
149,13.985,2026-09-16T13:46:05.660222Z,15.9,2,OBJECT_EXTRACTED,HOLDING RED BOX,NONE,Object extracted. Next step: Please return the object into the box.,0.0,CLOSED,-0.712,-0.229,1.2,-0.713,-1.147,2.125,127.4,146.2,-55.7,0,0.0,0.0,0.0,0.0,0.0,0.0,0.0,0.0,0.0,0.0,0.0,0.0,0.0,0.0,DOCKED,1,0.5,1,BOX_OPENED,0.88,Deterministic kinematic fallback verification.
150,14.04,2026-09-16T13:46:05.714949Z,12.8,2,OBJECT_EXTRACTED,HOLDING RED BOX,NONE,Object extracted. Next step: Please return the object into the box.,0.0,CLOSED,-0.711,-0.228,1.2,-0.712,-1.146,2.126,128.5,147.2,-56.6,0,0.0,0.0,0.0,0.0,0.0,0.0,0.0,0.0,0.0,0.0,0.0,0.0,0.0,0.0,DOCKED,1,0.5,1,BOX_OPENED,0.88,Deterministic kinematic fallback verification.
151,14.172,2026-09-16T13:46:05.846824Z,12.7,2,OBJECT_EXTRACTED,HOLDING RED BOX,NONE,Object extracted. Next step: Please return the object into the box.,0.0,CLOSED,-0.71,-0.226,1.2,-0.71,-1.145,2.127,128.9,147.6,-57.5,0,0.0,0.0,0.0,0.0,0.0,0.0,0.0,0.0,0.0,0.0,0.0,0.0,0.0,0.0,DOCKED,1,0.5,1,BOX_OPENED,0.88,Deterministic kinematic fallback verification.
152,14.252,2026-09-16T13:46:05.927129Z,9.0,2,OBJECT_EXTRACTED,HOLDING RED BOX,NONE,Object extracted. Next step: Please return the object into the box.,0.0,CLOSED,-0.708,-0.226,1.2,-0.709,-1.145,2.126,128.1,147.8,-57.3,0,0.0,0.0,0.0,0.0,0.0,0.0,0.0,0.0,0.0,0.0,0.0,0.0,0.0,0.0,DOCKED,1,0.5,1,BOX_OPENED,0.88,Deterministic kinematic fallback verification.
153,14.303,2026-09-16T13:46:05.978070Z,13.2,2,OBJECT_EXTRACTED,HOLDING RED BOX,NONE,Object extracted. Next step: Please return the object into the box.,0.0,CLOSED,-0.707,-0.227,1.2,-0.708,-1.146,2.126,128.0,148.0,-57.4,0,0.0,0.0,0.0,0.0,0.0,0.0,0.0,0.0,0.0,0.0,0.0,0.0,0.0,0.0,DOCKED,1,0.5,1,BOX_OPENED,0.88,Deterministic kinematic fallback verification.
154,14.374,2026-09-16T13:46:06.049645Z,15.9,2,OBJECT_EXTRACTED,HOLDING RED BOX,NONE,Object extracted. Next step: Please return the object into the box.,0.0,CLOSED,-0.707,-0.226,1.2,-0.707,-1.147,2.125,128.2,148.2,-57.6,0,0.0,0.0,0.0,0.0,0.0,0.0,0.0,0.0,0.0,0.0,0.0,0.0,0.0,0.0,DOCKED,1,0.5,1,BOX_OPENED,0.88,Deterministic kinematic fallback verification.
155,14.432,2026-09-16T13:46:06.106854Z,15.9,2,OBJECT_EXTRACTED,HOLDING RED BOX,NONE,Object extracted. Next step: Please return the object into the box.,0.0,CLOSED,-0.707,-0.226,1.2,-0.708,-1.147,2.125,128.5,149.2,-58.2,0,0.0,0.0,0.0,0.0,0.0,0.0,0.0,0.0,0.0,0.0,0.0,0.0,0.0,0.0,DOCKED,1,0.5,1,BOX_OPENED,0.88,Deterministic kinematic fallback verification.
156,14.496,2026-09-16T13:46:06.171610Z,16.3,2,OBJECT_EXTRACTED,RETURNING YELLOW BOX INTO BOX,NONE,Object extracted. Next step: Please return the object into the box.,18.8,CLOSED,-0.709,-0.228,1.2,-0.709,-1.148,2.125,129.6,149.6,-58.2,0,-0.384,-1.237,2.073,512.1,125.0,672.5,319.2,-0.384,-1.237,2.073,560.2,197.1,624.4,247.1,DOCKED,1,0.341,1,BOX_OPENED,0.88,Deterministic kinematic fallback verification.
157,14.56,2026-09-16T13:46:06.235533Z,16.1,2,OBJECT_EXTRACTED,RETURNING YELLOW BOX INTO BOX,NONE,Object extracted. Next step: Please return the object into the box.,32.8,OPEN,-0.709,-0.227,1.2,-0.71,-1.149,2.124,129.4,149.6,-58.2,0,-0.383,-1.237,2.073,512.3,125.3,672.8,319.3,-0.383,-1.237,2.073,560.5,197.3,624.7,247.3,DOCKED,1,0.342,1,BOX_OPENED,0.88,Deterministic kinematic fallback verification.
158,14.649,2026-09-16T13:46:06.324764Z,12.8,2,OBJECT_EXTRACTED,RETURNING YELLOW BOX INTO BOX,NONE,Object extracted. Next step: Please return the object into the box.,43.4,OPEN,-0.709,-0.227,1.2,-0.71,-1.148,2.124,129.5,149.1,-58.5,0,-0.383,-1.237,2.074,512.5,126.1,673.1,319.1,-0.383,-1.237,2.074,560.7,197.6,624.9,247.6,DOCKED,1,0.342,1,BOX_OPENED,0.88,Deterministic kinematic fallback verification.
159,14.717,2026-09-16T13:46:06.392105Z,12.8,2,OBJECT_EXTRACTED,RETURNING YELLOW BOX INTO BOX,NONE,Object extracted. Next step: Please return the object into the box.,51.3,OPEN,-0.705,-0.224,1.2,-0.708,-1.147,2.125,128.7,149.7,-59.7,0,-0.383,-1.237,2.074,513.1,125.1,673.3,319.6,-0.383,-1.237,2.074,561.2,197.4,625.3,247.4,DOCKED,1,0.341,1,BOX_OPENED,0.88,Deterministic kinematic fallback verification.
160,14.774,2026-09-16T13:46:06.448902Z,16.2,2,OBJECT_EXTRACTED,HOLDING RED BOX,NONE,Object extracted. Next step: Please return the object into the box.,38.5,OPEN,-0.705,-0.224,1.2,-0.705,-1.145,2.126,129.0,149.4,-59.9,0,0.0,0.0,0.0,0.0,0.0,0.0,0.0,0.0,0.0,0.0,0.0,0.0,0.0,0.0,DOCKED,1,0.5,1,BOX_OPENED,0.88,Deterministic kinematic fallback verification.
161,14.859,2026-09-16T13:46:06.534318Z,16.2,2,OBJECT_EXTRACTED,HOLDING RED BOX,NONE,Object extracted. Next step: Please return the object into the box.,28.8,OPEN,-0.707,-0.225,1.2,-0.706,-1.145,2.126,129.3,148.9,-59.8,0,0.0,0.0,0.0,0.0,0.0,0.0,0.0,0.0,0.0,0.0,0.0,0.0,0.0,0.0,DOCKED,1,0.5,1,BOX_OPENED,0.88,Deterministic kinematic fallback verification.
162,14.933,2026-09-16T13:46:06.608251Z,12.7,2,OBJECT_EXTRACTED,HOLDING RED BOX,NONE,Object extracted. Next step: Please return the object into the box.,21.6,OPEN,-0.709,-0.227,1.2,-0.709,-1.147,2.125,129.5,148.0,-59.4,0,0.0,0.0,0.0,0.0,0.0,0.0,0.0,0.0,0.0,0.0,0.0,0.0,0.0,0.0,DOCKED,1,0.5,1,BOX_OPENED,0.88,Deterministic kinematic fallback verification.
163,14.997,2026-09-16T13:46:06.672236Z,12.9,2,OBJECT_EXTRACTED,HOLDING RED BOX,NONE,Object extracted. Next step: Please return the object into the box.,16.2,CLOSED,-0.712,-0.233,1.2,-0.712,-1.151,2.123,130.5,147.9,-59.0,0,0.0,0.0,0.0,0.0,0.0,0.0,0.0,0.0,0.0,0.0,0.0,0.0,0.0,0.0,DOCKED,1,0.5,1,BOX_OPENED,0.88,Deterministic kinematic fallback verification.
164,15.051,2026-09-16T13:46:06.726229Z,16.1,2,OBJECT_EXTRACTED,HOLDING RED BOX,NONE,Object extracted. Next step: Please return the object into the box.,12.2,CLOSED,-0.716,-0.241,1.2,-0.716,-1.158,2.119,131.8,146.8,-58.9,0,0.0,0.0,0.0,0.0,0.0,0.0,0.0,0.0,0.0,0.0,0.0,0.0,0.0,0.0,DOCKED,1,0.5,1,BOX_OPENED,0.88,Deterministic kinematic fallback verification.
165,15.113,2026-09-16T13:46:06.788684Z,15.8,2,OBJECT_EXTRACTED,HOLDING RED BOX,NONE,Object extracted. Next step: Please return the object into the box.,9.1,CLOSED,-0.718,-0.245,1.2,-0.719,-1.165,2.115,130.5,145.4,-57.8,0,0.0,0.0,0.0,0.0,0.0,0.0,0.0,0.0,0.0,0.0,0.0,0.0,0.0,0.0,DOCKED,1,0.5,1,BOX_OPENED,0.88,Deterministic kinematic fallback verification.
166,15.194,2026-09-16T13:46:06.869633Z,12.7,2,OBJECT_EXTRACTED,HOLDING RED BOX,NONE,Object extracted. Next step: Please return the object into the box.,6.8,CLOSED,-0.718,-0.247,1.2,-0.72,-1.168,2.113,129.6,145.9,-58.1,0,0.0,0.0,0.0,0.0,0.0,0.0,0.0,0.0,0.0,0.0,0.0,0.0,0.0,0.0,DOCKED,1,0.5,1,BOX_OPENED,0.88,Deterministic kinematic fallback verification.
167,15.257,2026-09-16T13:46:06.931807Z,16.2,2,OBJECT_EXTRACTED,HOLDING RED BOX,NONE,Object extracted. Next step: Please return the object into the box.,5.1,CLOSED,-0.72,-0.252,1.2,-0.721,-1.17,2.112,130.0,144.6,-58.1,0,0.0,0.0,0.0,0.0,0.0,0.0,0.0,0.0,0.0,0.0,0.0,0.0,0.0,0.0,DOCKED,1,0.5,1,BOX_OPENED,0.88,Deterministic kinematic fallback verification.
168,15.323,2026-09-16T13:46:06.998151Z,16.2,2,OBJECT_EXTRACTED,HOLDING RED BOX,NONE,Object extracted. Next step: Please return the object into the box.,3.8,CLOSED,-0.715,-0.256,1.2,-0.719,-1.174,2.11,126.0,144.6,-58.4,0,0.0,0.0,0.0,0.0,0.0,0.0,0.0,0.0,0.0,0.0,0.0,0.0,0.0,0.0,DOCKED,1,0.5,1,BOX_OPENED,0.88,Deterministic kinematic fallback verification.
169,15.382,2026-09-16T13:46:07.057002Z,16.1,2,OBJECT_EXTRACTED,HOLDING RED BOX,NONE,Object extracted. Next step: Please return the object into the box.,2.9,CLOSED,-0.716,-0.261,1.2,-0.716,-1.177,2.108,123.8,144.0,-58.3,0,0.0,0.0,0.0,0.0,0.0,0.0,0.0,0.0,0.0,0.0,0.0,0.0,0.0,0.0,DOCKED,1,0.5,1,BOX_OPENED,0.88,Deterministic kinematic fallback verification.
170,15.451,2026-09-16T13:46:07.125846Z,16.4,2,OBJECT_EXTRACTED,HOLDING RED BOX,NONE,Object extracted. Next step: Please return the object into the box.,2.2,CLOSED,-0.711,-0.263,1.2,-0.715,-1.181,2.106,119.2,144.5,-58.9,0,0.0,0.0,0.0,0.0,0.0,0.0,0.0,0.0,0.0,0.0,0.0,0.0,0.0,0.0,DOCKED,1,0.5,1,BOX_OPENED,0.88,Deterministic kinematic fallback verification.
171,15.517,2026-09-16T13:46:07.191988Z,13.1,2,OBJECT_EXTRACTED,HOLDING RED BOX,NONE,Object extracted. Next step: Please return the object into the box.,1.6,CLOSED,-0.713,-0.267,1.2,-0.712,-1.183,2.104,117.8,144.6,-58.3,0,0.0,0.0,0.0,0.0,0.0,0.0,0.0,0.0,0.0,0.0,0.0,0.0,0.0,0.0,DOCKED,1,0.5,1,BOX_OPENED,0.88,Deterministic kinematic fallback verification.
172,15.588,2026-09-16T13:46:07.263316Z,16.0,2,OBJECT_EXTRACTED,HOLDING RED BOX,NONE,Object extracted. Next step: Please return the object into the box.,1.2,CLOSED,-0.714,-0.271,1.2,-0.715,-1.187,2.102,114.8,144.5,-58.2,0,0.0,0.0,0.0,0.0,0.0,0.0,0.0,0.0,0.0,0.0,0.0,0.0,0.0,0.0,DOCKED,1,0.5,1,BOX_OPENED,0.88,Deterministic kinematic fallback verification.
173,15.641,2026-09-16T13:46:07.315839Z,16.1,2,OBJECT_EXTRACTED,HOLDING RED BOX,NONE,Object extracted. Next step: Please return the object into the box.,0.9,CLOSED,-0.711,-0.274,1.2,-0.715,-1.189,2.101,112.1,144.5,-59.4,0,0.0,0.0,0.0,0.0,0.0,0.0,0.0,0.0,0.0,0.0,0.0,0.0,0.0,0.0,DOCKED,1,0.5,1,BOX_OPENED,0.88,Deterministic kinematic fallback verification.
174,15.705,2026-09-16T13:46:07.379850Z,16.1,2,OBJECT_EXTRACTED,HOLDING RED BOX,NONE,Object extracted. Next step: Please return the object into the box.,0.7,CLOSED,-0.704,-0.274,1.2,-0.709,-1.191,2.1,107.6,144.8,-60.3,0,0.0,0.0,0.0,0.0,0.0,0.0,0.0,0.0,0.0,0.0,0.0,0.0,0.0,0.0,DOCKED,1,0.5,1,BOX_OPENED,0.88,Deterministic kinematic fallback verification.
175,15.765,2026-09-16T13:46:07.440354Z,15.9,2,OBJECT_EXTRACTED,HOLDING RED BOX,NONE,Object extracted. Next step: Please return the object into the box.,0.5,CLOSED,-0.695,-0.271,1.2,-0.699,-1.189,2.101,106.3,146.5,-62.9,0,0.0,0.0,0.0,0.0,0.0,0.0,0.0,0.0,0.0,0.0,0.0,0.0,0.0,0.0,DOCKED,1,0.5,1,BOX_OPENED,0.88,Deterministic kinematic fallback verification.
176,15.831,2026-09-16T13:46:07.506140Z,16.1,2,OBJECT_EXTRACTED,HOLDING RED BOX,NONE,Object extracted. Next step: Please return the object into the box.,0.4,CLOSED,-0.698,-0.281,1.2,-0.695,-1.191,2.1,95.6,144.6,-62.4,0,0.0,0.0,0.0,0.0,0.0,0.0,0.0,0.0,0.0,0.0,0.0,0.0,0.0,0.0,DOCKED,1,0.5,1,BOX_OPENED,0.88,Deterministic kinematic fallback verification.
177,15.889,2026-09-16T13:46:07.563963Z,16.0,2,OBJECT_EXTRACTED,HOLDING RED BOX,NONE,Object extracted. Next step: Please return the object into the box.,0.3,CLOSED,-0.695,-0.279,1.2,-0.697,-1.196,2.097,97.9,146.4,-64.2,0,0.0,0.0,0.0,0.0,0.0,0.0,0.0,0.0,0.0,0.0,0.0,0.0,0.0,0.0,DOCKED,1,0.5,1,BOX_OPENED,0.88,Deterministic kinematic fallback verification.
178,15.953,2026-09-16T13:46:07.628492Z,16.2,2,OBJECT_EXTRACTED,HOLDING RED BOX,NONE,Object extracted. Next step: Please return the object into the box.,0.2,CLOSED,-0.683,-0.27,1.2,-0.689,-1.189,2.101,103.5,148.4,-66.2,0,0.0,0.0,0.0,0.0,0.0,0.0,0.0,0.0,0.0,0.0,0.0,0.0,0.0,0.0,DOCKED,1,0.5,1,BOX_OPENED,0.88,Deterministic kinematic fallback verification.
179,16.023,2026-09-16T13:46:07.697849Z,15.9,2,OBJECT_EXTRACTED,HOLDING RED BOX,NONE,Object extracted. Next step: Please return the object into the box.,0.2,CLOSED,-0.679,-0.267,1.2,-0.679,-1.181,2.106,106.5,149.2,-67.8,0,0.0,0.0,0.0,0.0,0.0,0.0,0.0,0.0,0.0,0.0,0.0,0.0,0.0,0.0,DOCKED,1,0.5,1,BOX_OPENED,0.88,Deterministic kinematic fallback verification.
180,16.11,2026-09-16T13:46:07.785273Z,16.3,2,OBJECT_EXTRACTED,HOLDING RED BOX,NONE,Object extracted. Next step: Please return the object into the box.,0.1,CLOSED,-0.676,-0.256,1.2,-0.676,-1.175,2.109,111.8,151.2,-68.6,0,0.0,0.0,0.0,0.0,0.0,0.0,0.0,0.0,0.0,0.0,0.0,0.0,0.0,0.0,DOCKED,1,0.5,1,BOX_OPENED,0.88,Deterministic kinematic fallback verification.
181,16.21,2026-09-16T13:46:07.884900Z,7.9,2,OBJECT_EXTRACTED,HOLDING RED BOX,NONE,Object extracted. Next step: Please return the object into the box.,0.1,CLOSED,-0.678,-0.258,1.2,-0.675,-1.169,2.112,111.7,150.9,-68.9,0,0.0,0.0,0.0,0.0,0.0,0.0,0.0,0.0,0.0,0.0,0.0,0.0,0.0,0.0,DOCKED,1,0.5,1,BOX_OPENED,0.88,Deterministic kinematic fallback verification.
182,16.266,2026-09-16T13:46:07.941662Z,16.1,2,OBJECT_EXTRACTED,HOLDING RED BOX,NONE,Object extracted. Next step: Please return the object into the box.,0.1,CLOSED,-0.675,-0.261,1.2,-0.676,-1.175,2.109,109.7,150.3,-69.8,0,0.0,0.0,0.0,0.0,0.0,0.0,0.0,0.0,0.0,0.0,0.0,0.0,0.0,0.0,DOCKED,1,0.5,1,BOX_OPENED,0.88,Deterministic kinematic fallback verification.
183,16.339,2026-09-16T13:46:08.014448Z,15.9,2,OBJECT_EXTRACTED,HOLDING RED BOX,NONE,Object extracted. Next step: Please return the object into the box.,0.1,CLOSED,-0.675,-0.261,1.2,-0.674,-1.178,2.107,107.8,149.7,-69.0,0,0.0,0.0,0.0,0.0,0.0,0.0,0.0,0.0,0.0,0.0,0.0,0.0,0.0,0.0,DOCKED,1,0.5,1,BOX_OPENED,0.88,Deterministic kinematic fallback verification.
184,16.405,2026-09-16T13:46:08.080741Z,13.1,2,OBJECT_EXTRACTED,HOLDING RED BOX,NONE,Object extracted. Next step: Please return the object into the box.,0.0,CLOSED,-0.682,-0.264,1.2,-0.679,-1.181,2.106,108.3,148.8,-67.5,0,0.0,0.0,0.0,0.0,0.0,0.0,0.0,0.0,0.0,0.0,0.0,0.0,0.0,0.0,DOCKED,1,0.5,1,BOX_OPENED,0.88,Deterministic kinematic fallback verification.
185,16.471,2026-09-16T13:46:08.146321Z,16.4,2,OBJECT_EXTRACTED,RETURNING YELLOW BOX INTO BOX,NONE,Object extracted. Next step: Please return the object into the box.,12.9,CLOSED,-0.682,-0.263,1.2,-0.684,-1.182,2.105,108.8,147.8,-67.0,0,-0.632,-1.255,2.063,230.7,57.3,477.2,347.0,0.0,0.0,0.0,0.0,0.0,0.0,0.0,DOCKED,1,0.5,1,BOX_OPENED,0.88,Deterministic kinematic fallback verification.
186,16.534,2026-09-16T13:46:08.208797Z,15.8,2,OBJECT_EXTRACTED,GRASPING COMPONENT BOX,NONE,Object extracted. Next step: Please return the object into the box.,21.6,OPEN,-0.682,-0.263,1.2,-0.684,-1.181,2.106,110.2,149.1,-67.5,0,-0.633,-1.252,2.065,230.4,65.4,476.2,347.1,-0.633,-1.252,2.065,304.1,171.0,402.5,241.5,GRASPED,1,0.096,1,BOX_OPENED,0.88,Deterministic kinematic fallback verification.
187,16.605,2026-09-16T13:46:08.280515Z,16.4,2,OBJECT_EXTRACTED,GRASPING COMPONENT BOX,NONE,Object extracted. Next step: Please return the object into the box.,28.2,OPEN,-0.681,-0.263,1.2,-0.683,-1.181,2.106,113.1,150.6,-68.5,0,-0.633,-1.25,2.066,228.5,61.6,478.0,354.7,-0.633,-1.25,2.066,303.3,171.5,403.2,244.8,GRASPED,1,0.094,1,BOX_OPENED,0.88,Deterministic kinematic fallback verification.
188,16.672,2026-09-16T13:46:08.346819Z,12.9,2,OBJECT_EXTRACTED,GRASPING COMPONENT BOX,NONE,Object extracted. Next step: Please return the object into the box.,32.7,OPEN,-0.682,-0.262,1.2,-0.683,-1.18,2.106,114.2,150.3,-68.3,0,-0.634,-1.25,2.066,228.9,64.5,476.8,351.9,-0.634,-1.25,2.066,303.3,172.3,402.4,244.1,GRASPED,1,0.094,1,BOX_OPENED,0.88,Deterministic kinematic fallback verification.
189,16.756,2026-09-16T13:46:08.431556Z,15.9,2,OBJECT_EXTRACTED,GRASPING COMPONENT BOX,NONE,Object extracted. Next step: Please return the object into the box.,36.0,OPEN,-0.685,-0.265,1.2,-0.685,-1.181,2.106,116.7,151.7,-68.6,0,-0.634,-1.25,2.066,228.0,62.3,477.3,353.0,-0.634,-1.25,2.066,302.8,171.3,402.5,244.0,GRASPED,1,0.095,1,BOX_OPENED,0.88,Deterministic kinematic fallback verification.
190,16.828,2026-09-16T13:46:08.503756Z,10.6,3,OBJECT_RETURNED,GRASPING COMPONENT BOX,NONE,Object returned. Next step: Please close the box.,38.5,OPEN,-0.688,-0.267,1.2,-0.69,-1.184,2.104,114.6,150.5,-67.6,0,-0.634,-1.253,2.065,228.0,59.1,477.3,351.2,-0.634,-1.253,2.065,302.8,168.7,402.5,241.7,GRASPED,1,0.097,1,BOX_OPENED,0.88,Deterministic kinematic fallback verification.
191,16.912,2026-09-16T13:46:08.587076Z,15.3,3,OBJECT_RETURNED,GRASPING COMPONENT BOX,NONE,Object returned. Next step: Please close the box.,40.9,OPEN,-0.689,-0.267,1.2,-0.69,-1.182,2.105,114.8,150.5,-67.2,0,-0.634,-1.254,2.064,228.3,55.6,476.7,350.9,-0.634,-1.254,2.064,302.8,166.4,402.2,240.2,GRASPED,1,0.1,1,BOX_OPENED,0.88,Deterministic kinematic fallback verification.
192,17.007,2026-09-16T13:46:08.682236Z,11.0,3,OBJECT_RETURNED,GRASPING COMPONENT BOX,NONE,Object returned. Next step: Please close the box.,42.5,OPEN,-0.69,-0.266,1.2,-0.689,-1.18,2.106,114.8,149.7,-67.1,0,-0.634,-1.254,2.064,227.4,54.2,477.4,352.7,-0.634,-1.254,2.064,302.4,166.1,402.4,240.8,GRASPED,1,0.101,1,BOX_OPENED,0.88,Deterministic kinematic fallback verification.
193,17.081,2026-09-16T13:46:08.755935Z,10.8,3,OBJECT_RETURNED,GRASPING COMPONENT BOX,NONE,Object returned. Next step: Please close the box.,43.9,OPEN,-0.69,-0.262,1.2,-0.688,-1.177,2.108,115.5,148.1,-67.3,0,-0.633,-1.255,2.063,227.4,53.4,479.7,352.2,-0.633,-1.255,2.063,303.1,165.4,404.0,240.1,GRASPED,1,0.105,1,BOX_OPENED,0.88,Deterministic kinematic fallback verification.
194,17.138,2026-09-16T13:46:08.813585Z,16.1,3,OBJECT_RETURNED,GRASPING COMPONENT BOX,NONE,Object returned. Next step: Please close the box.,44.8,OPEN,-0.688,-0.26,1.2,-0.686,-1.173,2.11,112.6,146.3,-66.6,0,-0.632,-1.255,2.063,229.6,54.2,479.4,350.3,-0.632,-1.255,2.063,304.5,165.2,404.5,239.3,GRASPED,1,0.109,1,BOX_OPENED,0.88,Deterministic kinematic fallback verification.
195,17.202,2026-09-16T13:46:08.877483Z,16.1,3,OBJECT_RETURNED,GRASPING COMPONENT BOX,NONE,Object returned. Next step: Please close the box.,46.0,OPEN,-0.687,-0.261,1.2,-0.685,-1.173,2.111,110.8,146.0,-66.5,0,-0.63,-1.258,2.062,231.1,49.1,481.0,350.0,-0.63,-1.258,2.062,306.0,162.0,406.0,237.2,GRASPED,1,0.112,1,BOX_OPENED,0.88,Deterministic kinematic fallback verification.
196,17.317,2026-09-16T13:46:08.992259Z,11.2,3,OBJECT_RETURNED,GRASPING COMPONENT BOX,NONE,Object returned. Next step: Please close the box.,47.6,OPEN,-0.685,-0.262,1.2,-0.683,-1.174,2.11,112.2,148.1,-67.8,0,-0.63,-1.26,2.06,231.2,42.1,481.7,350.8,-0.63,-1.26,2.06,306.4,157.9,406.6,235.0,GRASPED,1,0.113,1,BOX_OPENED,0.88,Deterministic kinematic fallback verification.
197,17.412,2026-09-16T13:46:09.087270Z,10.3,3,OBJECT_RETURNED,GRASPING COMPONENT BOX,NONE,Object returned. Next step: Please close the box.,48.0,OPEN,-0.685,-0.263,1.2,-0.684,-1.176,2.109,111.1,148.9,-67.7,0,-0.63,-1.26,2.06,231.6,46.5,481.3,346.5,-0.63,-1.26,2.06,306.5,159.0,406.4,234.0,GRASPED,1,0.112,1,BOX_OPENED,0.88,Deterministic kinematic fallback verification.
198,17.498,2026-09-16T13:46:09.173089Z,10.7,3,OBJECT_RETURNED,GRASPING COMPONENT BOX,NONE,Object returned. Next step: Please close the box.,47.9,OPEN,-0.685,-0.262,1.2,-0.684,-1.176,2.108,109.3,148.6,-67.0,0,-0.629,-1.26,2.06,232.0,48.5,482.3,346.3,-0.629,-1.26,2.06,307.1,160.2,407.2,234.6,GRASPED,1,0.111,1,BOX_OPENED,0.88,Deterministic kinematic fallback verification.
199,17.582,2026-09-16T13:46:09.256950Z,12.7,3,OBJECT_RETURNED,GRASPING COMPONENT BOX,NONE,Object returned. Next step: Please close the box.,48.8,OPEN,-0.686,-0.265,1.2,-0.686,-1.178,2.108,109.9,148.0,-66.9,0,-0.629,-1.262,2.059,232.3,39.3,482.4,350.6,-0.629,-1.262,2.059,307.3,156.0,407.3,233.9,GRASPED,1,0.113,1,BOX_OPENED,0.88,Deterministic kinematic fallback verification.
200,17.672,2026-09-16T13:46:09.347292Z,10.8,3,OBJECT_RETURNED,HOLDING RED BOX,NONE,Object returned. Next step: Please close the box.,36.6,OPEN,-0.687,-0.269,1.2,-0.688,-1.182,2.106,109.0,148.2,-67.1,0,0.0,0.0,0.0,0.0,0.0,0.0,0.0,0.0,0.0,0.0,0.0,0.0,0.0,0.0,DOCKED,1,0.5,1,BOX_OPENED,0.88,Deterministic kinematic fallback verification.
201,17.764,2026-09-16T13:46:09.439163Z,11.0,3,OBJECT_RETURNED,GRASPING COMPONENT BOX,NONE,Object returned. Next step: Please close the box.,41.1,OPEN,-0.689,-0.275,1.2,-0.689,-1.186,2.103,107.7,147.9,-66.9,0,-0.629,-1.266,2.057,232.6,34.4,482.3,345.2,-0.629,-1.266,2.057,307.5,150.9,407.4,228.6,GRASPED,1,0.111,1,BOX_OPENED,0.88,Deterministic kinematic fallback verification.
202,17.853,2026-09-16T13:46:09.528395Z,12.8,3,OBJECT_RETURNED,GRASPING COMPONENT BOX,NONE,Object returned. Next step: Please close the box.,44.2,OPEN,-0.69,-0.277,1.2,-0.691,-1.19,2.101,102.5,145.9,-65.2,0,-0.628,-1.268,2.056,233.1,35.8,482.4,340.6,-0.628,-1.268,2.056,307.9,150.1,407.6,226.3,GRASPED,1,0.109,1,BOX_OPENED,0.88,Deterministic kinematic fallback verification.
203,17.934,2026-09-16T13:46:09.609405Z,10.6,3,OBJECT_RETURNED,GRASPING COMPONENT BOX,NONE,Object returned. Next step: Please close the box.,45.0,OPEN,-0.69,-0.281,1.2,-0.691,-1.193,2.099,96.3,143.5,-63.4,0,-0.629,-1.271,2.054,232.8,43.1,481.6,326.5,-0.629,-1.271,2.054,307.4,149.4,407.0,220.2,GRASPED,1,0.11,1,BOX_OPENED,0.88,Deterministic kinematic fallback verification.
204,18.009,2026-09-16T13:46:09.684139Z,12.9,3,OBJECT_RETURNED,GRASPING COMPONENT BOX,NONE,Object returned. Next step: Please close the box.,45.1,OPEN,-0.69,-0.286,1.2,-0.691,-1.196,2.097,90.8,142.3,-62.5,0,-0.63,-1.274,2.052,231.6,45.5,481.3,318.0,-0.63,-1.274,2.052,306.5,147.7,406.4,215.8,GRASPED,1,0.108,1,BOX_OPENED,0.88,Deterministic kinematic fallback verification.
205,18.101,2026-09-16T13:46:09.776466Z,12.6,3,OBJECT_RETURNED,GRASPING COMPONENT BOX,NONE,Object returned. Next step: Please close the box.,45.1,OPEN,-0.689,-0.289,1.2,-0.69,-1.199,2.096,83.8,141.3,-61.2,0,-0.631,-1.273,2.053,230.4,45.4,480.7,319.4,-0.631,-1.273,2.053,305.5,148.2,405.6,216.7,GRASPED,1,0.105,1,BOX_OPENED,0.88,Deterministic kinematic fallback verification.
206,18.182,2026-09-16T13:46:09.857202Z,11.0,3,OBJECT_RETURNED,GRASPING COMPONENT BOX,NONE,Object returned. Next step: Please close the box.,45.1,OPEN,-0.685,-0.294,1.2,-0.687,-1.201,2.094,78.4,141.5,-60.3,0,-0.631,-1.275,2.052,229.8,44.9,480.5,315.8,-0.631,-1.275,2.052,305.0,146.5,405.3,214.2,GRASPED,1,0.102,1,BOX_OPENED,0.88,Deterministic kinematic fallback verification.
207,18.253,2026-09-16T13:46:09.928508Z,12.9,3,OBJECT_RETURNED,HOLDING RED BOX,NONE,Object returned. Next step: Please close the box.,33.9,OPEN,-0.686,-0.297,1.2,-0.684,-1.205,2.092,77.2,140.9,-62.2,0,0.0,0.0,0.0,0.0,0.0,0.0,0.0,0.0,0.0,0.0,0.0,0.0,0.0,0.0,DOCKED,1,0.5,1,BOX_OPENED,0.88,Deterministic kinematic fallback verification.
208,18.337,2026-09-16T13:46:10.012215Z,12.9,3,OBJECT_RETURNED,GRASPING COMPONENT BOX,NONE,Object returned. Next step: Please close the box.,36.1,OPEN,-0.689,-0.305,1.2,-0.687,-1.209,2.09,69.4,140.2,-61.3,0,-0.634,-1.274,2.052,227.0,48.2,476.9,313.8,-0.634,-1.274,2.052,302.0,147.8,402.0,214.2,GRASPED,1,0.092,1,BOX_OPENED,0.88,Deterministic kinematic fallback verification.
209,18.426,2026-09-16T13:46:10.101134Z,12.9,3,OBJECT_RETURNED,HOLDING RED BOX,NONE,Object returned. Next step: Please close the box.,27.1,OPEN,-0.694,-0.309,1.2,-0.691,-1.215,2.086,61.1,139.1,-60.1,0,0.0,0.0,0.0,0.0,0.0,0.0,0.0,0.0,0.0,0.0,0.0,0.0,0.0,0.0,DOCKED,1,0.5,1,BOX_OPENED,0.88,Deterministic kinematic fallback verification.
210,18.522,2026-09-16T13:46:10.197506Z,10.7,3,OBJECT_RETURNED,HOLDING RED BOX,NONE,Object returned. Next step: Please close the box.,20.3,OPEN,-0.701,-0.316,1.2,-0.7,-1.22,2.084,56.7,138.5,-57.9,0,0.0,0.0,0.0,0.0,0.0,0.0,0.0,0.0,0.0,0.0,0.0,0.0,0.0,0.0,DOCKED,1,0.5,1,BOX_OPENED,0.88,Deterministic kinematic fallback verification.
211,18.638,2026-09-16T13:46:10.312788Z,8.1,3,OBJECT_RETURNED,HOLDING RED BOX,NONE,Object returned. Next step: Please close the box.,15.2,CLOSED,-0.707,-0.317,1.2,-0.704,-1.223,2.082,57.0,136.6,-57.5,0,0.0,0.0,0.0,0.0,0.0,0.0,0.0,0.0,0.0,0.0,0.0,0.0,0.0,0.0,DOCKED,1,0.5,1,BOX_OPENED,0.88,Deterministic kinematic fallback verification.
212,18.737,2026-09-16T13:46:10.412240Z,10.6,3,OBJECT_RETURNED,HOLDING RED BOX,NONE,Object returned. Next step: Please close the box.,11.4,CLOSED,-0.712,-0.317,1.2,-0.707,-1.222,2.083,61.4,136.3,-59.0,0,0.0,0.0,0.0,0.0,0.0,0.0,0.0,0.0,0.0,0.0,0.0,0.0,0.0,0.0,DOCKED,1,0.5,1,BOX_OPENED,0.88,Deterministic kinematic fallback verification.
213,18.811,2026-09-16T13:46:10.486513Z,10.6,3,OBJECT_RETURNED,HOLDING RED BOX,NONE,Object returned. Next step: Please close the box.,8.6,CLOSED,-0.717,-0.301,1.2,-0.712,-1.216,2.086,99.5,136.4,-56.7,0,0.0,0.0,0.0,0.0,0.0,0.0,0.0,0.0,0.0,0.0,0.0,0.0,0.0,0.0,DOCKED,1,0.5,1,BOX_OPENED,0.88,Deterministic kinematic fallback verification.
214,18.888,2026-09-16T13:46:10.562925Z,12.8,4,COMPLETE,HOLDING RED BOX,NONE,Box closed. Experiment successfully completed.,6.4,CLOSED,-0.7,-0.265,1.2,-0.707,-1.189,2.102,117.4,143.3,-62.6,0,0.0,0.0,0.0,0.0,0.0,0.0,0.0,0.0,0.0,0.0,0.0,0.0,0.0,0.0,DOCKED,1,0.5,1,BOX_OPENED,0.88,Deterministic kinematic fallback verification.
215,18.956,2026-09-16T13:46:10.631615Z,12.6,4,COMPLETE,HOLDING RED BOX,NONE,Box closed. Experiment successfully completed.,4.8,CLOSED,-0.7,-0.278,1.2,-0.692,-1.171,2.111,108.2,145.0,-63.7,0,0.0,0.0,0.0,0.0,0.0,0.0,0.0,0.0,0.0,0.0,0.0,0.0,0.0,0.0,DOCKED,1,0.5,1,BOX_OPENED,0.88,Deterministic kinematic fallback verification.
216,19.032,2026-09-16T13:46:10.707501Z,17.0,4,COMPLETE,HOLDING RED BOX,NONE,Box closed. Experiment successfully completed.,3.6,CLOSED,-0.696,-0.283,1.2,-0.693,-1.189,2.101,106.8,145.4,-65.1,0,0.0,0.0,0.0,0.0,0.0,0.0,0.0,0.0,0.0,0.0,0.0,0.0,0.0,0.0,DOCKED,1,0.5,1,BOX_OPENED,0.88,Deterministic kinematic fallback verification.
217,19.089,2026-09-16T13:46:10.764130Z,12.8,4,COMPLETE,HOLDING RED BOX,NONE,Box closed. Experiment successfully completed.,2.7,CLOSED,-0.689,-0.282,1.2,-0.688,-1.196,2.097,99.2,142.3,-62.5,0,0.0,0.0,0.0,0.0,0.0,0.0,0.0,0.0,0.0,0.0,0.0,0.0,0.0,0.0,DOCKED,1,0.5,1,BOX_OPENED,0.88,Deterministic kinematic fallback verification.
218,19.159,2026-09-16T13:46:10.833872Z,16.0,4,COMPLETE,HOLDING RED BOX,NONE,Box closed. Experiment successfully completed.,2.0,CLOSED,-0.69,-0.284,1.2,-0.684,-1.197,2.097,93.4,143.4,-62.3,0,0.0,0.0,0.0,0.0,0.0,0.0,0.0,0.0,0.0,0.0,0.0,0.0,0.0,0.0,DOCKED,1,0.5,1,BOX_OPENED,0.88,Deterministic kinematic fallback verification.
219,19.214,2026-09-16T13:46:10.889096Z,16.1,4,COMPLETE,HOLDING RED BOX,NONE,Box closed. Experiment successfully completed.,1.5,CLOSED,-0.696,-0.29,1.2,-0.69,-1.201,2.095,84.8,141.9,-61.5,0,0.0,0.0,0.0,0.0,0.0,0.0,0.0,0.0,0.0,0.0,0.0,0.0,0.0,0.0,DOCKED,1,0.5,1,BOX_OPENED,0.88,Deterministic kinematic fallback verification.
220,19.278,2026-09-16T13:46:10.952820Z,15.9,4,COMPLETE,HOLDING RED BOX,NONE,Box closed. Experiment successfully completed.,1.1,CLOSED,-0.694,-0.289,1.2,-0.695,-1.204,2.093,86.8,142.2,-60.5,0,0.0,0.0,0.0,0.0,0.0,0.0,0.0,0.0,0.0,0.0,0.0,0.0,0.0,0.0,DOCKED,1,0.5,1,BOX_OPENED,0.88,Deterministic kinematic fallback verification.
221,19.343,2026-09-16T13:46:11.018574Z,16.0,4,COMPLETE,HOLDING RED BOX,NONE,Box closed. Experiment successfully completed.,0.9,CLOSED,-0.686,-0.3,1.2,-0.689,-1.208,2.09,70.7,140.9,-60.1,0,0.0,0.0,0.0,0.0,0.0,0.0,0.0,0.0,0.0,0.0,0.0,0.0,0.0,0.0,DOCKED,1,0.5,1,BOX_OPENED,0.88,Deterministic kinematic fallback verification.
222,19.405,2026-09-16T13:46:11.080023Z,16.1,4,COMPLETE,HOLDING RED BOX,NONE,Box closed. Experiment successfully completed.,0.6,CLOSED,-0.692,-0.304,1.2,-0.686,-1.216,2.086,68.7,141.6,-59.1,0,0.0,0.0,0.0,0.0,0.0,0.0,0.0,0.0,0.0,0.0,0.0,0.0,0.0,0.0,DOCKED,1,0.5,1,BOX_OPENED,0.88,Deterministic kinematic fallback verification.
223,19.475,2026-09-16T13:46:11.149967Z,16.2,4,COMPLETE,HOLDING RED BOX,NONE,Box closed. Experiment successfully completed.,0.5,CLOSED,-0.691,-0.305,1.2,-0.691,-1.218,2.084,62.5,140.5,-60.2,0,0.0,0.0,0.0,0.0,0.0,0.0,0.0,0.0,0.0,0.0,0.0,0.0,0.0,0.0,DOCKED,1,0.5,1,BOX_OPENED,0.88,Deterministic kinematic fallback verification.
224,19.526,2026-09-16T13:46:11.201645Z,15.9,4,COMPLETE,PICKING RED BOX,NONE,Box closed. Experiment successfully completed.,0.4,CLOSED,-0.689,-0.309,1.2,-0.69,-1.219,2.084,58.0,142.1,-60.5,0,0.0,0.0,0.0,0.0,0.0,0.0,0.0,0.0,0.0,0.0,0.0,0.0,0.0,0.0,DOCKED,1,0.5,1,BOX_OPENED,0.88,Deterministic kinematic fallback verification.
225,19.591,2026-09-16T13:46:11.266431Z,16.0,4,COMPLETE,PICKING RED BOX,NONE,Box closed. Experiment successfully completed.,0.3,CLOSED,-0.69,-0.311,1.2,-0.688,-1.222,2.082,58.0,143.7,-61.0,0,0.0,0.0,0.0,0.0,0.0,0.0,0.0,0.0,0.0,0.0,0.0,0.0,0.0,0.0,DOCKED,1,0.5,1,BOX_OPENED,0.88,Deterministic kinematic fallback verification.
226,19.673,2026-09-16T13:46:11.347865Z,12.8,4,COMPLETE,PICKING RED BOX,NONE,Box closed. Experiment successfully completed.,0.2,CLOSED,-0.689,-0.314,1.2,-0.689,-1.225,2.081,55.6,143.2,-60.0,0,0.0,0.0,0.0,0.0,0.0,0.0,0.0,0.0,0.0,0.0,0.0,0.0,0.0,0.0,DOCKED,1,0.5,1,BOX_OPENED,0.88,Deterministic kinematic fallback verification.
227,19.782,2026-09-16T13:46:11.457233Z,12.7,4,COMPLETE,PICKING RED BOX,NONE,Box closed. Experiment successfully completed.,0.2,CLOSED,-0.691,-0.318,1.2,-0.69,-1.228,2.079,50.7,144.0,-60.1,0,0.0,0.0,0.0,0.0,0.0,0.0,0.0,0.0,0.0,0.0,0.0,0.0,0.0,0.0,DOCKED,1,0.5,1,BOX_OPENED,0.88,Deterministic kinematic fallback verification.
228,19.87,2026-09-16T13:46:11.545753Z,10.8,4,COMPLETE,PICKING RED BOX,NONE,Box closed. Experiment successfully completed.,0.1,CLOSED,-0.691,-0.322,1.2,-0.691,-1.232,2.077,45.8,143.7,-60.0,0,0.0,0.0,0.0,0.0,0.0,0.0,0.0,0.0,0.0,0.0,0.0,0.0,0.0,0.0,DOCKED,1,0.5,1,BOX_OPENED,0.88,Deterministic kinematic fallback verification.
229,19.943,2026-09-16T13:46:11.618661Z,10.8,4,COMPLETE,PICKING RED BOX,NONE,Box closed. Experiment successfully completed.,0.1,CLOSED,-0.693,-0.325,1.2,-0.691,-1.235,2.075,43.6,145.2,-60.8,0,0.0,0.0,0.0,0.0,0.0,0.0,0.0,0.0,0.0,0.0,0.0,0.0,0.0,0.0,DOCKED,1,0.5,1,BOX_OPENED,0.88,Deterministic kinematic fallback verification.
230,20.008,2026-09-16T13:46:11.683637Z,13.0,4,COMPLETE,PICKING RED BOX,NONE,Box closed. Experiment successfully completed.,0.1,CLOSED,-0.693,-0.328,1.2,-0.693,-1.237,2.074,44.7,146.3,-62.2,0,0.0,0.0,0.0,0.0,0.0,0.0,0.0,0.0,0.0,0.0,0.0,0.0,0.0,0.0,DOCKED,1,0.5,1,BOX_OPENED,0.88,Deterministic kinematic fallback verification.
231,20.072,2026-09-16T13:46:11.747433Z,15.9,4,COMPLETE,PICKING RED BOX,NONE,Box closed. Experiment successfully completed.,0.0,CLOSED,-0.691,-0.33,1.2,-0.691,-1.238,2.073,46.5,144.2,-61.6,0,0.0,0.0,0.0,0.0,0.0,0.0,0.0,0.0,0.0,0.0,0.0,0.0,0.0,0.0,DOCKED,1,0.5,1,BOX_OPENED,0.88,Deterministic kinematic fallback verification.
232,20.132,2026-09-16T13:46:11.806883Z,16.3,4,COMPLETE,PICKING RED BOX,NONE,Box closed. Experiment successfully completed.,0.0,CLOSED,-0.69,-0.33,1.2,-0.689,-1.238,2.073,46.0,144.6,-62.0,0,0.0,0.0,0.0,0.0,0.0,0.0,0.0,0.0,0.0,0.0,0.0,0.0,0.0,0.0,DOCKED,1,0.5,1,BOX_OPENED,0.88,Deterministic kinematic fallback verification.
233,20.201,2026-09-16T13:46:11.875818Z,16.1,4,COMPLETE,PICKING RED BOX,NONE,Box closed. Experiment successfully completed.,0.0,CLOSED,-0.688,-0.334,1.2,-0.688,-1.24,2.072,38.9,145.7,-61.8,0,0.0,0.0,0.0,0.0,0.0,0.0,0.0,0.0,0.0,0.0,0.0,0.0,0.0,0.0,DOCKED,1,0.5,1,BOX_OPENED,0.88,Deterministic kinematic fallback verification.
234,20.255,2026-09-16T13:46:11.930330Z,16.2,4,COMPLETE,PICKING RED BOX,NONE,Box closed. Experiment successfully completed.,0.0,CLOSED,-0.685,-0.337,1.2,-0.685,-1.243,2.07,38.2,146.0,-62.8,0,0.0,0.0,0.0,0.0,0.0,0.0,0.0,0.0,0.0,0.0,0.0,0.0,0.0,0.0,DOCKED,1,0.5,1,BOX_OPENED,0.88,Deterministic kinematic fallback verification.
235,20.32,2026-09-16T13:46:11.994860Z,16.2,4,COMPLETE,PICKING RED BOX,NONE,Box closed. Experiment successfully completed.,0.0,CLOSED,-0.682,-0.338,1.2,-0.682,-1.244,2.07,36.7,145.5,-62.8,0,0.0,0.0,0.0,0.0,0.0,0.0,0.0,0.0,0.0,0.0,0.0,0.0,0.0,0.0,DOCKED,1,0.5,1,BOX_OPENED,0.88,Deterministic kinematic fallback verification.
236,20.385,2026-09-16T13:46:12.059982Z,15.9,4,COMPLETE,PICKING RED BOX,NONE,Box closed. Experiment successfully completed.,0.0,CLOSED,-0.682,-0.336,1.2,-0.68,-1.243,2.07,38.9,145.1,-63.3,0,0.0,0.0,0.0,0.0,0.0,0.0,0.0,0.0,0.0,0.0,0.0,0.0,0.0,0.0,DOCKED,1,0.5,1,BOX_OPENED,0.88,Deterministic kinematic fallback verification.
237,20.443,2026-09-16T13:46:12.118167Z,16.0,4,COMPLETE,PICKING RED BOX,NONE,Box closed. Experiment successfully completed.,0.0,CLOSED,-0.681,-0.335,1.2,-0.68,-1.241,2.071,39.1,145.3,-63.5,0,0.0,0.0,0.0,0.0,0.0,0.0,0.0,0.0,0.0,0.0,0.0,0.0,0.0,0.0,DOCKED,1,0.5,1,BOX_OPENED,0.88,Deterministic kinematic fallback verification.
238,20.506,2026-09-16T13:46:12.180983Z,15.9,4,COMPLETE,PICKING RED BOX,NONE,Box closed. Experiment successfully completed.,0.0,CLOSED,-0.681,-0.336,1.2,-0.68,-1.241,2.071,39.0,144.2,-63.3,0,0.0,0.0,0.0,0.0,0.0,0.0,0.0,0.0,0.0,0.0,0.0,0.0,0.0,0.0,DOCKED,1,0.5,2,OBJECT_EXTRACTED,0.88,Deterministic kinematic fallback verification.
239,20.575,2026-09-16T13:46:12.250293Z,16.0,4,COMPLETE,PICKING RED BOX,NONE,Box closed. Experiment successfully completed.,0.0,CLOSED,-0.681,-0.336,1.2,-0.68,-1.241,2.071,39.2,143.3,-62.7,0,0.0,0.0,0.0,0.0,0.0,0.0,0.0,0.0,0.0,0.0,0.0,0.0,0.0,0.0,DOCKED,1,0.5,2,OBJECT_EXTRACTED,0.88,Deterministic kinematic fallback verification.
240,20.63,2026-09-16T13:46:12.305331Z,16.2,4,COMPLETE,PICKING RED BOX,NONE,Box closed. Experiment successfully completed.,0.0,CLOSED,-0.68,-0.337,1.2,-0.68,-1.242,2.071,38.8,143.4,-62.9,0,0.0,0.0,0.0,0.0,0.0,0.0,0.0,0.0,0.0,0.0,0.0,0.0,0.0,0.0,DOCKED,1,0.5,2,OBJECT_EXTRACTED,0.88,Deterministic kinematic fallback verification.
241,20.709,2026-09-16T13:46:12.384226Z,12.9,4,COMPLETE,PICKING RED BOX,NONE,Box closed. Experiment successfully completed.,0.0,CLOSED,-0.68,-0.336,1.2,-0.679,-1.243,2.071,39.2,143.2,-62.6,0,0.0,0.0,0.0,0.0,0.0,0.0,0.0,0.0,0.0,0.0,0.0,0.0,0.0,0.0,DOCKED,1,0.5,2,OBJECT_EXTRACTED,0.88,Deterministic kinematic fallback verification.
242,20.768,2026-09-16T13:46:12.443671Z,16.2,4,COMPLETE,PICKING RED BOX,NONE,Box closed. Experiment successfully completed.,0.0,CLOSED,-0.681,-0.335,1.2,-0.68,-1.242,2.071,39.4,143.3,-62.5,0,0.0,0.0,0.0,0.0,0.0,0.0,0.0,0.0,0.0,0.0,0.0,0.0,0.0,0.0,DOCKED,1,0.5,2,OBJECT_EXTRACTED,0.88,Deterministic kinematic fallback verification.
243,20.836,2026-09-16T13:46:12.511226Z,16.4,4,COMPLETE,PICKING RED BOX,NONE,Box closed. Experiment successfully completed.,0.0,CLOSED,-0.681,-0.334,1.2,-0.681,-1.24,2.072,40.1,143.5,-62.6,0,0.0,0.0,0.0,0.0,0.0,0.0,0.0,0.0,0.0,0.0,0.0,0.0,0.0,0.0,DOCKED,1,0.5,2,OBJECT_EXTRACTED,0.88,Deterministic kinematic fallback verification.
244,20.901,2026-09-16T13:46:12.576647Z,16.2,4,COMPLETE,PICKING RED BOX,NONE,Box closed. Experiment successfully completed.,0.0,CLOSED,-0.682,-0.333,1.2,-0.681,-1.239,2.072,40.6,143.6,-62.2,0,0.0,0.0,0.0,0.0,0.0,0.0,0.0,0.0,0.0,0.0,0.0,0.0,0.0,0.0,DOCKED,1,0.5,2,OBJECT_EXTRACTED,0.88,Deterministic kinematic fallback verification.
245,20.958,2026-09-16T13:46:12.633189Z,16.1,4,COMPLETE,PICKING RED BOX,NONE,Box closed. Experiment successfully completed.,0.0,CLOSED,-0.682,-0.333,1.2,-0.682,-1.239,2.073,40.1,144.1,-62.5,0,0.0,0.0,0.0,0.0,0.0,0.0,0.0,0.0,0.0,0.0,0.0,0.0,0.0,0.0,DOCKED,1,0.5,2,OBJECT_EXTRACTED,0.88,Deterministic kinematic fallback verification.
246,21.02,2026-09-16T13:46:12.694858Z,16.0,4,COMPLETE,PICKING RED BOX,NONE,Box closed. Experiment successfully completed.,0.0,CLOSED,-0.681,-0.335,1.2,-0.681,-1.24,2.072,39.3,144.4,-62.7,0,0.0,0.0,0.0,0.0,0.0,0.0,0.0,0.0,0.0,0.0,0.0,0.0,0.0,0.0,DOCKED,1,0.5,2,OBJECT_EXTRACTED,0.88,Deterministic kinematic fallback verification.
247,21.088,2026-09-16T13:46:12.763408Z,16.3,4,COMPLETE,PICKING RED BOX,NONE,Box closed. Experiment successfully completed.,0.0,CLOSED,-0.679,-0.338,1.2,-0.679,-1.242,2.07,36.9,144.4,-62.9,0,0.0,0.0,0.0,0.0,0.0,0.0,0.0,0.0,0.0,0.0,0.0,0.0,0.0,0.0,DOCKED,1,0.5,2,OBJECT_EXTRACTED,0.88,Deterministic kinematic fallback verification.
248,21.14,2026-09-16T13:46:12.815397Z,16.3,4,COMPLETE,PICKING RED BOX,NONE,Box closed. Experiment successfully completed.,0.0,CLOSED,-0.68,-0.34,1.2,-0.68,-1.244,2.07,34.5,144.3,-63.0,0,0.0,0.0,0.0,0.0,0.0,0.0,0.0,0.0,0.0,0.0,0.0,0.0,0.0,0.0,DOCKED,1,0.5,2,OBJECT_EXTRACTED,0.88,Deterministic kinematic fallback verification.
249,21.216,2026-09-16T13:46:12.891281Z,16.2,4,COMPLETE,PICKING RED BOX,NONE,Box closed. Experiment successfully completed.,0.0,CLOSED,-0.679,-0.343,1.2,-0.681,-1.245,2.069,34.4,144.0,-63.2,0,0.0,0.0,0.0,0.0,0.0,0.0,0.0,0.0,0.0,0.0,0.0,0.0,0.0,0.0,DOCKED,1,0.5,2,OBJECT_EXTRACTED,0.88,Deterministic kinematic fallback verification.
250,21.29,2026-09-16T13:46:12.965261Z,12.9,4,COMPLETE,PICKING RED BOX,NONE,Box closed. Experiment successfully completed.,0.0,CLOSED,-0.678,-0.344,1.2,-0.68,-1.246,2.068,34.7,144.5,-63.1,0,0.0,0.0,0.0,0.0,0.0,0.0,0.0,0.0,0.0,0.0,0.0,0.0,0.0,0.0,DOCKED,1,0.5,2,OBJECT_EXTRACTED,0.88,Deterministic kinematic fallback verification.
251,21.342,2026-09-16T13:46:13.017729Z,16.0,4,COMPLETE,PICKING RED BOX,NONE,Box closed. Experiment successfully completed.,0.0,CLOSED,-0.679,-0.342,1.2,-0.68,-1.245,2.069,35.1,145.1,-63.2,0,0.0,0.0,0.0,0.0,0.0,0.0,0.0,0.0,0.0,0.0,0.0,0.0,0.0,0.0,DOCKED,1,0.5,2,OBJECT_EXTRACTED,0.88,Deterministic kinematic fallback verification.
252,21.406,2026-09-16T13:46:13.080877Z,16.4,4,COMPLETE,PICKING RED BOX,NONE,Box closed. Experiment successfully completed.,0.0,CLOSED,-0.682,-0.342,1.2,-0.683,-1.244,2.07,34.7,144.5,-62.9,0,0.0,0.0,0.0,0.0,0.0,0.0,0.0,0.0,0.0,0.0,0.0,0.0,0.0,0.0,DOCKED,1,0.5,2,OBJECT_EXTRACTED,0.88,Deterministic kinematic fallback verification.
253,21.469,2026-09-16T13:46:13.144435Z,16.1,4,COMPLETE,PICKING RED BOX,NONE,Box closed. Experiment successfully completed.,0.0,CLOSED,-0.68,-0.345,1.2,-0.683,-1.245,2.069,33.0,145.1,-63.2,0,0.0,0.0,0.0,0.0,0.0,0.0,0.0,0.0,0.0,0.0,0.0,0.0,0.0,0.0,DOCKED,1,0.5,2,OBJECT_EXTRACTED,0.88,Deterministic kinematic fallback verification.
254,21.531,2026-09-16T13:46:13.206428Z,16.2,4,COMPLETE,HOLDING RED BOX,NONE,Box closed. Experiment successfully completed.,0.0,CLOSED,-0.682,-0.344,1.2,-0.683,-1.247,2.068,34.5,144.6,-63.2,0,0.0,0.0,0.0,0.0,0.0,0.0,0.0,0.0,0.0,0.0,0.0,0.0,0.0,0.0,DOCKED,1,0.5,2,OBJECT_EXTRACTED,0.88,Deterministic kinematic fallback verification.
255,21.589,2026-09-16T13:46:13.263935Z,15.9,4,COMPLETE,PICKING RED BOX,NONE,Box closed. Experiment successfully completed.,0.0,CLOSED,-0.685,-0.346,1.2,-0.687,-1.246,2.068,30.4,144.8,-63.1,0,0.0,0.0,0.0,0.0,0.0,0.0,0.0,0.0,0.0,0.0,0.0,0.0,0.0,0.0,DOCKED,1,0.5,2,OBJECT_EXTRACTED,0.88,Deterministic kinematic fallback verification.
256,21.678,2026-09-16T13:46:13.352978Z,12.8,4,COMPLETE,HOLDING RED BOX,NONE,Box closed. Experiment successfully completed.,0.0,CLOSED,-0.689,-0.348,1.2,-0.691,-1.248,2.067,24.4,143.8,-63.2,0,0.0,0.0,0.0,0.0,0.0,0.0,0.0,0.0,0.0,0.0,0.0,0.0,0.0,0.0,DOCKED,1,0.5,2,OBJECT_EXTRACTED,0.88,Deterministic kinematic fallback verification.
257,21.741,2026-09-16T13:46:13.416173Z,16.0,4,COMPLETE,HOLDING RED BOX,NONE,Box closed. Experiment successfully completed.,0.0,CLOSED,-0.696,-0.35,1.2,-0.694,-1.251,2.065,19.3,142.3,-61.7,0,0.0,0.0,0.0,0.0,0.0,0.0,0.0,0.0,0.0,0.0,0.0,0.0,0.0,0.0,DOCKED,1,0.5,2,OBJECT_EXTRACTED,0.88,Deterministic kinematic fallback verification.
258,21.81,2026-09-16T13:46:13.485387Z,12.8,4,COMPLETE,HOLDING RED BOX,NONE,Box closed. Experiment successfully completed.,0.0,CLOSED,-0.701,-0.35,1.2,-0.7,-1.252,2.065,17.7,140.1,-60.1,0,0.0,0.0,0.0,0.0,0.0,0.0,0.0,0.0,0.0,0.0,0.0,0.0,0.0,0.0,DOCKED,1,0.5,2,OBJECT_EXTRACTED,0.88,Deterministic kinematic fallback verification.
259,21.878,2026-09-16T13:46:13.553762Z,16.3,4,COMPLETE,HOLDING RED BOX,NONE,Box closed. Experiment successfully completed.,0.0,CLOSED,-0.709,-0.359,1.2,-0.705,-1.255,2.063,8.1,139.8,-57.8,0,0.0,0.0,0.0,0.0,0.0,0.0,0.0,0.0,0.0,0.0,0.0,0.0,0.0,0.0,DOCKED,1,0.5,2,OBJECT_EXTRACTED,0.88,Deterministic kinematic fallback verification.
260,21.932,2026-09-16T13:46:13.607653Z,16.2,4,COMPLETE,HOLDING RED BOX,NONE,Box closed. Experiment successfully completed.,0.0,CLOSED,-0.728,-0.355,1.2,-0.718,-1.259,2.061,16.6,143.5,-59.9,0,0.0,0.0,0.0,0.0,0.0,0.0,0.0,0.0,0.0,0.0,0.0,0.0,0.0,0.0,DOCKED,1,0.5,2,OBJECT_EXTRACTED,0.88,Deterministic kinematic fallback verification.
261,21.994,2026-09-16T13:46:13.669245Z,16.1,4,COMPLETE,HOLDING RED BOX,NONE,Box closed. Experiment successfully completed.,0.0,CLOSED,-0.721,-0.355,1.2,-0.73,-1.254,2.063,27.9,144.1,-61.3,0,0.0,0.0,0.0,0.0,0.0,0.0,0.0,0.0,0.0,0.0,0.0,0.0,0.0,0.0,DOCKED,1,0.5,2,OBJECT_EXTRACTED,0.88,Deterministic kinematic fallback verification.
262,22.06,2026-09-16T13:46:13.735710Z,16.1,4,COMPLETE,HOLDING RED BOX,NONE,Box closed. Experiment successfully completed.,0.0,CLOSED,-0.715,-0.356,1.2,-0.718,-1.254,2.063,119.3,147.8,-62.1,0,0.0,0.0,0.0,0.0,0.0,0.0,0.0,0.0,0.0,0.0,0.0,0.0,0.0,0.0,DOCKED,1,0.5,2,OBJECT_EXTRACTED,0.88,Deterministic kinematic fallback verification.
263,22.147,2026-09-16T13:46:13.822521Z,16.1,4,COMPLETE,HOLDING RED BOX,NONE,Box closed. Experiment successfully completed.,0.0,CLOSED,-0.701,-0.348,1.2,-0.706,-1.251,2.065,133.5,148.9,-64.0,0,0.0,0.0,0.0,0.0,0.0,0.0,0.0,0.0,0.0,0.0,0.0,0.0,0.0,0.0,DOCKED,1,0.5,2,OBJECT_EXTRACTED,0.88,Deterministic kinematic fallback verification.
264,22.245,2026-09-16T13:46:13.920771Z,10.7,4,COMPLETE,HOLDING RED BOX,NONE,Box closed. Experiment successfully completed.,0.0,CLOSED,-0.698,-0.364,1.2,-0.694,-1.252,2.064,88.0,142.8,-59.7,0,0.0,0.0,0.0,0.0,0.0,0.0,0.0,0.0,0.0,0.0,0.0,0.0,0.0,0.0,DOCKED,1,0.5,2,OBJECT_EXTRACTED,0.88,Deterministic kinematic fallback verification.
265,22.308,2026-09-16T13:46:13.983280Z,10.6,4,COMPLETE,HOLDING RED BOX,NONE,Box closed. Experiment successfully completed.,0.0,CLOSED,-0.701,-0.359,1.2,-0.695,-1.261,2.059,97.3,140.5,-58.2,0,0.0,0.0,0.0,0.0,0.0,0.0,0.0,0.0,0.0,0.0,0.0,0.0,0.0,0.0,DOCKED,1,0.5,2,OBJECT_EXTRACTED,0.88,Deterministic kinematic fallback verification.
266,22.369,2026-09-16T13:46:14.044676Z,16.0,4,COMPLETE,HOLDING RED BOX,NONE,Box closed. Experiment successfully completed.,0.0,CLOSED,-0.669,-0.373,1.2,-0.684,-1.26,2.059,60.9,144.4,-62.1,0,0.0,0.0,0.0,0.0,0.0,0.0,0.0,0.0,0.0,0.0,0.0,0.0,0.0,0.0,DOCKED,1,0.5,2,OBJECT_EXTRACTED,0.88,Deterministic kinematic fallback verification.
267,22.431,2026-09-16T13:46:14.106728Z,16.0,4,COMPLETE,HOLDING RED BOX,NONE,Box closed. Experiment successfully completed.,0.0,CLOSED,-0.707,-0.349,1.2,-0.68,-1.258,2.061,84.2,145.0,-61.9,0,0.0,0.0,0.0,0.0,0.0,0.0,0.0,0.0,0.0,0.0,0.0,0.0,0.0,0.0,DOCKED,1,0.5,2,OBJECT_EXTRACTED,0.88,Deterministic kinematic fallback verification.
268,22.495,2026-09-16T13:46:14.169998Z,16.3,4,COMPLETE,HOLDING RED BOX [ROM LIMIT],NONE,Box closed. Experiment successfully completed.,0.0,CLOSED,-0.756,-0.323,1.2,-0.738,-1.229,2.078,145.0,145.2,-60.6,1,0.0,0.0,0.0,0.0,0.0,0.0,0.0,0.0,0.0,0.0,0.0,0.0,0.0,0.0,DOCKED,1,0.5,2,OBJECT_EXTRACTED,0.88,Deterministic kinematic fallback verification.
269,22.562,2026-09-16T13:46:14.237563Z,16.3,4,COMPLETE,HOLDING COMPONENT BOX [ROM LIMIT],NONE,Box closed. Experiment successfully completed.,7.0,CLOSED,-0.751,-0.324,1.2,-0.77,-1.215,2.086,145.0,143.4,-58.8,1,-0.566,-1.114,2.144,299.6,277.3,536.0,439.0,-0.465,-1.232,2.019,466.0,152.0,524.0,219.0,RELEASED,0,0.312,2,OBJECT_EXTRACTED,0.88,Deterministic kinematic fallback verification.
270,22.624,2026-09-16T13:46:14.299749Z,16.2,4,COMPLETE,HOLDING COMPONENT BOX [ROM LIMIT],NONE,Box closed. Experiment successfully completed.,12.3,CLOSED,-0.756,-0.323,1.2,-0.763,-1.218,2.084,145.0,143.5,-60.8,1,-0.565,-1.114,2.145,301.1,279.1,536.7,438.6,-0.466,-1.232,2.019,466.0,152.0,522.0,220.0,RELEASED,0,0.305,2,OBJECT_EXTRACTED,0.88,Deterministic kinematic fallback verification.
271,22.713,2026-09-16T13:46:14.387955Z,10.7,4,COMPLETE,HOLDING COMPONENT BOX [ROM LIMIT],NONE,Box closed. Experiment successfully completed.,16.2,CLOSED,-0.768,-0.314,1.2,-0.773,-1.212,2.088,145.0,141.1,-58.5,1,-0.565,-1.113,2.145,299.9,280.2,537.6,438.1,-0.466,-1.232,2.018,466.0,150.0,522.0,220.0,RELEASED,0,0.315,2,OBJECT_EXTRACTED,0.88,Deterministic kinematic fallback verification.
272,22.783,2026-09-16T13:46:14.458696Z,16.1,1,BOX_OPENED,RETURNING COMPONENT BOX INTO BOX [ROM LIMIT],NONE,Box opened. Next step: Please take out the object.,30.9,OPEN,-0.78,-0.301,1.2,-0.784,-1.204,2.092,145.0,140.2,-58.1,1,-0.385,-1.247,2.068,512.1,117.8,670.8,304.6,-0.385,-1.247,2.068,559.7,186.2,623.2,236.2,DOCKED,1,0.402,2,OBJECT_EXTRACTED,0.88,Deterministic kinematic fallback verification.
273,22.853,2026-09-16T13:46:14.528168Z,12.8,1,BOX_OPENED,RETURNING COMPONENT BOX INTO BOX [ROM LIMIT],NONE,Box opened. Next step: Please take out the object.,41.9,OPEN,-0.783,-0.291,1.2,-0.793,-1.192,2.099,145.0,141.6,-59.2,1,-0.385,-1.247,2.068,511.1,118.5,670.5,304.2,-0.385,-1.247,2.068,558.9,186.3,622.7,236.3,DOCKED,1,0.413,2,OBJECT_EXTRACTED,0.88,Deterministic kinematic fallback verification.
274,22.921,2026-09-16T13:46:14.596075Z,16.1,1,BOX_OPENED,RETURNING COMPONENT BOX INTO BOX [ROM LIMIT],NONE,Box opened. Next step: Please take out the object.,50.2,OPEN,-0.788,-0.291,1.2,-0.794,-1.19,2.1,145.0,139.3,-57.1,1,-0.386,-1.248,2.067,511.0,117.9,670.0,303.1,-0.386,-1.248,2.067,558.7,185.5,622.3,235.5,DOCKED,1,0.414,2,OBJECT_EXTRACTED,0.88,Deterministic kinematic fallback verification.
275,22.984,2026-09-16T13:46:14.658876Z,16.2,1,BOX_OPENED,RETURNING COMPONENT BOX INTO BOX [ROM LIMIT],NONE,Box opened. Next step: Please take out the object.,56.4,OPEN,-0.79,-0.283,1.2,-0.795,-1.188,2.101,145.0,138.9,-57.2,1,-0.385,-1.248,2.067,511.2,117.0,670.4,303.7,-0.385,-1.248,2.067,559.0,185.4,622.7,235.4,DOCKED,1,0.416,2,OBJECT_EXTRACTED,0.88,Deterministic kinematic fallback verification.
276,23.041,2026-09-16T13:46:14.716550Z,16.0,1,BOX_OPENED,HOLDING RED BOX [ROM LIMIT],NONE,Box opened. Next step: Please take out the object.,42.3,OPEN,-0.798,-0.271,1.2,-0.799,-1.179,2.107,145.0,137.7,-56.0,1,0.0,0.0,0.0,0.0,0.0,0.0,0.0,0.0,0.0,0.0,0.0,0.0,0.0,0.0,DOCKED,1,0.5,2,OBJECT_EXTRACTED,0.88,Deterministic kinematic fallback verification.
277,23.099,2026-09-16T13:46:14.774291Z,16.2,1,BOX_OPENED,HOLDING RED BOX [ROM LIMIT],NONE,Box opened. Next step: Please take out the object.,31.7,OPEN,-0.798,-0.265,1.2,-0.804,-1.171,2.112,145.0,137.8,-56.1,1,0.0,0.0,0.0,0.0,0.0,0.0,0.0,0.0,0.0,0.0,0.0,0.0,0.0,0.0,DOCKED,1,0.5,2,OBJECT_EXTRACTED,0.88,Deterministic kinematic fallback verification.
278,23.17,2026-09-16T13:46:14.845615Z,16.2,2,OBJECT_EXTRACTED,HOLDING RED BOX [ROM LIMIT],NONE,Object extracted. Next step: Please return the object into the box.,23.8,OPEN,-0.796,-0.258,1.2,-0.802,-1.166,2.115,145.0,136.2,-56.8,1,0.0,0.0,0.0,0.0,0.0,0.0,0.0,0.0,0.0,0.0,0.0,0.0,0.0,0.0,DOCKED,1,0.5,2,OBJECT_EXTRACTED,0.88,Deterministic kinematic fallback verification.
279,23.255,2026-09-16T13:46:14.930293Z,12.9,2,OBJECT_EXTRACTED,HOLDING RED BOX [ROM LIMIT],NONE,Object extracted. Next step: Please return the object into the box.,17.8,CLOSED,-0.793,-0.244,1.2,-0.798,-1.156,2.12,145.0,137.4,-57.2,1,0.0,0.0,0.0,0.0,0.0,0.0,0.0,0.0,0.0,0.0,0.0,0.0,0.0,0.0,DOCKED,1,0.5,2,OBJECT_EXTRACTED,0.88,Deterministic kinematic fallback verification.
280,23.321,2026-09-16T13:46:14.996048Z,12.9,2,OBJECT_EXTRACTED,HOLDING RED BOX [ROM LIMIT],NONE,Object extracted. Next step: Please return the object into the box.,13.4,CLOSED,-0.803,-0.244,1.2,-0.801,-1.15,2.123,145.0,136.2,-56.3,1,0.0,0.0,0.0,0.0,0.0,0.0,0.0,0.0,0.0,0.0,0.0,0.0,0.0,0.0,DOCKED,1,0.5,2,OBJECT_EXTRACTED,0.88,Deterministic kinematic fallback verification.
281,23.4,2026-09-16T13:46:15.075586Z,12.8,2,OBJECT_EXTRACTED,HOLDING RED BOX [ROM LIMIT],NONE,Object extracted. Next step: Please return the object into the box.,10.0,CLOSED,-0.8,-0.242,1.2,-0.809,-1.153,2.122,145.0,134.9,-56.7,1,0.0,0.0,0.0,0.0,0.0,0.0,0.0,0.0,0.0,0.0,0.0,0.0,0.0,0.0,DOCKED,1,0.5,2,OBJECT_EXTRACTED,0.88,Deterministic kinematic fallback verification.
282,23.461,2026-09-16T13:46:15.136562Z,16.4,2,OBJECT_EXTRACTED,HOLDING RED BOX [ROM LIMIT],NONE,Object extracted. Next step: Please return the object into the box.,7.5,CLOSED,-0.799,-0.24,1.2,-0.805,-1.154,2.122,145.0,135.1,-57.0,1,0.0,0.0,0.0,0.0,0.0,0.0,0.0,0.0,0.0,0.0,0.0,0.0,0.0,0.0,DOCKED,1,0.5,2,OBJECT_EXTRACTED,0.88,Deterministic kinematic fallback verification.
283,23.539,2026-09-16T13:46:15.214598Z,16.3,2,OBJECT_EXTRACTED,HOLDING RED BOX [ROM LIMIT],NONE,Object extracted. Next step: Please return the object into the box.,5.6,CLOSED,-0.803,-0.243,1.2,-0.806,-1.155,2.121,145.0,135.9,-57.2,1,0.0,0.0,0.0,0.0,0.0,0.0,0.0,0.0,0.0,0.0,0.0,0.0,0.0,0.0,DOCKED,1,0.5,2,OBJECT_EXTRACTED,0.88,Deterministic kinematic fallback verification.
284,23.595,2026-09-16T13:46:15.270590Z,13.0,2,OBJECT_EXTRACTED,HOLDING RED BOX [ROM LIMIT],NONE,Object extracted. Next step: Please return the object into the box.,4.2,CLOSED,-0.805,-0.243,1.2,-0.809,-1.157,2.12,145.0,135.5,-56.4,1,0.0,0.0,0.0,0.0,0.0,0.0,0.0,0.0,0.0,0.0,0.0,0.0,0.0,0.0,DOCKED,1,0.5,2,OBJECT_EXTRACTED,0.88,Deterministic kinematic fallback verification.
285,23.663,2026-09-16T13:46:15.338665Z,15.9,2,OBJECT_EXTRACTED,HOLDING RED BOX [ROM LIMIT],NONE,Object extracted. Next step: Please return the object into the box.,3.2,CLOSED,-0.803,-0.246,1.2,-0.808,-1.157,2.12,145.0,136.1,-57.1,1,0.0,0.0,0.0,0.0,0.0,0.0,0.0,0.0,0.0,0.0,0.0,0.0,0.0,0.0,DOCKED,1,0.5,2,OBJECT_EXTRACTED,0.88,Deterministic kinematic fallback verification.
286,23.733,2026-09-16T13:46:15.408600Z,13.0,2,OBJECT_EXTRACTED,HOLDING RED BOX [ROM LIMIT],NONE,Object extracted. Next step: Please return the object into the box.,2.4,CLOSED,-0.805,-0.245,1.2,-0.807,-1.159,2.119,145.0,136.1,-57.2,1,0.0,0.0,0.0,0.0,0.0,0.0,0.0,0.0,0.0,0.0,0.0,0.0,0.0,0.0,DOCKED,1,0.5,2,OBJECT_EXTRACTED,0.88,Deterministic kinematic fallback verification.
287,23.795,2026-09-16T13:46:15.470757Z,16.0,2,OBJECT_EXTRACTED,HOLDING RED BOX [ROM LIMIT],NONE,Object extracted. Next step: Please return the object into the box.,1.8,CLOSED,-0.807,-0.244,1.2,-0.81,-1.158,2.12,145.0,136.1,-57.3,1,0.0,0.0,0.0,0.0,0.0,0.0,0.0,0.0,0.0,0.0,0.0,0.0,0.0,0.0,DOCKED,1,0.5,2,OBJECT_EXTRACTED,0.88,Deterministic kinematic fallback verification.
288,23.86,2026-09-16T13:46:15.535191Z,15.7,2,OBJECT_EXTRACTED,HOLDING RED BOX [ROM LIMIT],NONE,Object extracted. Next step: Please return the object into the box.,1.3,CLOSED,-0.804,-0.244,1.2,-0.807,-1.16,2.118,145.0,137.9,-59.5,1,0.0,0.0,0.0,0.0,0.0,0.0,0.0,0.0,0.0,0.0,0.0,0.0,0.0,0.0,DOCKED,1,0.5,2,OBJECT_EXTRACTED,0.88,Deterministic kinematic fallback verification.
289,23.924,2026-09-16T13:46:15.599529Z,16.0,2,OBJECT_EXTRACTED,HOLDING RED BOX [ROM LIMIT],NONE,Object extracted. Next step: Please return the object into the box.,1.0,CLOSED,-0.802,-0.247,1.2,-0.801,-1.162,2.117,145.0,138.7,-59.5,1,0.0,0.0,0.0,0.0,0.0,0.0,0.0,0.0,0.0,0.0,0.0,0.0,0.0,0.0,DOCKED,1,0.5,2,OBJECT_EXTRACTED,0.88,Deterministic kinematic fallback verification.
290,23.991,2026-09-16T13:46:15.665828Z,16.2,2,OBJECT_EXTRACTED,RETURNING COMPONENT BOX INTO BOX [ROM LIMIT],NONE,Object extracted. Next step: Please return the object into the box.,7.9,CLOSED,-0.801,-0.252,1.2,-0.799,-1.167,2.114,145.0,138.5,-59.4,1,-0.63,-1.28,2.049,229.2,37.4,483.9,312.1,-0.63,-1.28,2.049,305.6,140.4,407.5,209.1,DOCKED,1,0.214,2,OBJECT_EXTRACTED,0.88,Deterministic kinematic fallback verification.
291,24.05,2026-09-16T13:46:15.725510Z,15.9,2,OBJECT_EXTRACTED,RETURNING COMPONENT BOX INTO BOX [ROM LIMIT],NONE,Object extracted. Next step: Please return the object into the box.,13.3,CLOSED,-0.794,-0.264,1.2,-0.795,-1.176,2.109,145.0,139.1,-59.2,1,-0.631,-1.281,2.048,227.5,38.1,482.8,308.9,-0.631,-1.281,2.048,304.1,139.6,406.2,207.4,DOCKED,1,0.204,2,OBJECT_EXTRACTED,0.88,Deterministic kinematic fallback verification.
292,24.112,2026-09-16T13:46:15.787450Z,16.2,2,OBJECT_EXTRACTED,RETURNING COMPONENT BOX INTO BOX [ROM LIMIT],NONE,Object extracted. Next step: Please return the object into the box.,17.4,CLOSED,-0.792,-0.272,1.2,-0.789,-1.186,2.103,145.0,138.6,-57.5,1,-0.634,-1.282,2.047,223.0,37.5,482.6,307.3,-0.634,-1.282,2.047,300.9,138.7,404.7,206.1,DOCKED,1,0.191,2,OBJECT_EXTRACTED,0.88,Deterministic kinematic fallback verification.
293,24.175,2026-09-16T13:46:15.849998Z,15.7,2,OBJECT_EXTRACTED,RETURNING COMPONENT BOX INTO BOX [ROM LIMIT],NONE,Object extracted. Next step: Please return the object into the box.,20.3,OPEN,-0.783,-0.285,1.2,-0.784,-1.195,2.098,145.0,138.6,-56.6,1,-0.636,-1.283,2.047,218.1,35.5,483.0,307.7,-0.636,-1.283,2.047,297.6,137.6,403.5,205.6,DOCKED,1,0.179,2,OBJECT_EXTRACTED,0.88,Deterministic kinematic fallback verification.
294,24.237,2026-09-16T13:46:15.912764Z,16.3,2,OBJECT_EXTRACTED,RETURNING COMPONENT BOX INTO BOX [ROM LIMIT],NONE,Object extracted. Next step: Please return the object into the box.,22.4,OPEN,-0.77,-0.302,1.2,-0.771,-1.21,2.09,145.0,139.2,-57.2,1,-0.637,-1.283,2.047,217.3,33.9,482.7,308.6,-0.637,-1.283,2.047,296.9,136.9,403.1,205.6,DOCKED,1,0.159,2,OBJECT_EXTRACTED,0.88,Deterministic kinematic fallback verification.
295,24.301,2026-09-16T13:46:15.976156Z,16.1,2,OBJECT_EXTRACTED,RETURNING COMPONENT BOX INTO BOX [ROM LIMIT],NONE,Object extracted. Next step: Please return the object into the box.,35.6,OPEN,-0.756,-0.314,1.2,-0.755,-1.223,2.082,145.0,139.7,-57.6,1,-0.383,-1.252,2.065,513.4,115.1,672.7,297.1,-0.383,-1.252,2.065,561.2,181.1,624.9,231.1,DOCKED,1,0.374,2,OBJECT_EXTRACTED,0.88,Deterministic kinematic fallback verification.
296,24.357,2026-09-16T13:46:16.032698Z,17.2,2,OBJECT_EXTRACTED,RETURNING COMPONENT BOX INTO BOX [ROM LIMIT],NONE,Object extracted. Next step: Please return the object into the box.,34.2,OPEN,-0.746,-0.328,1.2,-0.743,-1.234,2.076,145.0,137.8,-56.9,1,-0.629,-1.286,2.045,231.5,32.2,482.1,303.7,-0.629,-1.286,2.045,306.7,134.0,406.9,201.8,DOCKED,1,0.129,2,OBJECT_EXTRACTED,0.88,Deterministic kinematic fallback verification.
297,24.423,2026-09-16T13:46:16.098747Z,15.2,3,OBJECT_RETURNED,RETURNING COMPONENT BOX INTO BOX [ROM LIMIT],NONE,Object returned. Next step: Please close the box.,32.9,OPEN,-0.739,-0.328,1.2,-0.735,-1.241,2.071,145.0,133.6,-54.5,1,-0.631,-1.287,2.045,228.6,30.9,482.6,303.5,-0.631,-1.287,2.045,304.8,133.1,406.4,201.3,DOCKED,1,0.117,2,OBJECT_EXTRACTED,0.88,Deterministic kinematic fallback verification.
298,24.49,2026-09-16T13:46:16.165001Z,15.9,3,OBJECT_RETURNED,RETURNING COMPONENT BOX INTO BOX,NONE,Object returned. Next step: Please close the box.,43.5,OPEN,-0.718,-0.319,1.2,-0.722,-1.234,2.076,97.3,134.1,-56.7,0,-0.384,-1.255,2.063,511.6,109.8,673.3,294.9,-0.384,-1.255,2.063,560.1,177.3,624.8,227.3,DOCKED,1,0.339,2,OBJECT_EXTRACTED,0.88,Deterministic kinematic fallback verification.
299,24.573,2026-09-16T13:46:16.248559Z,12.9,3,OBJECT_RETURNED,HOLDING RED BOX,NONE,Object returned. Next step: Please close the box.,32.6,OPEN,-0.708,-0.308,1.2,-0.702,-1.221,2.083,95.7,138.7,-59.0,0,0.0,0.0,0.0,0.0,0.0,0.0,0.0,0.0,0.0,0.0,0.0,0.0,0.0,0.0,DOCKED,1,0.5,2,OBJECT_EXTRACTED,0.88,Deterministic kinematic fallback verification.
300,24.665,2026-09-16T13:46:16.339970Z,11.4,3,OBJECT_RETURNED,RETURNING COMPONENT BOX INTO BOX,NONE,Object returned. Next step: Please close the box.,31.5,OPEN,-0.692,-0.312,1.2,-0.69,-1.216,2.086,83.9,142.1,-59.9,0,-0.632,-1.289,2.044,227.2,27.8,482.2,303.0,-0.632,-1.289,2.044,303.7,131.0,405.7,199.8,DOCKED,1,0.102,4,COMPLETE,0.88,Deterministic kinematic fallback verification.
301,24.753,2026-09-16T13:46:16.428075Z,10.1,3,OBJECT_RETURNED,RETURNING COMPONENT BOX INTO BOX,NONE,Object returned. Next step: Please close the box.,30.6,OPEN,-0.687,-0.295,1.2,-0.68,-1.212,2.088,102.5,141.6,-64.6,0,-0.629,-1.277,2.05,230.9,30.0,483.1,325.5,-0.629,-1.277,2.05,306.6,140.8,407.4,214.7,DOCKED,1,0.091,4,COMPLETE,0.88,Deterministic kinematic fallback verification.
302,24.812,2026-09-16T13:46:16.487590Z,16.3,3,OBJECT_RETURNED,RETURNING COMPONENT BOX INTO BOX,NONE,Object returned. Next step: Please close the box.,29.9,OPEN,-0.672,-0.283,1.2,-0.674,-1.198,2.096,103.6,143.6,-66.7,0,-0.627,-1.277,2.05,234.7,29.7,483.8,325.9,-0.627,-1.277,2.05,309.4,140.8,409.1,214.8,DOCKED,1,0.103,4,COMPLETE,0.88,Deterministic kinematic fallback verification.
303,24.887,2026-09-16T13:46:16.562474Z,16.1,3,OBJECT_RETURNED,RETURNING COMPONENT BOX INTO BOX,NONE,Object returned. Next step: Please close the box.,29.5,OPEN,-0.66,-0.27,1.2,-0.659,-1.184,2.104,108.4,147.8,-69.8,0,-0.625,-1.281,2.048,238.3,28.9,484.0,318.2,-0.625,-1.281,2.048,312.0,137.4,410.3,209.7,DOCKED,1,0.117,4,COMPLETE,0.88,Deterministic kinematic fallback verification.
304,24.941,2026-09-16T13:46:16.616100Z,14.5,3,OBJECT_RETURNED,RETURNING COMPONENT BOX INTO BOX,NONE,Object returned. Next step: Please close the box.,29.1,OPEN,-0.657,-0.258,1.2,-0.652,-1.173,2.111,116.8,150.8,-72.7,0,-0.623,-1.282,2.048,241.2,28.3,485.0,317.4,-0.623,-1.282,2.048,314.4,136.7,411.9,208.9,DOCKED,1,0.129,4,COMPLETE,0.88,Deterministic kinematic fallback verification.
305,25.006,2026-09-16T13:46:16.681445Z,17.8,3,OBJECT_RETURNED,RETURNING COMPONENT BOX INTO BOX,NONE,Object returned. Next step: Please close the box.,29.0,OPEN,-0.647,-0.245,1.2,-0.648,-1.161,2.118,122.1,151.4,-74.7,0,-0.621,-1.283,2.047,244.3,28.4,485.7,315.1,-0.621,-1.283,2.047,316.8,135.9,413.3,207.6,DOCKED,1,0.144,4,COMPLETE,0.88,Deterministic kinematic fallback verification.
306,25.076,2026-09-16T13:46:16.751445Z,12.9,3,OBJECT_RETURNED,RETURNING COMPONENT BOX INTO BOX,NONE,Object returned. Next step: Please close the box.,28.7,OPEN,-0.653,-0.241,1.2,-0.645,-1.151,2.123,125.0,153.2,-74.8,0,-0.62,-1.284,2.047,246.1,30.8,485.4,310.6,-0.62,-1.284,2.047,317.9,135.7,413.6,205.7,DOCKED,1,0.155,4,COMPLETE,0.88,Deterministic kinematic fallback verification.
307,25.146,2026-09-16T13:46:16.820922Z,16.0,3,OBJECT_RETURNED,RETURNING COMPONENT BOX INTO BOX,NONE,Object returned. Next step: Please close the box.,28.5,OPEN,-0.651,-0.24,1.2,-0.653,-1.153,2.122,124.7,153.4,-75.1,0,-0.619,-1.284,2.047,247.8,30.5,485.1,311.2,-0.619,-1.284,2.047,319.0,135.8,413.9,206.0,DOCKED,1,0.155,4,COMPLETE,0.88,Deterministic kinematic fallback verification.
308,25.216,2026-09-16T13:46:16.891222Z,12.9,3,OBJECT_RETURNED,RETURNING COMPONENT BOX INTO BOX,NONE,Object returned. Next step: Please close the box.,28.4,OPEN,-0.648,-0.24,1.2,-0.652,-1.154,2.121,120.2,152.7,-74.2,0,-0.619,-1.284,2.046,249.2,30.7,484.3,309.6,-0.619,-1.284,2.046,319.7,135.3,413.7,205.0,DOCKED,1,0.154,4,COMPLETE,0.88,Deterministic kinematic fallback verification.
309,25.279,2026-09-16T13:46:16.953844Z,16.0,3,OBJECT_RETURNED,RETURNING COMPONENT BOX INTO BOX,NONE,Object returned. Next step: Please close the box.,28.3,OPEN,-0.647,-0.241,1.2,-0.65,-1.156,2.12,118.1,152.3,-74.1,0,-0.619,-1.285,2.046,249.9,30.0,483.5,309.3,-0.619,-1.285,2.046,320.0,134.7,413.4,204.6,DOCKED,1,0.152,4,COMPLETE,0.88,Deterministic kinematic fallback verification.
310,25.341,2026-09-16T13:46:17.016335Z,16.2,3,OBJECT_RETURNED,RETURNING COMPONENT BOX INTO BOX,NONE,Object returned. Next step: Please close the box.,28.2,OPEN,-0.645,-0.245,1.2,-0.648,-1.159,2.118,115.4,152.3,-74.0,0,-0.62,-1.285,2.046,249.6,30.2,482.3,307.6,-0.62,-1.285,2.046,319.4,134.2,412.5,203.6,DOCKED,1,0.149,4,COMPLETE,0.88,Deterministic kinematic fallback verification.
311,25.404,2026-09-16T13:46:17.079194Z,16.3,3,OBJECT_RETURNED,RETURNING COMPONENT BOX INTO BOX,NONE,Object returned. Next step: Please close the box.,28.2,OPEN,-0.647,-0.251,1.2,-0.649,-1.164,2.115,111.9,150.8,-73.0,0,-0.621,-1.286,2.045,248.1,29.7,481.3,306.0,-0.621,-1.286,2.045,318.1,133.3,411.3,202.4,DOCKED,1,0.144,4,COMPLETE,0.88,Deterministic kinematic fallback verification.
312,25.463,2026-09-16T13:46:17.138768Z,16.0,3,OBJECT_RETURNED,RETURNING COMPONENT BOX INTO BOX,NONE,Object returned. Next step: Please close the box.,28.1,OPEN,-0.641,-0.252,1.2,-0.647,-1.168,2.113,111.2,152.4,-72.6,0,-0.622,-1.285,2.046,247.4,30.8,480.9,308.8,-0.622,-1.285,2.046,317.5,135.0,410.9,204.5,DOCKED,1,0.137,4,COMPLETE,0.88,Deterministic kinematic fallback verification.
