frame_id,timestamp_sec,timestamp_iso,fps,step_id,step_name,activity,anomaly,instruction,lid_angle_deg,lid_state,wrist_cam_x,wrist_cam_y,wrist_cam_z,wrist_rack_x,wrist_rack_y,wrist_rack_z,elbow_angle_deg,shoulder_angle_deg,body_orientation_deg,rom_violated,container_rack_x,container_rack_y,container_rack_z,container_xmin,container_ymin,container_xmax,container_ymax,component_rack_x,component_rack_y,component_rack_z,component_xmin,component_ymin,component_xmax,component_ymax,component_state,component_is_inside,hand_to_object_dist_m,llm_verified_step,llm_verified_name,llm_confidence,llm_reason
1,7.272,2026-09-10T08:59:00.444969Z,27.7,0,IDLE,IDLE,NONE,System initialized. Please open the box.,0.0,CLOSED,-0.612,-0.352,1.1,-0.459,-0.904,1.483,145.0,0.0,-137.7,1,-0.668,-1.249,2.067,0.0,168.0,640.0,250.0,-0.64,-1.244,2.012,275.0,137.0,365.0,207.0,DOCKED,1,0.654,0,IDLE,1.0,System initialized. Awaiting box opening.
2,7.477,2026-09-10T08:59:00.650245Z,0.5,0,IDLE,APPROACH COMPONENT BOX,NONE,System initialized. Please open the box.,0.0,CLOSED,-0.612,-0.352,1.1,-0.574,-1.13,1.854,145.0,0.0,-137.7,1,-0.668,-1.13,2.135,140.8,230.4,499.2,451.2,-0.64,-1.244,2.012,275.0,137.0,365.0,207.0,RELEASED,0,0.205,0,IDLE,1.0,System initialized. Awaiting box opening.
3,7.585,2026-09-10T08:59:00.757983Z,8.4,0,IDLE,EXTRACT COMPONENT BOX,NONE,System initialized. Please open the box.,7.3,CLOSED,-0.612,-0.352,1.1,-0.596,-1.173,1.926,145.0,0.0,-137.7,1,-0.668,-1.13,2.135,140.8,230.4,499.2,451.2,-0.64,-1.244,2.012,275.0,137.0,365.0,207.0,EXTRACTED,0,0.119,0,IDLE,1.0,System initialized. Awaiting box opening.
4,7.673,2026-09-10T08:59:00.846059Z,10.0,0,IDLE,EXTRACT COMPONENT BOX,NONE,System initialized. Please open the box.,14.5,CLOSED,-0.612,-0.352,1.1,-0.605,-1.19,1.953,145.0,0.0,-137.7,1,-0.668,-1.13,2.135,140.8,230.4,499.2,451.2,-0.64,-1.244,2.012,275.0,137.0,365.0,207.0,EXTRACTED,0,0.088,0,IDLE,1.0,System initialized. Awaiting box opening.
5,7.758,2026-09-10T08:59:00.930910Z,11.9,0,IDLE,EXTRACT COMPONENT BOX,NONE,System initialized. Please open the box.,20.1,OPEN,-0.612,-0.352,1.1,-0.608,-1.197,1.965,145.0,0.0,-137.7,1,-0.668,-1.13,2.135,140.8,230.4,499.2,451.2,-0.64,-1.244,2.012,275.0,137.0,365.0,207.0,EXTRACTED,0,0.073,0,IDLE,1.0,System initialized. Awaiting box opening.
6,7.846,2026-09-10T08:59:01.019352Z,11.6,0,IDLE,EXTRACT COMPONENT BOX,NONE,System initialized. Please open the box.,24.6,OPEN,-0.612,-0.351,1.1,-0.61,-1.201,1.971,145.0,0.0,-137.7,1,-0.668,-1.13,2.135,140.8,230.4,499.2,451.2,-0.64,-1.243,2.012,275.0,138.0,365.0,208.0,EXTRACTED,0,0.066,0,IDLE,1.0,System initialized. Awaiting box opening.
7,7.936,2026-09-10T08:59:01.109254Z,10.6,0,IDLE,EXTRACT COMPONENT BOX,NONE,System initialized. Please open the box.,28.2,OPEN,-0.612,-0.352,1.1,-0.611,-1.203,1.974,145.0,0.0,-137.7,1,-0.668,-1.13,2.135,140.8,230.4,499.2,451.2,-0.64,-1.244,2.012,275.0,137.0,365.0,207.0,EXTRACTED,0,0.063,0,IDLE,1.0,System initialized. Awaiting box opening.
8,8.028,2026-09-10T08:59:01.201276Z,11.5,0,IDLE,EXTRACT COMPONENT BOX,NONE,System initialized. Please open the box.,30.8,OPEN,-0.612,-0.352,1.1,-0.612,-1.203,1.975,145.0,0.0,-137.7,1,-0.668,-1.13,2.135,140.8,230.4,499.2,451.2,-0.64,-1.244,2.012,275.0,137.0,365.0,207.0,EXTRACTED,0,0.061,0,IDLE,1.0,System initialized. Awaiting box opening.
9,8.111,2026-09-10T08:59:01.284285Z,11.2,0,IDLE,EXTRACT COMPONENT BOX,NONE,System initialized. Please open the box.,33.3,OPEN,-0.612,-0.352,1.1,-0.612,-1.204,1.976,145.0,0.0,-137.7,1,-0.668,-1.13,2.135,140.8,230.4,499.2,451.2,-0.64,-1.244,2.012,275.0,137.0,365.0,207.0,EXTRACTED,0,0.06,0,IDLE,1.0,System initialized. Awaiting box opening.
10,8.197,2026-09-10T08:59:01.370427Z,12.4,1,BOX_OPENED,EXTRACT COMPONENT BOX,NONE,Box opened. Next step: Please take out the object.,35.4,OPEN,-0.612,-0.352,1.1,-0.612,-1.204,1.977,145.0,0.0,-137.7,1,-0.668,-1.13,2.135,140.8,230.4,499.2,451.2,-0.64,-1.244,2.012,275.0,137.0,365.0,207.0,EXTRACTED,0,0.06,0,IDLE,1.0,System initialized. Awaiting box opening.
11,8.302,2026-09-10T08:59:01.474755Z,10.0,1,BOX_OPENED,EXTRACT COMPONENT BOX,NONE,Box opened. Next step: Please take out the object.,36.3,OPEN,-0.612,-0.352,1.1,-0.612,-1.204,1.977,145.0,0.0,-137.7,1,-0.668,-1.13,2.135,140.8,230.4,499.2,451.2,-0.64,-1.244,2.012,275.0,137.0,365.0,207.0,EXTRACTED,0,0.06,0,IDLE,1.0,System initialized. Awaiting box opening.
12,8.397,2026-09-10T08:59:01.569888Z,10.0,1,BOX_OPENED,EXTRACT COMPONENT BOX,NONE,Box opened. Next step: Please take out the object.,37.4,OPEN,-0.612,-0.352,1.1,-0.612,-1.204,1.977,145.0,0.0,-137.7,1,-0.668,-1.13,2.135,140.8,230.4,499.2,451.2,-0.64,-1.244,2.012,275.0,137.0,365.0,207.0,EXTRACTED,0,0.06,0,IDLE,1.0,System initialized. Awaiting box opening.
13,8.48,2026-09-10T08:59:01.653070Z,11.8,1,BOX_OPENED,EXTRACT COMPONENT BOX,NONE,Box opened. Next step: Please take out the object.,38.6,OPEN,-0.612,-0.351,1.1,-0.612,-1.204,1.977,145.0,0.0,-137.7,1,-0.668,-1.13,2.135,140.8,230.4,499.2,451.2,-0.64,-1.243,2.012,275.0,138.0,365.0,208.0,EXTRACTED,0,0.059,0,IDLE,1.0,System initialized. Awaiting box opening.
14,8.572,2026-09-10T08:59:01.744901Z,11.0,1,BOX_OPENED,EXTRACT COMPONENT BOX,NONE,Box opened. Next step: Please take out the object.,38.9,OPEN,-0.612,-0.352,1.1,-0.612,-1.204,1.977,145.0,0.0,-137.7,1,-0.668,-1.13,2.135,140.8,230.4,499.2,451.2,-0.64,-1.244,2.012,275.0,137.0,365.0,207.0,EXTRACTED,0,0.06,0,IDLE,1.0,System initialized. Awaiting box opening.
15,8.651,2026-09-10T08:59:01.823945Z,11.7,1,BOX_OPENED,EXTRACT COMPONENT BOX,NONE,Box opened. Next step: Please take out the object.,39.7,OPEN,-0.612,-0.352,1.1,-0.612,-1.204,1.977,145.0,0.0,-137.7,1,-0.668,-1.13,2.135,140.8,230.4,499.2,451.2,-0.64,-1.244,2.012,275.0,137.0,365.0,207.0,EXTRACTED,0,0.06,0,IDLE,1.0,System initialized. Awaiting box opening.
16,8.772,2026-09-10T08:59:01.945044Z,10.0,2,OBJECT_EXTRACTED,EXTRACT COMPONENT BOX,NONE,Object extracted. Next step: Please return the object into the box.,39.9,OPEN,-0.612,-0.352,1.1,-0.612,-1.204,1.977,145.0,0.0,-137.7,1,-0.668,-1.13,2.135,140.8,230.4,499.2,451.2,-0.64,-1.244,2.012,275.0,137.0,365.0,207.0,EXTRACTED,0,0.06,0,IDLE,1.0,System initialized. Awaiting box opening.
17,8.897,2026-09-10T08:59:02.069728Z,8.9,2,OBJECT_EXTRACTED,EXTRACT COMPONENT BOX,NONE,Object extracted. Next step: Please return the object into the box.,40.4,OPEN,-0.612,-0.351,1.1,-0.612,-1.204,1.977,145.0,0.0,-137.7,1,-0.668,-1.13,2.135,140.8,230.4,499.2,451.2,-0.64,-1.243,2.012,275.0,138.0,365.0,208.0,EXTRACTED,0,0.059,0,IDLE,1.0,System initialized. Awaiting box opening.
18,8.988,2026-09-10T08:59:02.160517Z,9.1,2,OBJECT_EXTRACTED,EXTRACT COMPONENT BOX,NONE,Object extracted. Next step: Please return the object into the box.,40.7,OPEN,-0.612,-0.352,1.1,-0.612,-1.204,1.977,145.0,0.0,-137.7,1,-0.668,-1.13,2.135,140.8,230.4,499.2,451.2,-0.64,-1.244,2.012,275.0,137.0,365.0,207.0,EXTRACTED,0,0.06,0,IDLE,1.0,System initialized. Awaiting box opening.
19,9.062,2026-09-10T08:59:02.234721Z,11.6,2,OBJECT_EXTRACTED,EXTRACT COMPONENT BOX,NONE,Object extracted. Next step: Please return the object into the box.,40.9,OPEN,-0.612,-0.352,1.1,-0.612,-1.204,1.977,145.0,0.0,-137.7,1,-0.668,-1.13,2.135,140.8,230.4,499.2,451.2,-0.64,-1.244,2.012,275.0,137.0,365.0,207.0,EXTRACTED,0,0.06,0,IDLE,1.0,System initialized. Awaiting box opening.
20,9.145,2026-09-10T08:59:02.318089Z,14.9,2,OBJECT_EXTRACTED,GRASP COMPONENT BOX,NONE,Object extracted. Next step: Please return the object into the box.,40.0,OPEN,-0.612,-0.351,1.1,-0.612,-1.204,1.977,145.0,0.0,-137.7,1,-0.668,-1.246,2.068,0.0,172.0,640.0,252.0,-0.64,-1.243,2.012,275.0,138.0,365.0,208.0,GRASPED,1,0.059,0,IDLE,1.0,System initialized. Awaiting box opening.
21,9.228,2026-09-10T08:59:02.401364Z,12.2,2,OBJECT_EXTRACTED,EXTRACT COMPONENT BOX,NONE,Object extracted. Next step: Please return the object into the box.,40.2,OPEN,-0.612,-0.352,1.1,-0.612,-1.204,1.977,145.0,0.0,-137.7,1,-0.668,-1.13,2.135,140.8,230.4,499.2,451.2,-0.64,-1.244,2.012,275.0,137.0,365.0,207.0,EXTRACTED,0,0.06,0,IDLE,1.0,System initialized. Awaiting box opening.
22,9.298,2026-09-10T08:59:02.470909Z,12.0,2,OBJECT_EXTRACTED,EXTRACT COMPONENT BOX,NONE,Object extracted. Next step: Please return the object into the box.,40.6,OPEN,-0.612,-0.352,1.1,-0.612,-1.204,1.977,145.0,0.0,-137.7,1,-0.668,-1.13,2.135,140.8,230.4,499.2,451.2,-0.64,-1.244,2.012,275.0,137.0,365.0,207.0,EXTRACTED,0,0.06,0,IDLE,1.0,System initialized. Awaiting box opening.
23,9.373,2026-09-10T08:59:02.546394Z,13.7,2,OBJECT_EXTRACTED,EXTRACT COMPONENT BOX,NONE,Object extracted. Next step: Please return the object into the box.,40.5,OPEN,-0.612,-0.351,1.1,-0.612,-1.204,1.977,145.0,0.0,-137.7,1,-0.668,-1.13,2.135,140.8,230.4,499.2,451.2,-0.64,-1.243,2.012,275.0,138.0,365.0,208.0,EXTRACTED,0,0.059,0,IDLE,1.0,System initialized. Awaiting box opening.
24,9.447,2026-09-10T08:59:02.620102Z,13.2,2,OBJECT_EXTRACTED,EXTRACT COMPONENT BOX,NONE,Object extracted. Next step: Please return the object into the box.,40.8,OPEN,-0.612,-0.351,1.1,-0.612,-1.204,1.977,145.0,0.0,-137.7,1,-0.668,-1.13,2.135,140.8,230.4,499.2,451.2,-0.64,-1.243,2.012,275.0,138.0,365.0,208.0,EXTRACTED,0,0.059,0,IDLE,1.0,System initialized. Awaiting box opening.
25,9.518,2026-09-10T08:59:02.691484Z,13.9,2,OBJECT_EXTRACTED,EXTRACT COMPONENT BOX,NONE,Object extracted. Next step: Please return the object into the box.,41.5,OPEN,-0.612,-0.351,1.1,-0.612,-1.204,1.977,145.0,0.0,-137.7,1,-0.668,-1.13,2.135,140.8,230.4,499.2,451.2,-0.64,-1.243,2.012,275.0,138.0,365.0,208.0,EXTRACTED,0,0.059,0,IDLE,1.0,System initialized. Awaiting box opening.
26,9.592,2026-09-10T08:59:02.764896Z,13.8,2,OBJECT_EXTRACTED,EXTRACT COMPONENT BOX,NONE,Object extracted. Next step: Please return the object into the box.,42.0,OPEN,-0.612,-0.351,1.1,-0.612,-1.204,1.977,145.0,0.0,-137.7,1,-0.668,-1.13,2.135,140.8,230.4,499.2,451.2,-0.64,-1.243,2.012,275.0,138.0,365.0,208.0,EXTRACTED,0,0.059,0,IDLE,1.0,System initialized. Awaiting box opening.
27,9.67,2026-09-10T08:59:02.842830Z,13.6,2,OBJECT_EXTRACTED,EXTRACT COMPONENT BOX,NONE,Object extracted. Next step: Please return the object into the box.,42.5,OPEN,-0.612,-0.351,1.1,-0.612,-1.204,1.977,145.0,0.0,-137.7,1,-0.668,-1.13,2.135,140.8,230.4,499.2,451.2,-0.64,-1.243,2.012,275.0,138.0,365.0,208.0,EXTRACTED,0,0.059,0,IDLE,1.0,System initialized. Awaiting box opening.
28,9.758,2026-09-10T08:59:02.931290Z,13.0,2,OBJECT_EXTRACTED,GRASP COMPONENT BOX,NONE,Object extracted. Next step: Please return the object into the box.,41.8,OPEN,-0.612,-0.351,1.1,-0.612,-1.204,1.977,145.0,0.0,-137.7,1,-0.668,-1.246,2.069,0.0,173.0,640.0,253.0,-0.64,-1.243,2.012,275.0,138.0,365.0,208.0,GRASPED,1,0.059,0,IDLE,1.0,System initialized. Awaiting box opening.
29,9.834,2026-09-10T08:59:03.006607Z,11.9,2,OBJECT_EXTRACTED,EXTRACT COMPONENT BOX,NONE,Object extracted. Next step: Please return the object into the box.,42.3,OPEN,-0.612,-0.352,1.1,-0.612,-1.204,1.977,145.0,0.0,-137.7,1,-0.668,-1.13,2.135,140.8,230.4,499.2,451.2,-0.64,-1.244,2.012,275.0,137.0,365.0,207.0,EXTRACTED,0,0.06,0,IDLE,1.0,System initialized. Awaiting box opening.
30,9.904,2026-09-10T08:59:03.076778Z,13.0,2,OBJECT_EXTRACTED,EXTRACT COMPONENT BOX,NONE,Object extracted. Next step: Please return the object into the box.,42.3,OPEN,-0.612,-0.351,1.1,-0.612,-1.204,1.977,145.0,0.0,-137.7,1,-0.668,-1.13,2.135,140.8,230.4,499.2,451.2,-0.64,-1.243,2.012,275.0,138.0,365.0,208.0,EXTRACTED,0,0.059,0,IDLE,1.0,System initialized. Awaiting box opening.
31,10.001,2026-09-10T08:59:03.173711Z,10.2,2,OBJECT_EXTRACTED,EXTRACT COMPONENT BOX,NONE,Object extracted. Next step: Please return the object into the box.,42.4,OPEN,-0.612,-0.351,1.1,-0.612,-1.204,1.977,145.0,0.0,-137.7,1,-0.668,-1.13,2.135,140.8,230.4,499.2,451.2,-0.64,-1.243,2.012,275.0,138.0,365.0,208.0,EXTRACTED,0,0.059,0,IDLE,1.0,System initialized. Awaiting box opening.
32,10.085,2026-09-10T08:59:03.258432Z,13.9,2,OBJECT_EXTRACTED,GRASP COMPONENT BOX,NONE,Object extracted. Next step: Please return the object into the box.,41.7,OPEN,-0.612,-0.351,1.1,-0.612,-1.204,1.977,145.0,0.0,-137.7,1,-0.668,-1.245,2.069,0.0,174.0,640.0,254.0,-0.64,-1.243,2.012,275.0,138.0,365.0,208.0,GRASPED,1,0.059,0,IDLE,1.0,System initialized. Awaiting box opening.
33,10.162,2026-09-10T08:59:03.335224Z,12.7,2,OBJECT_EXTRACTED,EXTRACT COMPONENT BOX,NONE,Object extracted. Next step: Please return the object into the box.,42.5,OPEN,-0.612,-0.351,1.1,-0.612,-1.204,1.977,145.0,0.0,-137.7,1,-0.668,-1.13,2.135,140.8,230.4,499.2,451.2,-0.64,-1.243,2.012,275.0,138.0,365.0,208.0,EXTRACTED,0,0.06,0,IDLE,1.0,System initialized. Awaiting box opening.
34,10.229,2026-09-10T08:59:03.401887Z,13.0,2,OBJECT_EXTRACTED,EXTRACT COMPONENT BOX,NONE,Object extracted. Next step: Please return the object into the box.,43.7,OPEN,-0.612,-0.351,1.1,-0.612,-1.204,1.977,145.0,0.0,-137.7,1,-0.668,-1.13,2.135,140.8,230.4,499.2,451.2,-0.64,-1.243,2.012,275.0,138.0,365.0,208.0,EXTRACTED,0,0.059,0,IDLE,1.0,System initialized. Awaiting box opening.
35,10.318,2026-09-10T08:59:03.491418Z,14.0,2,OBJECT_EXTRACTED,GRASP COMPONENT BOX,NONE,Object extracted. Next step: Please return the object into the box.,43.1,OPEN,-0.612,-0.351,1.1,-0.612,-1.204,1.977,145.0,0.0,-137.7,1,-0.668,-1.245,2.069,0.0,175.0,640.0,252.0,-0.64,-1.243,2.012,275.0,138.0,365.0,208.0,GRASPED,1,0.059,0,IDLE,1.0,System initialized. Awaiting box opening.
36,10.408,2026-09-10T08:59:03.580585Z,10.5,2,OBJECT_EXTRACTED,GRASP COMPONENT BOX,NONE,Object extracted. Next step: Please return the object into the box.,42.7,OPEN,-0.612,-0.351,1.1,-0.612,-1.203,1.978,145.0,0.0,-137.7,1,-0.668,-1.246,2.068,0.0,173.0,640.0,252.0,-0.64,-1.243,2.012,275.0,138.0,365.0,208.0,GRASPED,1,0.06,0,IDLE,1.0,System initialized. Awaiting box opening.
37,10.502,2026-09-10T08:59:03.674609Z,10.7,2,OBJECT_EXTRACTED,GRASP COMPONENT BOX,NONE,Object extracted. Next step: Please return the object into the box.,42.2,OPEN,-0.612,-0.351,1.1,-0.612,-1.203,1.977,145.0,0.0,-137.7,1,-0.668,-1.244,2.069,0.0,174.0,640.0,255.0,-0.64,-1.243,2.012,275.0,138.0,365.0,208.0,GRASPED,1,0.06,0,IDLE,1.0,System initialized. Awaiting box opening.
38,10.572,2026-09-10T08:59:03.745031Z,12.2,2,OBJECT_EXTRACTED,GRASP COMPONENT BOX,NONE,Object extracted. Next step: Please return the object into the box.,41.7,OPEN,-0.612,-0.351,1.1,-0.612,-1.204,1.977,145.0,0.0,-137.7,1,-0.668,-1.246,2.068,0.0,172.0,640.0,252.0,-0.64,-1.243,2.012,275.0,138.0,365.0,208.0,GRASPED,1,0.06,0,IDLE,1.0,System initialized. Awaiting box opening.
39,10.646,2026-09-10T08:59:03.818658Z,13.4,2,OBJECT_EXTRACTED,GRASP COMPONENT BOX,NONE,Object extracted. Next step: Please return the object into the box.,41.3,OPEN,-0.612,-0.351,1.1,-0.612,-1.204,1.977,145.0,0.0,-137.7,1,-0.668,-1.246,2.068,0.0,172.0,640.0,252.0,-0.64,-1.243,2.012,275.0,138.0,365.0,208.0,GRASPED,1,0.059,0,IDLE,1.0,System initialized. Awaiting box opening.
40,10.729,2026-09-10T08:59:03.902356Z,14.1,3,OBJECT_RETURNED,GRASP COMPONENT BOX,NONE,Object returned. Next step: Please close the box.,41.0,OPEN,-0.612,-0.351,1.1,-0.612,-1.204,1.977,145.0,0.0,-137.7,1,-0.668,-1.246,2.068,0.0,173.0,640.0,252.0,-0.64,-1.243,2.012,275.0,138.0,365.0,208.0,GRASPED,1,0.059,0,IDLE,1.0,System initialized. Awaiting box opening.
41,10.832,2026-09-10T08:59:04.005130Z,11.2,3,OBJECT_RETURNED,GRASP COMPONENT BOX,NONE,Object returned. Next step: Please close the box.,40.8,OPEN,-0.612,-0.351,1.1,-0.612,-1.204,1.977,145.0,0.0,-137.7,1,-0.668,-1.246,2.068,0.0,173.0,640.0,252.0,-0.64,-1.243,2.012,275.0,138.0,365.0,208.0,GRASPED,1,0.059,0,IDLE,1.0,System initialized. Awaiting box opening.
42,10.932,2026-09-10T08:59:04.105498Z,9.7,3,OBJECT_RETURNED,GRASP COMPONENT BOX,NONE,Object returned. Next step: Please close the box.,40.3,OPEN,-0.612,-0.351,1.1,-0.612,-1.204,1.977,145.0,0.0,-137.7,1,-0.668,-1.244,2.069,0.0,174.0,640.0,255.0,-0.64,-1.243,2.012,275.0,138.0,365.0,208.0,GRASPED,1,0.059,0,IDLE,1.0,System initialized. Awaiting box opening.
43,11.028,2026-09-10T08:59:04.200817Z,9.9,3,OBJECT_RETURNED,GRASP COMPONENT BOX,NONE,Object returned. Next step: Please close the box.,40.2,OPEN,-0.612,-0.351,1.1,-0.612,-1.204,1.977,145.0,0.0,-137.7,1,-0.668,-1.245,2.069,0.0,174.0,640.0,253.0,-0.64,-1.243,2.012,275.0,138.0,365.0,208.0,GRASPED,1,0.06,0,IDLE,1.0,System initialized. Awaiting box opening.
44,11.122,2026-09-10T08:59:04.295373Z,10.6,3,OBJECT_RETURNED,GRASP COMPONENT BOX,NONE,Object returned. Next step: Please close the box.,40.0,OPEN,-0.612,-0.351,1.1,-0.612,-1.204,1.977,145.0,0.0,-137.7,1,-0.668,-1.245,2.069,0.0,174.0,640.0,253.0,-0.64,-1.243,2.012,275.0,138.0,365.0,208.0,GRASPED,1,0.06,0,IDLE,1.0,System initialized. Awaiting box opening.
45,11.237,2026-09-10T08:59:04.409654Z,10.4,3,OBJECT_RETURNED,EXTRACT COMPONENT BOX,NONE,Object returned. Next step: Please close the box.,40.2,OPEN,-0.612,-0.35,1.1,-0.612,-1.203,1.977,145.0,0.0,-137.7,1,-0.668,-1.13,2.135,140.8,230.4,499.2,451.2,-0.64,-1.242,2.013,275.0,139.0,365.0,209.0,EXTRACTED,0,0.059,0,IDLE,1.0,System initialized. Awaiting box opening.
46,11.417,2026-09-10T08:59:04.590203Z,6.1,3,OBJECT_RETURNED,GRASP COMPONENT BOX,NONE,Object returned. Next step: Please close the box.,40.0,OPEN,-0.612,-0.351,1.1,-0.612,-1.204,1.977,145.0,0.0,-137.7,1,-0.668,-1.246,2.069,0.0,172.0,640.0,254.0,-0.64,-1.243,2.012,275.0,138.0,365.0,208.0,GRASPED,1,0.06,0,IDLE,1.0,System initialized. Awaiting box opening.
47,11.513,2026-09-10T08:59:04.686010Z,7.7,3,OBJECT_RETURNED,GRASP COMPONENT BOX,NONE,Object returned. Next step: Please close the box.,39.7,OPEN,-0.612,-0.35,1.1,-0.612,-1.203,1.977,145.0,0.0,-137.7,1,-0.668,-1.246,2.069,0.0,173.0,640.0,253.0,-0.64,-1.242,2.013,275.0,139.0,365.0,209.0,GRASPED,1,0.059,0,IDLE,1.0,System initialized. Awaiting box opening.
48,11.619,2026-09-10T08:59:04.792513Z,10.9,3,OBJECT_RETURNED,GRASP COMPONENT BOX,NONE,Object returned. Next step: Please close the box.,39.5,OPEN,-0.612,-0.35,1.1,-0.612,-1.203,1.978,145.0,0.0,-137.7,1,-0.668,-1.245,2.069,0.0,172.0,640.0,256.0,-0.64,-1.242,2.013,275.0,139.0,365.0,209.0,GRASPED,1,0.059,0,IDLE,1.0,System initialized. Awaiting box opening.
49,11.753,2026-09-10T08:59:04.925895Z,9.0,3,OBJECT_RETURNED,EXTRACT COMPONENT BOX,NONE,Object returned. Next step: Please close the box.,40.7,OPEN,-0.612,-0.35,1.1,-0.612,-1.203,1.978,145.0,0.0,-137.7,1,-0.668,-1.13,2.135,140.8,230.4,499.2,451.2,-0.64,-1.242,2.013,275.0,139.0,365.0,209.0,EXTRACTED,0,0.059,0,IDLE,1.0,System initialized. Awaiting box opening.
50,11.857,2026-09-10T08:59:05.030440Z,7.6,3,OBJECT_RETURNED,EXTRACT COMPONENT BOX,NONE,Object returned. Next step: Please close the box.,41.6,OPEN,-0.612,-0.35,1.1,-0.612,-1.203,1.978,145.0,0.0,-137.7,1,-0.668,-1.13,2.135,140.8,230.4,499.2,451.2,-0.64,-1.242,2.013,275.0,139.0,365.0,209.0,EXTRACTED,0,0.059,0,IDLE,1.0,System initialized. Awaiting box opening.
51,11.945,2026-09-10T08:59:05.117713Z,9.7,3,OBJECT_RETURNED,EXTRACT COMPONENT BOX,NONE,Object returned. Next step: Please close the box.,42.4,OPEN,-0.612,-0.35,1.1,-0.612,-1.203,1.978,145.0,0.0,-137.7,1,-0.668,-1.13,2.135,140.8,230.4,499.2,451.2,-0.64,-1.242,2.013,275.0,139.0,365.0,209.0,EXTRACTED,0,0.059,0,IDLE,1.0,System initialized. Awaiting box opening.
52,12.011,2026-09-10T08:59:05.184453Z,11.9,3,OBJECT_RETURNED,EXTRACT COMPONENT BOX,NONE,Object returned. Next step: Please close the box.,43.0,OPEN,-0.612,-0.35,1.1,-0.612,-1.203,1.978,145.0,0.0,-137.7,1,-0.668,-1.13,2.135,140.8,230.4,499.2,451.2,-0.64,-1.242,2.013,275.0,139.0,365.0,209.0,EXTRACTED,0,0.059,0,IDLE,1.0,System initialized. Awaiting box opening.
53,12.095,2026-09-10T08:59:05.268318Z,13.2,3,OBJECT_RETURNED,EXTRACT COMPONENT BOX,NONE,Object returned. Next step: Please close the box.,43.5,OPEN,-0.612,-0.35,1.1,-0.612,-1.204,1.977,145.0,0.0,-137.7,1,-0.668,-1.13,2.135,140.8,230.4,499.2,451.2,-0.64,-1.242,2.013,275.0,139.0,365.0,209.0,EXTRACTED,0,0.059,0,IDLE,1.0,System initialized. Awaiting box opening.
54,12.188,2026-09-10T08:59:05.361129Z,14.1,3,OBJECT_RETURNED,GRASP COMPONENT BOX,NONE,Object returned. Next step: Please close the box.,42.9,OPEN,-0.612,-0.35,1.1,-0.612,-1.203,1.977,145.0,0.0,-137.7,1,-0.668,-1.246,2.069,0.0,173.0,640.0,253.0,-0.64,-1.242,2.013,275.0,139.0,365.0,209.0,GRASPED,1,0.059,0,IDLE,1.0,System initialized. Awaiting box opening.
55,12.286,2026-09-10T08:59:05.459255Z,8.1,3,OBJECT_RETURNED,GRASP COMPONENT BOX,NONE,Object returned. Next step: Please close the box.,42.0,OPEN,-0.612,-0.35,1.1,-0.612,-1.203,1.978,145.0,0.0,-137.7,1,-0.668,-1.246,2.069,0.0,172.0,640.0,254.0,-0.64,-1.242,2.013,275.0,139.0,365.0,209.0,GRASPED,1,0.059,0,IDLE,1.0,System initialized. Awaiting box opening.
56,12.419,2026-09-10T08:59:05.592338Z,8.6,3,OBJECT_RETURNED,GRASP COMPONENT BOX,NONE,Object returned. Next step: Please close the box.,42.0,OPEN,-0.612,-0.35,1.1,-0.612,-1.203,1.978,145.0,0.0,-137.7,1,-0.668,-1.248,2.067,0.0,168.0,640.0,253.0,-0.64,-1.242,2.013,275.0,139.0,365.0,209.0,GRASPED,1,0.059,0,IDLE,1.0,System initialized. Awaiting box opening.
57,12.506,2026-09-10T08:59:05.678918Z,11.4,3,OBJECT_RETURNED,GRASP COMPONENT BOX,NONE,Object returned. Next step: Please close the box.,41.8,OPEN,-0.612,-0.35,1.1,-0.612,-1.203,1.978,145.0,0.0,-137.7,1,-0.668,-1.248,2.067,0.0,168.0,640.0,252.0,-0.64,-1.242,2.013,275.0,139.0,365.0,209.0,GRASPED,1,0.059,0,IDLE,1.0,System initialized. Awaiting box opening.
58,12.587,2026-09-10T08:59:05.759694Z,11.3,3,OBJECT_RETURNED,GRASP COMPONENT BOX,NONE,Object returned. Next step: Please close the box.,41.7,OPEN,-0.612,-0.351,1.1,-0.612,-1.203,1.977,145.0,0.0,-137.7,1,-0.668,-1.248,2.067,0.0,168.0,640.0,253.0,-0.64,-1.243,2.012,275.0,138.0,365.0,208.0,GRASPED,1,0.06,0,IDLE,1.0,System initialized. Awaiting box opening.
59,12.668,2026-09-10T08:59:05.840571Z,12.6,3,OBJECT_RETURNED,GRASP COMPONENT BOX,NONE,Object returned. Next step: Please close the box.,41.4,OPEN,-0.612,-0.35,1.1,-0.612,-1.203,1.978,145.0,0.0,-137.7,1,-0.668,-1.248,2.067,0.0,168.0,640.0,253.0,-0.64,-1.242,2.013,275.0,139.0,365.0,209.0,GRASPED,1,0.059,0,IDLE,1.0,System initialized. Awaiting box opening.
60,12.744,2026-09-10T08:59:05.917138Z,12.4,3,OBJECT_RETURNED,GRASP COMPONENT BOX,NONE,Object returned. Next step: Please close the box.,41.1,OPEN,-0.612,-0.351,1.1,-0.612,-1.203,1.978,145.0,0.0,-137.7,1,-0.668,-1.247,2.068,0.0,168.0,640.0,254.0,-0.64,-1.243,2.012,275.0,138.0,365.0,208.0,GRASPED,1,0.06,0,IDLE,1.0,System initialized. Awaiting box opening.
61,12.873,2026-09-10T08:59:06.045720Z,7.7,3,OBJECT_RETURNED,GRASP COMPONENT BOX,NONE,Object returned. Next step: Please close the box.,40.8,OPEN,-0.612,-0.35,1.1,-0.612,-1.203,1.977,145.0,0.0,-137.7,1,-0.668,-1.247,2.068,0.0,168.0,640.0,254.0,-0.64,-1.242,2.013,275.0,139.0,365.0,209.0,GRASPED,1,0.06,0,IDLE,1.0,System initialized. Awaiting box opening.
62,12.986,2026-09-10T08:59:06.159014Z,12.0,3,OBJECT_RETURNED,GRASP COMPONENT BOX,NONE,Object returned. Next step: Please close the box.,40.6,OPEN,-0.612,-0.351,1.1,-0.612,-1.203,1.977,145.0,0.0,-137.7,1,-0.668,-1.247,2.068,0.0,168.0,640.0,254.0,-0.64,-1.243,2.012,275.0,138.0,365.0,208.0,GRASPED,1,0.06,0,IDLE,1.0,System initialized. Awaiting box opening.
63,13.115,2026-09-10T08:59:06.287556Z,8.8,3,OBJECT_RETURNED,GRASP COMPONENT BOX,NONE,Object returned. Next step: Please close the box.,40.5,OPEN,-0.612,-0.35,1.1,-0.612,-1.203,1.977,145.0,0.0,-137.7,1,-0.668,-1.246,2.068,0.0,168.0,640.0,256.0,-0.64,-1.242,2.013,275.0,139.0,365.0,209.0,GRASPED,1,0.059,0,IDLE,1.0,System initialized. Awaiting box opening.
64,13.266,2026-09-10T08:59:06.438991Z,7.2,3,OBJECT_RETURNED,GRASP COMPONENT BOX,NONE,Object returned. Next step: Please close the box.,40.5,OPEN,-0.612,-0.35,1.1,-0.612,-1.203,1.978,145.0,0.0,-137.7,1,-0.668,-1.247,2.068,0.0,168.0,640.0,255.0,-0.64,-1.242,2.013,275.0,139.0,365.0,209.0,GRASPED,1,0.059,0,IDLE,1.0,System initialized. Awaiting box opening.
65,13.389,2026-09-10T08:59:06.562018Z,6.7,3,OBJECT_RETURNED,GRASP COMPONENT BOX,NONE,Object returned. Next step: Please close the box.,40.1,OPEN,-0.612,-0.35,1.1,-0.612,-1.203,1.978,145.0,0.0,-137.7,1,-0.668,-1.248,2.067,0.0,168.0,640.0,253.0,-0.64,-1.242,2.013,275.0,139.0,365.0,209.0,GRASPED,1,0.059,0,IDLE,1.0,System initialized. Awaiting box opening.
66,13.513,2026-09-10T08:59:06.686337Z,8.5,3,OBJECT_RETURNED,GRASP COMPONENT BOX,NONE,Object returned. Next step: Please close the box.,40.1,OPEN,-0.612,-0.35,1.1,-0.612,-1.203,1.978,145.0,0.0,-137.7,1,-0.668,-1.247,2.068,0.0,168.0,640.0,254.0,-0.64,-1.242,2.013,275.0,139.0,365.0,209.0,GRASPED,1,0.059,0,IDLE,1.0,System initialized. Awaiting box opening.
67,13.639,2026-09-10T08:59:06.812359Z,7.9,3,OBJECT_RETURNED,GRASP COMPONENT BOX,NONE,Object returned. Next step: Please close the box.,40.1,OPEN,-0.612,-0.35,1.1,-0.612,-1.203,1.978,145.0,0.0,-137.7,1,-0.668,-1.247,2.068,0.0,168.0,640.0,254.0,-0.64,-1.242,2.013,275.0,139.0,365.0,209.0,GRASPED,1,0.059,0,IDLE,1.0,System initialized. Awaiting box opening.
68,13.791,2026-09-10T08:59:06.963975Z,7.9,3,OBJECT_RETURNED,GRASP COMPONENT BOX,NONE,Object returned. Next step: Please close the box.,40.2,OPEN,-0.612,-0.35,1.1,-0.612,-1.203,1.978,145.0,0.0,-137.7,1,-0.668,-1.247,2.068,0.0,168.0,640.0,255.0,-0.64,-1.242,2.013,275.0,139.0,365.0,209.0,GRASPED,1,0.059,0,IDLE,1.0,System initialized. Awaiting box opening.
69,13.936,2026-09-10T08:59:07.109121Z,6.4,3,OBJECT_RETURNED,GRASP COMPONENT BOX,NONE,Object returned. Next step: Please close the box.,40.1,OPEN,-0.612,-0.35,1.1,-0.612,-1.203,1.978,145.0,0.0,-137.7,1,-0.668,-1.248,2.067,0.0,168.0,640.0,253.0,-0.64,-1.242,2.013,275.0,139.0,365.0,209.0,GRASPED,1,0.059,0,IDLE,1.0,System initialized. Awaiting box opening.
70,14.078,2026-09-10T08:59:07.250853Z,6.7,3,OBJECT_RETURNED,GRASP COMPONENT BOX,NONE,Object returned. Next step: Please close the box.,40.1,OPEN,-0.612,-0.35,1.1,-0.612,-1.203,1.978,145.0,0.0,-137.7,1,-0.668,-1.248,2.067,0.0,168.0,640.0,252.0,-0.64,-1.242,2.013,275.0,139.0,365.0,209.0,GRASPED,1,0.059,0,IDLE,1.0,System initialized. Awaiting box opening.
71,14.197,2026-09-10T08:59:07.370127Z,7.7,3,OBJECT_RETURNED,GRASP COMPONENT BOX,NONE,Object returned. Next step: Please close the box.,39.9,OPEN,-0.612,-0.35,1.1,-0.612,-1.203,1.978,145.0,0.0,-137.7,1,-0.668,-1.248,2.067,0.0,168.0,640.0,252.0,-0.64,-1.242,2.013,275.0,139.0,365.0,209.0,GRASPED,1,0.059,0,IDLE,1.0,System initialized. Awaiting box opening.
72,14.361,2026-09-10T08:59:07.533837Z,8.1,3,OBJECT_RETURNED,GRASP COMPONENT BOX,NONE,Object returned. Next step: Please close the box.,40.2,OPEN,-0.612,-0.35,1.1,-0.612,-1.203,1.978,145.0,0.0,-137.7,1,-0.668,-1.248,2.067,0.0,168.0,640.0,253.0,-0.64,-1.242,2.013,275.0,139.0,365.0,209.0,GRASPED,1,0.059,0,IDLE,1.0,System initialized. Awaiting box opening.
73,14.503,2026-09-10T08:59:07.675962Z,6.2,3,OBJECT_RETURNED,GRASP COMPONENT BOX,NONE,Object returned. Next step: Please close the box.,40.3,OPEN,-0.612,-0.35,1.1,-0.612,-1.203,1.978,145.0,0.0,-137.7,1,-0.668,-1.248,2.067,0.0,168.0,640.0,253.0,-0.64,-1.242,2.013,275.0,139.0,365.0,209.0,GRASPED,1,0.059,0,IDLE,1.0,System initialized. Awaiting box opening.
74,14.622,2026-09-10T08:59:07.795104Z,7.0,3,OBJECT_RETURNED,GRASP COMPONENT BOX,NONE,Object returned. Next step: Please close the box.,40.4,OPEN,-0.612,-0.35,1.1,-0.612,-1.203,1.978,145.0,0.0,-137.7,1,-0.668,-1.247,2.068,0.0,168.0,640.0,255.0,-0.64,-1.242,2.013,275.0,139.0,365.0,209.0,GRASPED,1,0.059,0,IDLE,1.0,System initialized. Awaiting box opening.
75,14.738,2026-09-10T08:59:07.910779Z,8.3,3,OBJECT_RETURNED,GRASP COMPONENT BOX,NONE,Object returned. Next step: Please close the box.,40.2,OPEN,-0.612,-0.35,1.1,-0.612,-1.203,1.978,145.0,0.0,-137.7,1,-0.668,-1.248,2.067,0.0,168.0,640.0,253.0,-0.64,-1.242,2.013,275.0,139.0,365.0,209.0,GRASPED,1,0.059,0,IDLE,1.0,System initialized. Awaiting box opening.
76,15.062,2026-09-10T08:59:08.235466Z,3.6,3,OBJECT_RETURNED,GRASP COMPONENT BOX,NONE,Object returned. Next step: Please close the box.,40.2,OPEN,-0.612,-0.35,1.1,-0.612,-1.203,1.978,145.0,0.0,-137.7,1,-0.668,-1.247,2.068,0.0,168.0,640.0,255.0,-0.64,-1.242,2.013,275.0,139.0,365.0,209.0,GRASPED,1,0.059,0,IDLE,1.0,System initialized. Awaiting box opening.
77,15.176,2026-09-10T08:59:08.349200Z,6.4,3,OBJECT_RETURNED,GRASP COMPONENT BOX,NONE,Object returned. Next step: Please close the box.,39.8,OPEN,-0.612,-0.35,1.1,-0.612,-1.203,1.978,145.0,0.0,-137.7,1,-0.668,-1.248,2.067,0.0,168.0,640.0,253.0,-0.64,-1.242,2.013,275.0,139.0,365.0,209.0,GRASPED,1,0.059,0,IDLE,1.0,System initialized. Awaiting box opening.
78,15.289,2026-09-10T08:59:08.461615Z,8.9,3,OBJECT_RETURNED,GRASP COMPONENT BOX,NONE,Object returned. Next step: Please close the box.,39.7,OPEN,-0.612,-0.35,1.1,-0.612,-1.203,1.978,145.0,0.0,-137.7,1,-0.668,-1.248,2.067,0.0,168.0,640.0,253.0,-0.64,-1.242,2.013,275.0,139.0,365.0,209.0,GRASPED,1,0.059,0,IDLE,1.0,System initialized. Awaiting box opening.
79,15.411,2026-09-10T08:59:08.583911Z,8.4,3,OBJECT_RETURNED,GRASP COMPONENT BOX,NONE,Object returned. Next step: Please close the box.,39.6,OPEN,-0.612,-0.35,1.1,-0.612,-1.203,1.978,145.0,0.0,-137.7,1,-0.668,-1.248,2.067,0.0,168.0,640.0,253.0,-0.64,-1.242,2.013,275.0,139.0,365.0,209.0,GRASPED,1,0.059,0,IDLE,1.0,System initialized. Awaiting box opening.
80,15.528,2026-09-10T08:59:08.700639Z,8.5,3,OBJECT_RETURNED,GRASP COMPONENT BOX,NONE,Object returned. Next step: Please close the box.,39.8,OPEN,-0.612,-0.35,1.1,-0.612,-1.203,1.978,145.0,0.0,-137.7,1,-0.668,-1.247,2.068,0.0,168.0,640.0,254.0,-0.64,-1.242,2.013,275.0,139.0,365.0,209.0,GRASPED,1,0.059,0,IDLE,1.0,System initialized. Awaiting box opening.
81,15.653,2026-09-10T08:59:08.826189Z,8.6,3,OBJECT_RETURNED,GRASP COMPONENT BOX,NONE,Object returned. Next step: Please close the box.,39.7,OPEN,-0.612,-0.351,1.1,-0.612,-1.203,1.977,145.0,0.0,-137.7,1,-0.668,-1.247,2.068,0.0,168.0,640.0,255.0,-0.64,-1.243,2.012,275.0,138.0,365.0,208.0,GRASPED,1,0.06,2,OBJECT_EXTRACTED,0.88,Component extracted and held outside container.
82,15.752,2026-09-10T08:59:08.924616Z,7.8,3,OBJECT_RETURNED,GRASP COMPONENT BOX,NONE,Object returned. Next step: Please close the box.,39.8,OPEN,-0.612,-0.351,1.1,-0.612,-1.203,1.977,145.0,0.0,-137.7,1,-0.668,-1.248,2.067,0.0,168.0,640.0,252.0,-0.64,-1.243,2.012,275.0,138.0,365.0,208.0,GRASPED,1,0.06,2,OBJECT_EXTRACTED,0.88,Component extracted and held outside container.
83,15.822,2026-09-10T08:59:08.995291Z,11.9,3,OBJECT_RETURNED,GRASP COMPONENT BOX,NONE,Object returned. Next step: Please close the box.,39.9,OPEN,-0.612,-0.35,1.1,-0.612,-1.203,1.977,145.0,0.0,-137.7,1,-0.668,-1.247,2.068,0.0,168.0,640.0,254.0,-0.64,-1.242,2.013,275.0,139.0,365.0,209.0,GRASPED,1,0.059,2,OBJECT_EXTRACTED,0.88,Component extracted and held outside container.
84,15.89,2026-09-10T08:59:09.063396Z,14.3,3,OBJECT_RETURNED,GRASP COMPONENT BOX,NONE,Object returned. Next step: Please close the box.,39.8,OPEN,-0.612,-0.35,1.1,-0.612,-1.203,1.978,145.0,0.0,-137.7,1,-0.668,-1.248,2.067,0.0,168.0,640.0,253.0,-0.64,-1.242,2.013,275.0,139.0,365.0,209.0,GRASPED,1,0.059,2,OBJECT_EXTRACTED,0.88,Component extracted and held outside container.
85,15.956,2026-09-10T08:59:09.128731Z,14.7,3,OBJECT_RETURNED,GRASP COMPONENT BOX,NONE,Object returned. Next step: Please close the box.,39.7,OPEN,-0.612,-0.35,1.1,-0.612,-1.203,1.978,145.0,0.0,-137.7,1,-0.668,-1.248,2.067,0.0,168.0,640.0,253.0,-0.64,-1.242,2.013,275.0,139.0,365.0,209.0,GRASPED,1,0.059,2,OBJECT_EXTRACTED,0.88,Component extracted and held outside container.
86,16.029,2026-09-10T08:59:09.202144Z,14.1,3,OBJECT_RETURNED,GRASP COMPONENT BOX,NONE,Object returned. Next step: Please close the box.,40.0,OPEN,-0.612,-0.35,1.1,-0.612,-1.203,1.978,145.0,0.0,-137.7,1,-0.668,-1.248,2.067,0.0,168.0,640.0,253.0,-0.64,-1.242,2.013,275.0,139.0,365.0,209.0,GRASPED,1,0.059,2,OBJECT_EXTRACTED,0.88,Component extracted and held outside container.
87,16.093,2026-09-10T08:59:09.266187Z,15.0,3,OBJECT_RETURNED,GRASP COMPONENT BOX,NONE,Object returned. Next step: Please close the box.,39.6,OPEN,-0.612,-0.35,1.1,-0.612,-1.203,1.978,145.0,0.0,-137.7,1,-0.668,-1.248,2.067,0.0,168.0,640.0,253.0,-0.64,-1.242,2.013,275.0,139.0,365.0,209.0,GRASPED,1,0.059,2,OBJECT_EXTRACTED,0.88,Component extracted and held outside container.
88,16.157,2026-09-10T08:59:09.330459Z,16.4,3,OBJECT_RETURNED,GRASP COMPONENT BOX,NONE,Object returned. Next step: Please close the box.,39.3,OPEN,-0.612,-0.35,1.1,-0.612,-1.203,1.978,145.0,0.0,-137.7,1,-0.668,-1.248,2.067,0.0,168.0,640.0,253.0,-0.64,-1.242,2.013,275.0,139.0,365.0,209.0,GRASPED,1,0.059,2,OBJECT_EXTRACTED,0.88,Component extracted and held outside container.
89,16.236,2026-09-10T08:59:09.408754Z,14.3,3,OBJECT_RETURNED,GRASP COMPONENT BOX,NONE,Object returned. Next step: Please close the box.,39.2,OPEN,-0.612,-0.35,1.1,-0.612,-1.203,1.978,145.0,0.0,-137.7,1,-0.668,-1.247,2.068,0.0,169.0,640.0,253.0,-0.64,-1.242,2.013,275.0,139.0,365.0,209.0,GRASPED,1,0.059,2,OBJECT_EXTRACTED,0.88,Component extracted and held outside container.
90,16.299,2026-09-10T08:59:09.471915Z,13.0,3,OBJECT_RETURNED,GRASP COMPONENT BOX,NONE,Object returned. Next step: Please close the box.,39.3,OPEN,-0.612,-0.35,1.1,-0.612,-1.203,1.978,145.0,0.0,-137.7,1,-0.668,-1.248,2.067,0.0,168.0,640.0,252.0,-0.64,-1.242,2.013,275.0,139.0,365.0,209.0,GRASPED,1,0.059,2,OBJECT_EXTRACTED,0.88,Component extracted and held outside container.
91,16.389,2026-09-10T08:59:09.561711Z,11.1,3,OBJECT_RETURNED,GRASP COMPONENT BOX,NONE,Object returned. Next step: Please close the box.,40.1,OPEN,-0.612,-0.35,1.1,-0.612,-1.202,1.978,145.0,0.0,-137.7,1,-0.668,-1.248,2.067,0.0,168.0,640.0,253.0,-0.64,-1.242,2.013,275.0,139.0,365.0,209.0,GRASPED,1,0.06,2,OBJECT_EXTRACTED,0.88,Component extracted and held outside container.
92,16.445,2026-09-10T08:59:09.618278Z,17.2,3,OBJECT_RETURNED,GRASP COMPONENT BOX,NONE,Object returned. Next step: Please close the box.,40.3,OPEN,-0.612,-0.35,1.1,-0.612,-1.203,1.978,145.0,0.0,-137.7,1,-0.668,-1.247,2.068,0.0,168.0,640.0,254.0,-0.64,-1.242,2.013,275.0,139.0,365.0,209.0,GRASPED,1,0.06,2,OBJECT_EXTRACTED,0.88,Component extracted and held outside container.
93,16.499,2026-09-10T08:59:09.672182Z,18.3,3,OBJECT_RETURNED,GRASP COMPONENT BOX,NONE,Object returned. Next step: Please close the box.,40.4,OPEN,-0.612,-0.35,1.1,-0.612,-1.203,1.978,145.0,0.0,-137.7,1,-0.668,-1.247,2.068,0.0,168.0,640.0,255.0,-0.64,-1.242,2.013,275.0,139.0,365.0,209.0,GRASPED,1,0.059,2,OBJECT_EXTRACTED,0.88,Component extracted and held outside container.
94,16.553,2026-09-10T08:59:09.726144Z,19.0,3,OBJECT_RETURNED,GRASP COMPONENT BOX,NONE,Object returned. Next step: Please close the box.,40.5,OPEN,-0.612,-0.35,1.1,-0.612,-1.203,1.978,145.0,0.0,-137.7,1,-0.668,-1.247,2.068,0.0,168.0,640.0,255.0,-0.64,-1.242,2.013,275.0,139.0,365.0,209.0,GRASPED,1,0.059,2,OBJECT_EXTRACTED,0.88,Component extracted and held outside container.
95,16.606,2026-09-10T08:59:09.779377Z,18.6,3,OBJECT_RETURNED,GRASP COMPONENT BOX,NONE,Object returned. Next step: Please close the box.,40.8,OPEN,-0.612,-0.35,1.1,-0.612,-1.203,1.978,145.0,0.0,-137.7,1,-0.668,-1.248,2.067,0.0,168.0,640.0,252.0,-0.64,-1.242,2.013,275.0,139.0,365.0,209.0,GRASPED,1,0.059,2,OBJECT_EXTRACTED,0.88,Component extracted and held outside container.
96,16.666,2026-09-10T08:59:09.839238Z,17.3,3,OBJECT_RETURNED,GRASP COMPONENT BOX,NONE,Object returned. Next step: Please close the box.,40.6,OPEN,-0.612,-0.35,1.1,-0.612,-1.203,1.978,145.0,0.0,-137.7,1,-0.668,-1.248,2.067,0.0,168.0,640.0,253.0,-0.64,-1.242,2.013,275.0,139.0,365.0,209.0,GRASPED,1,0.059,2,OBJECT_EXTRACTED,0.88,Component extracted and held outside container.
97,16.723,2026-09-10T08:59:09.896483Z,16.6,3,OBJECT_RETURNED,GRASP COMPONENT BOX,NONE,Object returned. Next step: Please close the box.,40.8,OPEN,-0.612,-0.35,1.1,-0.612,-1.203,1.978,145.0,0.0,-137.7,1,-0.668,-1.246,2.068,0.0,171.0,640.0,253.0,-0.64,-1.242,2.013,275.0,139.0,365.0,209.0,GRASPED,1,0.059,2,OBJECT_EXTRACTED,0.88,Component extracted and held outside container.
98,16.782,2026-09-10T08:59:09.954966Z,17.6,3,OBJECT_RETURNED,GRASP COMPONENT BOX,NONE,Object returned. Next step: Please close the box.,40.6,OPEN,-0.612,-0.35,1.1,-0.612,-1.203,1.978,145.0,0.0,-137.7,1,-0.668,-1.245,2.069,0.0,171.0,640.0,256.0,-0.64,-1.242,2.013,275.0,139.0,365.0,209.0,GRASPED,1,0.059,2,OBJECT_EXTRACTED,0.88,Component extracted and held outside container.
99,16.843,2026-09-10T08:59:10.015618Z,16.9,3,OBJECT_RETURNED,GRASP COMPONENT BOX,NONE,Object returned. Next step: Please close the box.,40.5,OPEN,-0.612,-0.35,1.1,-0.612,-1.203,1.978,145.0,0.0,-137.7,1,-0.668,-1.245,2.069,0.0,171.0,640.0,256.0,-0.64,-1.242,2.013,275.0,139.0,365.0,209.0,GRASPED,1,0.059,2,OBJECT_EXTRACTED,0.88,Component extracted and held outside container.
100,16.9,2026-09-10T08:59:10.072819Z,17.1,3,OBJECT_RETURNED,GRASP COMPONENT BOX,NONE,Object returned. Next step: Please close the box.,40.2,OPEN,-0.612,-0.351,1.1,-0.612,-1.203,1.978,145.0,0.0,-137.7,1,-0.668,-1.246,2.069,0.0,169.0,640.0,257.0,-0.64,-1.243,2.012,275.0,138.0,365.0,208.0,GRASPED,1,0.06,2,OBJECT_EXTRACTED,0.88,Component extracted and held outside container.
101,16.958,2026-09-10T08:59:10.130879Z,17.8,3,OBJECT_RETURNED,GRASP COMPONENT BOX,NONE,Object returned. Next step: Please close the box.,40.0,OPEN,-0.612,-0.35,1.1,-0.612,-1.203,1.977,145.0,0.0,-137.7,1,-0.668,-1.245,2.069,0.0,172.0,640.0,255.0,-0.64,-1.242,2.013,275.0,139.0,365.0,209.0,GRASPED,1,0.059,2,OBJECT_EXTRACTED,0.88,Component extracted and held outside container.
102,17.018,2026-09-10T08:59:10.191350Z,16.4,3,OBJECT_RETURNED,GRASP COMPONENT BOX,NONE,Object returned. Next step: Please close the box.,39.8,OPEN,-0.612,-0.35,1.1,-0.612,-1.203,1.978,145.0,0.0,-137.7,1,-0.668,-1.245,2.069,0.0,172.0,640.0,255.0,-0.64,-1.242,2.013,275.0,139.0,365.0,209.0,GRASPED,1,0.059,2,OBJECT_EXTRACTED,0.88,Component extracted and held outside container.
103,17.077,2026-09-10T08:59:10.250515Z,16.9,3,OBJECT_RETURNED,GRASP COMPONENT BOX,NONE,Object returned. Next step: Please close the box.,40.0,OPEN,-0.612,-0.351,1.1,-0.612,-1.203,1.978,145.0,0.0,-137.7,1,-0.668,-1.246,2.068,0.0,172.0,640.0,252.0,-0.64,-1.243,2.012,275.0,138.0,365.0,208.0,GRASPED,1,0.06,2,OBJECT_EXTRACTED,0.88,Component extracted and held outside container.
104,17.135,2026-09-10T08:59:10.307590Z,16.7,3,OBJECT_RETURNED,GRASP COMPONENT BOX,NONE,Object returned. Next step: Please close the box.,40.1,OPEN,-0.612,-0.35,1.1,-0.612,-1.204,1.977,145.0,0.0,-137.7,1,-0.668,-1.246,2.068,0.0,172.0,640.0,253.0,-0.64,-1.242,2.013,275.0,139.0,365.0,209.0,GRASPED,1,0.059,2,OBJECT_EXTRACTED,0.88,Component extracted and held outside container.
105,17.19,2026-09-10T08:59:10.363201Z,18.5,3,OBJECT_RETURNED,GRASP COMPONENT BOX,NONE,Object returned. Next step: Please close the box.,40.1,OPEN,-0.612,-0.35,1.1,-0.612,-1.203,1.978,145.0,0.0,-137.7,1,-0.668,-1.246,2.068,0.0,172.0,640.0,253.0,-0.64,-1.242,2.013,275.0,139.0,365.0,209.0,GRASPED,1,0.059,2,OBJECT_EXTRACTED,0.88,Component extracted and held outside container.
106,17.298,2026-09-10T08:59:10.470930Z,10.8,3,OBJECT_RETURNED,GRASP COMPONENT BOX,NONE,Object returned. Next step: Please close the box.,40.4,OPEN,-0.612,-0.35,1.1,-0.612,-1.203,1.978,145.0,0.0,-137.7,1,-0.668,-1.246,2.068,0.0,172.0,640.0,253.0,-0.64,-1.242,2.013,275.0,139.0,365.0,209.0,GRASPED,1,0.059,2,OBJECT_EXTRACTED,0.88,Component extracted and held outside container.
107,17.365,2026-09-10T08:59:10.538509Z,13.4,3,OBJECT_RETURNED,GRASP COMPONENT BOX,NONE,Object returned. Next step: Please close the box.,40.3,OPEN,-0.612,-0.35,1.1,-0.612,-1.203,1.978,145.0,0.0,-137.7,1,-0.668,-1.245,2.069,0.0,172.0,640.0,255.0,-0.64,-1.242,2.013,275.0,139.0,365.0,209.0,GRASPED,1,0.059,2,OBJECT_EXTRACTED,0.88,Component extracted and held outside container.
108,17.427,2026-09-10T08:59:10.599845Z,14.8,3,OBJECT_RETURNED,GRASP COMPONENT BOX,NONE,Object returned. Next step: Please close the box.,40.2,OPEN,-0.612,-0.35,1.1,-0.612,-1.204,1.977,145.0,0.0,-137.7,1,-0.668,-1.245,2.069,0.0,172.0,640.0,255.0,-0.64,-1.242,2.013,275.0,139.0,365.0,209.0,GRASPED,1,0.059,2,OBJECT_EXTRACTED,0.88,Component extracted and held outside container.
109,17.488,2026-09-10T08:59:10.660543Z,16.3,3,OBJECT_RETURNED,GRASP COMPONENT BOX,NONE,Object returned. Next step: Please close the box.,40.1,OPEN,-0.612,-0.35,1.1,-0.612,-1.203,1.977,145.0,0.0,-137.7,1,-0.668,-1.246,2.068,0.0,172.0,640.0,253.0,-0.64,-1.242,2.013,275.0,139.0,365.0,209.0,GRASPED,1,0.059,2,OBJECT_EXTRACTED,0.88,Component extracted and held outside container.
110,17.553,2026-09-10T08:59:10.726089Z,16.2,3,OBJECT_RETURNED,GRASP COMPONENT BOX,NONE,Object returned. Next step: Please close the box.,40.2,OPEN,-0.612,-0.35,1.1,-0.612,-1.203,1.978,145.0,0.0,-137.7,1,-0.668,-1.246,2.069,0.0,173.0,640.0,253.0,-0.64,-1.242,2.013,275.0,139.0,365.0,209.0,GRASPED,1,0.059,2,OBJECT_EXTRACTED,0.88,Component extracted and held outside container.
111,17.618,2026-09-10T08:59:10.791257Z,15.4,3,OBJECT_RETURNED,GRASP COMPONENT BOX,NONE,Object returned. Next step: Please close the box.,40.4,OPEN,-0.612,-0.35,1.1,-0.612,-1.203,1.978,145.0,0.0,-137.7,1,-0.668,-1.246,2.069,0.0,173.0,640.0,253.0,-0.64,-1.242,2.013,275.0,139.0,365.0,209.0,GRASPED,1,0.059,2,OBJECT_EXTRACTED,0.88,Component extracted and held outside container.
112,17.686,2026-09-10T08:59:10.859422Z,14.5,3,OBJECT_RETURNED,GRASP COMPONENT BOX,NONE,Object returned. Next step: Please close the box.,40.1,OPEN,-0.612,-0.35,1.1,-0.612,-1.203,1.978,145.0,0.0,-137.7,1,-0.668,-1.245,2.069,0.0,172.0,640.0,255.0,-0.64,-1.242,2.013,275.0,139.0,365.0,209.0,GRASPED,1,0.059,2,OBJECT_EXTRACTED,0.88,Component extracted and held outside container.
113,17.744,2026-09-10T08:59:10.916582Z,16.1,3,OBJECT_RETURNED,GRASP COMPONENT BOX,NONE,Object returned. Next step: Please close the box.,40.0,OPEN,-0.612,-0.35,1.1,-0.612,-1.203,1.978,145.0,0.0,-137.7,1,-0.668,-1.246,2.069,0.0,172.0,640.0,254.0,-0.64,-1.242,2.013,275.0,139.0,365.0,209.0,GRASPED,1,0.059,2,OBJECT_EXTRACTED,0.88,Component extracted and held outside container.
114,17.802,2026-09-10T08:59:10.975296Z,17.8,3,OBJECT_RETURNED,GRASP COMPONENT BOX,NONE,Object returned. Next step: Please close the box.,40.0,OPEN,-0.612,-0.35,1.1,-0.612,-1.203,1.978,145.0,0.0,-137.7,1,-0.668,-1.246,2.069,0.0,172.0,640.0,254.0,-0.64,-1.242,2.013,275.0,139.0,365.0,209.0,GRASPED,1,0.059,2,OBJECT_EXTRACTED,0.88,Component extracted and held outside container.
115,17.858,2026-09-10T08:59:11.031391Z,17.0,3,OBJECT_RETURNED,GRASP COMPONENT BOX,NONE,Object returned. Next step: Please close the box.,40.1,OPEN,-0.612,-0.35,1.1,-0.612,-1.203,1.978,145.0,0.0,-137.7,1,-0.668,-1.245,2.069,0.0,172.0,640.0,255.0,-0.64,-1.242,2.013,275.0,139.0,365.0,209.0,GRASPED,1,0.059,2,OBJECT_EXTRACTED,0.88,Component extracted and held outside container.
116,17.929,2026-09-10T08:59:11.102265Z,17.3,3,OBJECT_RETURNED,EXTRACT COMPONENT BOX,NONE,Object returned. Next step: Please close the box.,41.1,OPEN,-0.612,-0.35,1.1,-0.612,-1.203,1.978,145.0,0.0,-137.7,1,-0.668,-1.13,2.135,140.8,230.4,499.2,451.2,-0.64,-1.242,2.013,275.0,139.0,365.0,209.0,EXTRACTED,0,0.059,2,OBJECT_EXTRACTED,0.88,Component extracted and held outside container.
117,18.001,2026-09-10T08:59:11.174401Z,14.2,3,OBJECT_RETURNED,GRASP COMPONENT BOX,NONE,Object returned. Next step: Please close the box.,40.6,OPEN,-0.612,-0.35,1.1,-0.612,-1.203,1.978,145.0,0.0,-137.7,1,-0.668,-1.246,2.068,0.0,172.0,640.0,253.0,-0.64,-1.242,2.013,275.0,139.0,365.0,209.0,GRASPED,1,0.059,2,OBJECT_EXTRACTED,0.88,Component extracted and held outside container.
118,18.059,2026-09-10T08:59:11.231703Z,14.0,3,OBJECT_RETURNED,GRASP COMPONENT BOX,NONE,Object returned. Next step: Please close the box.,40.4,OPEN,-0.612,-0.35,1.1,-0.612,-1.203,1.978,145.0,0.0,-137.7,1,-0.668,-1.246,2.069,0.0,172.0,640.0,254.0,-0.64,-1.242,2.013,275.0,139.0,365.0,209.0,GRASPED,1,0.059,2,OBJECT_EXTRACTED,0.88,Component extracted and held outside container.
119,18.116,2026-09-10T08:59:11.288741Z,17.1,3,OBJECT_RETURNED,GRASP COMPONENT BOX,NONE,Object returned. Next step: Please close the box.,40.1,OPEN,-0.612,-0.35,1.1,-0.612,-1.203,1.978,145.0,0.0,-137.7,1,-0.668,-1.246,2.069,0.0,173.0,640.0,253.0,-0.64,-1.242,2.013,275.0,139.0,365.0,209.0,GRASPED,1,0.059,2,OBJECT_EXTRACTED,0.88,Component extracted and held outside container.
120,18.17,2026-09-10T08:59:11.343387Z,17.9,3,OBJECT_RETURNED,GRASP COMPONENT BOX,NONE,Object returned. Next step: Please close the box.,40.5,OPEN,-0.612,-0.35,1.1,-0.612,-1.203,1.978,145.0,0.0,-137.7,1,-0.668,-1.246,2.068,0.0,172.0,640.0,253.0,-0.64,-1.242,2.013,275.0,139.0,365.0,209.0,GRASPED,1,0.059,2,OBJECT_EXTRACTED,0.88,Component extracted and held outside container.
121,18.274,2026-09-10T08:59:11.447069Z,11.5,3,OBJECT_RETURNED,EXTRACT COMPONENT BOX,NONE,Object returned. Next step: Please close the box.,41.5,OPEN,-0.612,-0.35,1.1,-0.612,-1.203,1.978,145.0,0.0,-137.7,1,-0.668,-1.13,2.135,140.8,230.4,499.2,451.2,-0.64,-1.242,2.013,275.0,139.0,365.0,209.0,EXTRACTED,0,0.06,2,OBJECT_EXTRACTED,0.88,Component extracted and held outside container.
122,18.345,2026-09-10T08:59:11.517942Z,13.7,3,OBJECT_RETURNED,GRASP COMPONENT BOX,NONE,Object returned. Next step: Please close the box.,41.3,OPEN,-0.612,-0.351,1.1,-0.612,-1.203,1.978,145.0,0.0,-137.7,1,-0.668,-1.246,2.068,0.0,173.0,640.0,252.0,-0.64,-1.243,2.012,275.0,138.0,365.0,208.0,GRASPED,1,0.06,2,OBJECT_EXTRACTED,0.88,Component extracted and held outside container.
123,18.403,2026-09-10T08:59:11.575839Z,14.1,3,OBJECT_RETURNED,GRASP COMPONENT BOX,NONE,Object returned. Next step: Please close the box.,41.5,OPEN,-0.612,-0.35,1.1,-0.612,-1.203,1.978,145.0,0.0,-137.7,1,-0.668,-1.245,2.069,0.0,172.0,640.0,255.0,-0.64,-1.242,2.013,275.0,139.0,365.0,209.0,GRASPED,1,0.059,2,OBJECT_EXTRACTED,0.88,Component extracted and held outside container.
124,18.459,2026-09-10T08:59:11.632283Z,17.5,3,OBJECT_RETURNED,GRASP COMPONENT BOX,NONE,Object returned. Next step: Please close the box.,40.8,OPEN,-0.612,-0.35,1.1,-0.612,-1.203,1.978,145.0,0.0,-137.7,1,-0.668,-1.246,2.068,0.0,172.0,640.0,252.0,-0.64,-1.242,2.013,275.0,139.0,365.0,209.0,GRASPED,1,0.06,2,OBJECT_EXTRACTED,0.88,Component extracted and held outside container.
125,18.516,2026-09-10T08:59:11.688546Z,17.8,3,OBJECT_RETURNED,GRASP COMPONENT BOX,NONE,Object returned. Next step: Please close the box.,40.8,OPEN,-0.612,-0.35,1.1,-0.612,-1.203,1.978,145.0,0.0,-137.7,1,-0.668,-1.245,2.069,0.0,172.0,640.0,255.0,-0.64,-1.242,2.013,275.0,139.0,365.0,209.0,GRASPED,1,0.059,2,OBJECT_EXTRACTED,0.88,Component extracted and held outside container.
126,18.571,2026-09-10T08:59:11.743725Z,18.5,3,OBJECT_RETURNED,GRASP COMPONENT BOX,NONE,Object returned. Next step: Please close the box.,40.7,OPEN,-0.612,-0.35,1.1,-0.612,-1.203,1.978,145.0,0.0,-137.7,1,-0.668,-1.245,2.069,0.0,172.0,640.0,255.0,-0.64,-1.242,2.013,275.0,139.0,365.0,209.0,GRASPED,1,0.059,2,OBJECT_EXTRACTED,0.88,Component extracted and held outside container.
127,18.649,2026-09-10T08:59:11.821590Z,16.7,3,OBJECT_RETURNED,GRASP COMPONENT BOX,NONE,Object returned. Next step: Please close the box.,40.5,OPEN,-0.612,-0.35,1.1,-0.612,-1.203,1.978,145.0,0.0,-137.7,1,-0.668,-1.246,2.068,0.0,169.0,640.0,255.0,-0.64,-1.242,2.013,275.0,139.0,365.0,209.0,GRASPED,1,0.059,2,OBJECT_EXTRACTED,0.88,Component extracted and held outside container.
128,18.752,2026-09-10T08:59:11.925312Z,11.9,3,OBJECT_RETURNED,GRASP COMPONENT BOX,NONE,Object returned. Next step: Please close the box.,40.5,OPEN,-0.612,-0.35,1.1,-0.612,-1.203,1.978,145.0,0.0,-137.7,1,-0.668,-1.245,2.069,0.0,172.0,640.0,255.0,-0.64,-1.242,2.013,275.0,139.0,365.0,209.0,GRASPED,1,0.059,2,OBJECT_EXTRACTED,0.88,Component extracted and held outside container.
129,18.858,2026-09-10T08:59:12.030855Z,9.6,3,OBJECT_RETURNED,EXTRACT COMPONENT BOX,NONE,Object returned. Next step: Please close the box.,40.9,OPEN,-0.612,-0.35,1.1,-0.612,-1.203,1.978,145.0,0.0,-137.7,1,-0.668,-1.13,2.135,140.8,230.4,499.2,451.2,-0.64,-1.242,2.013,275.0,139.0,365.0,209.0,EXTRACTED,0,0.059,2,OBJECT_EXTRACTED,0.88,Component extracted and held outside container.
130,18.962,2026-09-10T08:59:12.134897Z,9.5,3,OBJECT_RETURNED,GRASP COMPONENT BOX,NONE,Object returned. Next step: Please close the box.,40.7,OPEN,-0.612,-0.35,1.1,-0.612,-1.203,1.978,145.0,0.0,-137.7,1,-0.668,-1.245,2.069,0.0,172.0,640.0,255.0,-0.64,-1.242,2.013,275.0,139.0,365.0,209.0,GRASPED,1,0.059,2,OBJECT_EXTRACTED,0.88,Component extracted and held outside container.
131,19.051,2026-09-10T08:59:12.224184Z,9.6,3,OBJECT_RETURNED,GRASP COMPONENT BOX,NONE,Object returned. Next step: Please close the box.,40.9,OPEN,-0.612,-0.35,1.1,-0.612,-1.203,1.978,145.0,0.0,-137.7,1,-0.668,-1.246,2.068,0.0,171.0,640.0,253.0,-0.64,-1.242,2.013,275.0,139.0,365.0,209.0,GRASPED,1,0.059,2,OBJECT_EXTRACTED,0.88,Component extracted and held outside container.
132,19.142,2026-09-10T08:59:12.314856Z,11.1,3,OBJECT_RETURNED,GRASP COMPONENT BOX,NONE,Object returned. Next step: Please close the box.,40.7,OPEN,-0.612,-0.35,1.1,-0.612,-1.203,1.978,145.0,0.0,-137.7,1,-0.668,-1.246,2.069,0.0,172.0,640.0,254.0,-0.64,-1.242,2.013,275.0,139.0,365.0,209.0,GRASPED,1,0.059,2,OBJECT_EXTRACTED,0.88,Component extracted and held outside container.
133,19.23,2026-09-10T08:59:12.402919Z,11.3,3,OBJECT_RETURNED,GRASP COMPONENT BOX,NONE,Object returned. Next step: Please close the box.,40.4,OPEN,-0.612,-0.35,1.1,-0.612,-1.203,1.978,145.0,0.0,-137.7,1,-0.668,-1.245,2.069,0.0,172.0,640.0,255.0,-0.64,-1.242,2.013,275.0,139.0,365.0,209.0,GRASPED,1,0.059,2,OBJECT_EXTRACTED,0.88,Component extracted and held outside container.
134,19.327,2026-09-10T08:59:12.500047Z,11.3,3,OBJECT_RETURNED,GRASP COMPONENT BOX,NONE,Object returned. Next step: Please close the box.,40.5,OPEN,-0.612,-0.35,1.1,-0.612,-1.203,1.978,145.0,0.0,-137.7,1,-0.668,-1.245,2.069,0.0,173.0,640.0,255.0,-0.64,-1.242,2.013,275.0,139.0,365.0,209.0,GRASPED,1,0.059,2,OBJECT_EXTRACTED,0.88,Component extracted and held outside container.
135,19.418,2026-09-10T08:59:12.591504Z,10.5,3,OBJECT_RETURNED,GRASP COMPONENT BOX,NONE,Object returned. Next step: Please close the box.,40.3,OPEN,-0.612,-0.35,1.1,-0.612,-1.203,1.978,145.0,0.0,-137.7,1,-0.668,-1.246,2.069,0.0,172.0,640.0,254.0,-0.64,-1.242,2.013,275.0,139.0,365.0,209.0,GRASPED,1,0.059,2,OBJECT_EXTRACTED,0.88,Component extracted and held outside container.
136,19.552,2026-09-10T08:59:12.725376Z,7.2,3,OBJECT_RETURNED,GRASP COMPONENT BOX,NONE,Object returned. Next step: Please close the box.,40.2,OPEN,-0.612,-0.351,1.1,-0.612,-1.203,1.978,145.0,0.0,-137.7,1,-0.668,-1.245,2.069,0.0,173.0,640.0,255.0,-0.64,-1.243,2.012,275.0,138.0,365.0,208.0,GRASPED,1,0.06,2,OBJECT_EXTRACTED,0.88,Component extracted and held outside container.
137,19.653,2026-09-10T08:59:12.825585Z,10.6,3,OBJECT_RETURNED,GRASP COMPONENT BOX,NONE,Object returned. Next step: Please close the box.,40.2,OPEN,-0.612,-0.351,1.1,-0.612,-1.203,1.977,145.0,0.0,-137.7,1,-0.668,-1.245,2.069,0.0,173.0,640.0,255.0,-0.64,-1.243,2.012,275.0,138.0,365.0,208.0,GRASPED,1,0.06,2,OBJECT_EXTRACTED,0.88,Component extracted and held outside container.
138,19.777,2026-09-10T08:59:12.950346Z,9.9,3,OBJECT_RETURNED,GRASP COMPONENT BOX,NONE,Object returned. Next step: Please close the box.,40.3,OPEN,-0.612,-0.35,1.1,-0.612,-1.203,1.978,145.0,0.0,-137.7,1,-0.668,-1.246,2.069,0.0,172.0,640.0,254.0,-0.64,-1.242,2.013,275.0,139.0,365.0,209.0,GRASPED,1,0.059,2,OBJECT_EXTRACTED,0.88,Component extracted and held outside container.
139,19.9,2026-09-10T08:59:13.073516Z,7.9,3,OBJECT_RETURNED,GRASP COMPONENT BOX,NONE,Object returned. Next step: Please close the box.,40.4,OPEN,-0.612,-0.351,1.1,-0.612,-1.203,1.977,145.0,0.0,-137.7,1,-0.668,-1.246,2.068,0.0,171.0,640.0,254.0,-0.64,-1.243,2.012,275.0,138.0,365.0,208.0,GRASPED,1,0.06,2,OBJECT_EXTRACTED,0.88,Component extracted and held outside container.
140,20.031,2026-09-10T08:59:13.203874Z,7.7,3,OBJECT_RETURNED,GRASP COMPONENT BOX,NONE,Object returned. Next step: Please close the box.,40.1,OPEN,-0.612,-0.35,1.1,-0.612,-1.204,1.977,145.0,0.0,-137.7,1,-0.668,-1.246,2.068,0.0,171.0,640.0,253.0,-0.64,-1.242,2.013,275.0,139.0,365.0,209.0,GRASPED,1,0.059,2,OBJECT_EXTRACTED,0.88,Component extracted and held outside container.
141,20.146,2026-09-10T08:59:13.319324Z,7.9,3,OBJECT_RETURNED,GRASP COMPONENT BOX,NONE,Object returned. Next step: Please close the box.,40.4,OPEN,-0.612,-0.35,1.1,-0.612,-1.204,1.977,145.0,0.0,-137.7,1,-0.668,-1.245,2.069,0.0,172.0,640.0,255.0,-0.64,-1.242,2.013,275.0,139.0,365.0,209.0,GRASPED,1,0.059,2,OBJECT_EXTRACTED,0.88,Component extracted and held outside container.
142,20.256,2026-09-10T08:59:13.428762Z,8.5,3,OBJECT_RETURNED,GRASP COMPONENT BOX,NONE,Object returned. Next step: Please close the box.,40.4,OPEN,-0.612,-0.351,1.1,-0.612,-1.204,1.977,145.0,0.0,-137.7,1,-0.668,-1.246,2.069,0.0,173.0,640.0,253.0,-0.64,-1.243,2.012,275.0,138.0,365.0,208.0,GRASPED,1,0.06,2,OBJECT_EXTRACTED,0.88,Component extracted and held outside container.
143,20.408,2026-09-10T08:59:13.580741Z,9.0,3,OBJECT_RETURNED,EXTRACT COMPONENT BOX,NONE,Object returned. Next step: Please close the box.,41.1,OPEN,-0.612,-0.351,1.1,-0.612,-1.204,1.977,145.0,0.0,-137.7,1,-0.668,-1.13,2.135,140.8,230.4,499.2,451.2,-0.64,-1.243,2.012,275.0,138.0,365.0,208.0,EXTRACTED,0,0.06,2,OBJECT_EXTRACTED,0.88,Component extracted and held outside container.
144,20.529,2026-09-10T08:59:13.702000Z,6.9,3,OBJECT_RETURNED,GRASP COMPONENT BOX,NONE,Object returned. Next step: Please close the box.,40.7,OPEN,-0.612,-0.35,1.1,-0.612,-1.203,1.977,145.0,0.0,-137.7,1,-0.668,-1.245,2.069,0.0,173.0,640.0,254.0,-0.64,-1.242,2.013,275.0,139.0,365.0,209.0,GRASPED,1,0.059,2,OBJECT_EXTRACTED,0.88,Component extracted and held outside container.
145,20.638,2026-09-10T08:59:13.810905Z,8.4,3,OBJECT_RETURNED,GRASP COMPONENT BOX,NONE,Object returned. Next step: Please close the box.,40.7,OPEN,-0.612,-0.35,1.1,-0.612,-1.203,1.978,145.0,0.0,-137.7,1,-0.668,-1.245,2.069,0.0,172.0,640.0,255.0,-0.64,-1.242,2.013,275.0,139.0,365.0,209.0,GRASPED,1,0.059,2,OBJECT_EXTRACTED,0.88,Component extracted and held outside container.
146,20.752,2026-09-10T08:59:13.925351Z,8.8,3,OBJECT_RETURNED,GRASP COMPONENT BOX,NONE,Object returned. Next step: Please close the box.,40.2,OPEN,-0.612,-0.35,1.1,-0.612,-1.203,1.978,145.0,0.0,-137.7,1,-0.668,-1.246,2.068,0.0,172.0,640.0,253.0,-0.64,-1.242,2.013,275.0,139.0,365.0,209.0,GRASPED,1,0.059,2,OBJECT_EXTRACTED,0.88,Component extracted and held outside container.
147,20.9,2026-09-10T08:59:14.073250Z,8.7,3,OBJECT_RETURNED,GRASP COMPONENT BOX,NONE,Object returned. Next step: Please close the box.,40.2,OPEN,-0.612,-0.35,1.1,-0.612,-1.203,1.978,145.0,0.0,-137.7,1,-0.668,-1.246,2.069,0.0,172.0,640.0,254.0,-0.64,-1.242,2.013,275.0,139.0,365.0,209.0,GRASPED,1,0.059,2,OBJECT_EXTRACTED,0.88,Component extracted and held outside container.
148,21.016,2026-09-10T08:59:14.189036Z,6.7,3,OBJECT_RETURNED,GRASP COMPONENT BOX,NONE,Object returned. Next step: Please close the box.,40.2,OPEN,-0.612,-0.35,1.1,-0.612,-1.203,1.978,145.0,0.0,-137.7,1,-0.668,-1.246,2.068,0.0,171.0,640.0,253.0,-0.64,-1.242,2.013,275.0,139.0,365.0,209.0,GRASPED,1,0.059,2,OBJECT_EXTRACTED,0.88,Component extracted and held outside container.
149,21.13,2026-09-10T08:59:14.302952Z,8.7,3,OBJECT_RETURNED,GRASP COMPONENT BOX,NONE,Object returned. Next step: Please close the box.,40.2,OPEN,-0.612,-0.35,1.1,-0.612,-1.203,1.978,145.0,0.0,-137.7,1,-0.668,-1.245,2.069,0.0,173.0,640.0,254.0,-0.64,-1.242,2.013,275.0,139.0,365.0,209.0,GRASPED,1,0.059,2,OBJECT_EXTRACTED,0.88,Component extracted and held outside container.
150,21.239,2026-09-10T08:59:14.411644Z,9.3,3,OBJECT_RETURNED,GRASP COMPONENT BOX,NONE,Object returned. Next step: Please close the box.,40.2,OPEN,-0.612,-0.35,1.1,-0.612,-1.203,1.978,145.0,0.0,-137.7,1,-0.668,-1.246,2.068,0.0,172.0,640.0,253.0,-0.64,-1.242,2.013,275.0,139.0,365.0,209.0,GRASPED,1,0.059,2,OBJECT_EXTRACTED,0.88,Component extracted and held outside container.
151,21.428,2026-09-10T08:59:14.601397Z,5.2,3,OBJECT_RETURNED,GRASP COMPONENT BOX,NONE,Object returned. Next step: Please close the box.,39.9,OPEN,-0.612,-0.35,1.1,-0.612,-1.203,1.978,145.0,0.0,-137.7,1,-0.668,-1.245,2.069,0.0,173.0,640.0,254.0,-0.64,-1.242,2.013,275.0,139.0,365.0,209.0,GRASPED,1,0.059,2,OBJECT_EXTRACTED,0.88,Component extracted and held outside container.
152,21.53,2026-09-10T08:59:14.703495Z,9.2,3,OBJECT_RETURNED,GRASP COMPONENT BOX,NONE,Object returned. Next step: Please close the box.,40.0,OPEN,-0.612,-0.35,1.1,-0.612,-1.203,1.978,145.0,0.0,-137.7,1,-0.668,-1.245,2.069,0.0,173.0,640.0,255.0,-0.64,-1.242,2.013,275.0,139.0,365.0,209.0,GRASPED,1,0.059,2,OBJECT_EXTRACTED,0.88,Component extracted and held outside container.
153,21.634,2026-09-10T08:59:14.807060Z,9.9,3,OBJECT_RETURNED,GRASP COMPONENT BOX,NONE,Object returned. Next step: Please close the box.,39.7,OPEN,-0.612,-0.35,1.1,-0.612,-1.203,1.978,145.0,0.0,-137.7,1,-0.668,-1.246,2.069,0.0,172.0,640.0,254.0,-0.64,-1.242,2.013,275.0,139.0,365.0,209.0,GRASPED,1,0.059,2,OBJECT_EXTRACTED,0.88,Component extracted and held outside container.
154,21.742,2026-09-10T08:59:14.915316Z,9.5,3,OBJECT_RETURNED,GRASP COMPONENT BOX,NONE,Object returned. Next step: Please close the box.,39.9,OPEN,-0.612,-0.35,1.1,-0.612,-1.203,1.978,145.0,0.0,-137.7,1,-0.668,-1.246,2.069,0.0,173.0,640.0,253.0,-0.64,-1.242,2.013,275.0,139.0,365.0,209.0,GRASPED,1,0.06,2,OBJECT_EXTRACTED,0.88,Component extracted and held outside container.
155,21.852,2026-09-10T08:59:15.024781Z,9.6,3,OBJECT_RETURNED,GRASP COMPONENT BOX,NONE,Object returned. Next step: Please close the box.,40.0,OPEN,-0.612,-0.35,1.1,-0.612,-1.203,1.978,145.0,0.0,-137.7,1,-0.668,-1.247,2.068,0.0,170.0,640.0,253.0,-0.64,-1.242,2.013,275.0,139.0,365.0,209.0,GRASPED,1,0.059,2,OBJECT_EXTRACTED,0.88,Component extracted and held outside container.
156,22.016,2026-09-10T08:59:15.188963Z,8.7,3,OBJECT_RETURNED,GRASP COMPONENT BOX,NONE,Object returned. Next step: Please close the box.,40.0,OPEN,-0.612,-0.35,1.1,-0.612,-1.203,1.978,145.0,0.0,-137.7,1,-0.668,-1.246,2.068,0.0,172.0,640.0,253.0,-0.64,-1.242,2.013,275.0,139.0,365.0,209.0,GRASPED,1,0.059,2,OBJECT_EXTRACTED,0.88,Component extracted and held outside container.
157,22.145,2026-09-10T08:59:15.318327Z,5.9,3,OBJECT_RETURNED,GRASP COMPONENT BOX,NONE,Object returned. Next step: Please close the box.,39.7,OPEN,-0.612,-0.35,1.1,-0.612,-1.203,1.978,145.0,0.0,-137.7,1,-0.668,-1.245,2.069,0.0,172.0,640.0,255.0,-0.64,-1.242,2.013,275.0,139.0,365.0,209.0,GRASPED,1,0.059,2,OBJECT_EXTRACTED,0.88,Component extracted and held outside container.
158,22.25,2026-09-10T08:59:15.423075Z,8.3,3,OBJECT_RETURNED,GRASP COMPONENT BOX,NONE,Object returned. Next step: Please close the box.,39.9,OPEN,-0.612,-0.35,1.1,-0.612,-1.203,1.978,145.0,0.0,-137.7,1,-0.668,-1.245,2.069,0.0,172.0,640.0,256.0,-0.64,-1.242,2.013,275.0,139.0,365.0,209.0,GRASPED,1,0.059,2,OBJECT_EXTRACTED,0.88,Component extracted and held outside container.
159,22.379,2026-09-10T08:59:15.551794Z,9.4,3,OBJECT_RETURNED,GRASP COMPONENT BOX,NONE,Object returned. Next step: Please close the box.,40.0,OPEN,-0.612,-0.35,1.1,-0.612,-1.203,1.978,145.0,0.0,-137.7,1,-0.668,-1.246,2.068,0.0,172.0,640.0,253.0,-0.64,-1.242,2.013,275.0,139.0,365.0,209.0,GRASPED,1,0.059,2,OBJECT_EXTRACTED,0.88,Component extracted and held outside container.
160,22.499,2026-09-10T08:59:15.672031Z,7.5,3,OBJECT_RETURNED,GRASP COMPONENT BOX,NONE,Object returned. Next step: Please close the box.,40.5,OPEN,-0.612,-0.35,1.1,-0.612,-1.203,1.978,145.0,0.0,-137.7,1,-0.668,-1.246,2.068,0.0,172.0,640.0,253.0,-0.64,-1.242,2.013,275.0,139.0,365.0,209.0,GRASPED,1,0.059,2,OBJECT_EXTRACTED,0.88,Component extracted and held outside container.
161,22.625,2026-09-10T08:59:15.798487Z,8.8,3,OBJECT_RETURNED,GRASP COMPONENT BOX,NONE,Object returned. Next step: Please close the box.,40.5,OPEN,-0.612,-0.351,1.1,-0.612,-1.203,1.977,145.0,0.0,-137.7,1,-0.668,-1.246,2.068,0.0,172.0,640.0,252.0,-0.64,-1.243,2.012,275.0,138.0,365.0,208.0,GRASPED,1,0.06,2,OBJECT_EXTRACTED,0.88,Component extracted and held outside container.
162,22.741,2026-09-10T08:59:15.913699Z,7.7,3,OBJECT_RETURNED,GRASP COMPONENT BOX,NONE,Object returned. Next step: Please close the box.,40.8,OPEN,-0.612,-0.35,1.1,-0.612,-1.203,1.978,145.0,0.0,-137.7,1,-0.668,-1.246,2.069,0.0,173.0,640.0,253.0,-0.64,-1.242,2.013,275.0,139.0,365.0,209.0,GRASPED,1,0.059,2,OBJECT_EXTRACTED,0.88,Component extracted and held outside container.
163,22.878,2026-09-10T08:59:16.051043Z,8.5,3,OBJECT_RETURNED,EXTRACT COMPONENT BOX,NONE,Object returned. Next step: Please close the box.,41.7,OPEN,-0.612,-0.35,1.1,-0.612,-1.203,1.978,145.0,0.0,-137.7,1,-0.668,-1.13,2.135,140.8,230.4,499.2,451.2,-0.64,-1.242,2.013,275.0,139.0,365.0,209.0,EXTRACTED,0,0.059,2,OBJECT_EXTRACTED,0.88,Component extracted and held outside container.
164,22.999,2026-09-10T08:59:16.171559Z,7.3,3,OBJECT_RETURNED,GRASP COMPONENT BOX,NONE,Object returned. Next step: Please close the box.,41.3,OPEN,-0.612,-0.35,1.1,-0.612,-1.203,1.978,145.0,0.0,-137.7,1,-0.668,-1.245,2.069,0.0,173.0,640.0,255.0,-0.64,-1.242,2.013,275.0,139.0,365.0,209.0,GRASPED,1,0.059,2,OBJECT_EXTRACTED,0.88,Component extracted and held outside container.
165,23.125,2026-09-10T08:59:16.298461Z,8.1,3,OBJECT_RETURNED,GRASP COMPONENT BOX,NONE,Object returned. Next step: Please close the box.,41.5,OPEN,-0.612,-0.35,1.1,-0.612,-1.203,1.978,145.0,0.0,-137.7,1,-0.668,-1.246,2.068,0.0,172.0,640.0,253.0,-0.64,-1.242,2.013,275.0,139.0,365.0,209.0,GRASPED,1,0.059,2,OBJECT_EXTRACTED,0.88,Component extracted and held outside container.
166,23.337,2026-09-10T08:59:16.510241Z,4.9,3,OBJECT_RETURNED,GRASP COMPONENT BOX,NONE,Object returned. Next step: Please close the box.,41.0,OPEN,-0.612,-0.35,1.1,-0.612,-1.203,1.978,145.0,0.0,-137.7,1,-0.668,-1.246,2.069,0.0,172.0,640.0,254.0,-0.64,-1.242,2.013,275.0,139.0,365.0,209.0,GRASPED,1,0.059,2,OBJECT_EXTRACTED,0.88,Component extracted and held outside container.
167,23.456,2026-09-10T08:59:16.628563Z,7.4,3,OBJECT_RETURNED,GRASP COMPONENT BOX,NONE,Object returned. Next step: Please close the box.,41.2,OPEN,-0.612,-0.35,1.1,-0.612,-1.203,1.978,145.0,0.0,-137.7,1,-0.668,-1.245,2.069,0.0,172.0,640.0,255.0,-0.64,-1.242,2.013,275.0,139.0,365.0,209.0,GRASPED,1,0.059,2,OBJECT_EXTRACTED,0.88,Component extracted and held outside container.
168,23.558,2026-09-10T08:59:16.730563Z,8.8,3,OBJECT_RETURNED,GRASP COMPONENT BOX,NONE,Object returned. Next step: Please close the box.,40.6,OPEN,-0.612,-0.35,1.1,-0.612,-1.203,1.978,145.0,0.0,-137.7,1,-0.668,-1.246,2.068,0.0,172.0,640.0,253.0,-0.64,-1.242,2.013,275.0,139.0,365.0,209.0,GRASPED,1,0.059,2,OBJECT_EXTRACTED,0.88,Component extracted and held outside container.
169,23.692,2026-09-10T08:59:16.864679Z,9.4,3,OBJECT_RETURNED,GRASP COMPONENT BOX,NONE,Object returned. Next step: Please close the box.,40.3,OPEN,-0.612,-0.35,1.1,-0.612,-1.203,1.978,145.0,0.0,-137.7,1,-0.668,-1.246,2.069,0.0,173.0,640.0,253.0,-0.64,-1.242,2.013,275.0,139.0,365.0,209.0,GRASPED,1,0.059,3,OBJECT_RETURNED,0.88,Deterministic kinematic fallback verification.
170,23.773,2026-09-10T08:59:16.946359Z,7.5,3,OBJECT_RETURNED,GRASP COMPONENT BOX,NONE,Object returned. Next step: Please close the box.,40.5,OPEN,-0.612,-0.351,1.1,-0.612,-1.203,1.977,145.0,0.0,-137.7,1,-0.668,-1.246,2.068,0.0,172.0,640.0,253.0,-0.64,-1.243,2.012,275.0,138.0,365.0,208.0,GRASPED,1,0.06,3,OBJECT_RETURNED,0.88,Deterministic kinematic fallback verification.
171,23.842,2026-09-10T08:59:17.014804Z,14.9,3,OBJECT_RETURNED,GRASP COMPONENT BOX,NONE,Object returned. Next step: Please close the box.,40.2,OPEN,-0.612,-0.35,1.1,-0.612,-1.203,1.978,145.0,0.0,-137.7,1,-0.668,-1.248,2.067,0.0,168.0,640.0,253.0,-0.64,-1.242,2.013,275.0,139.0,365.0,209.0,GRASPED,1,0.059,3,OBJECT_RETURNED,0.88,Deterministic kinematic fallback verification.
172,23.906,2026-09-10T08:59:17.079247Z,14.9,3,OBJECT_RETURNED,GRASP COMPONENT BOX,NONE,Object returned. Next step: Please close the box.,40.1,OPEN,-0.612,-0.35,1.1,-0.612,-1.203,1.978,145.0,0.0,-137.7,1,-0.668,-1.246,2.068,0.0,172.0,640.0,253.0,-0.64,-1.242,2.013,275.0,139.0,365.0,209.0,GRASPED,1,0.06,3,OBJECT_RETURNED,0.88,Deterministic kinematic fallback verification.
173,23.97,2026-09-10T08:59:17.142683Z,16.0,3,OBJECT_RETURNED,GRASP COMPONENT BOX,NONE,Object returned. Next step: Please close the box.,40.1,OPEN,-0.612,-0.35,1.1,-0.612,-1.203,1.978,145.0,0.0,-137.7,1,-0.668,-1.248,2.067,0.0,169.0,640.0,252.0,-0.64,-1.242,2.013,275.0,139.0,365.0,209.0,GRASPED,1,0.06,3,OBJECT_RETURNED,0.88,Deterministic kinematic fallback verification.
174,24.026,2026-09-10T08:59:17.199326Z,16.2,3,OBJECT_RETURNED,GRASP COMPONENT BOX,NONE,Object returned. Next step: Please close the box.,39.9,OPEN,-0.612,-0.35,1.1,-0.612,-1.203,1.978,145.0,0.0,-137.7,1,-0.668,-1.246,2.068,0.0,171.0,640.0,253.0,-0.64,-1.242,2.013,275.0,139.0,365.0,209.0,GRASPED,1,0.059,3,OBJECT_RETURNED,0.88,Deterministic kinematic fallback verification.
175,24.082,2026-09-10T08:59:17.255078Z,18.0,3,OBJECT_RETURNED,GRASP COMPONENT BOX,NONE,Object returned. Next step: Please close the box.,40.1,OPEN,-0.612,-0.35,1.1,-0.612,-1.203,1.978,145.0,0.0,-137.7,1,-0.668,-1.246,2.068,0.0,172.0,640.0,253.0,-0.64,-1.242,2.013,275.0,139.0,365.0,209.0,GRASPED,1,0.059,3,OBJECT_RETURNED,0.88,Deterministic kinematic fallback verification.
176,24.141,2026-09-10T08:59:17.313593Z,18.1,3,OBJECT_RETURNED,GRASP COMPONENT BOX,NONE,Object returned. Next step: Please close the box.,39.7,OPEN,-0.612,-0.35,1.1,-0.612,-1.203,1.978,145.0,0.0,-137.7,1,-0.668,-1.246,2.068,0.0,171.0,640.0,254.0,-0.64,-1.242,2.013,275.0,139.0,365.0,209.0,GRASPED,1,0.059,3,OBJECT_RETURNED,0.88,Deterministic kinematic fallback verification.
177,24.197,2026-09-10T08:59:17.369938Z,17.0,3,OBJECT_RETURNED,GRASP COMPONENT BOX,NONE,Object returned. Next step: Please close the box.,40.0,OPEN,-0.612,-0.35,1.1,-0.612,-1.203,1.978,145.0,0.0,-137.7,1,-0.668,-1.245,2.069,0.0,173.0,640.0,254.0,-0.64,-1.242,2.013,275.0,139.0,365.0,209.0,GRASPED,1,0.059,3,OBJECT_RETURNED,0.88,Deterministic kinematic fallback verification.
178,24.254,2026-09-10T08:59:17.426947Z,17.3,3,OBJECT_RETURNED,GRASP COMPONENT BOX,NONE,Object returned. Next step: Please close the box.,40.2,OPEN,-0.612,-0.35,1.1,-0.612,-1.203,1.978,145.0,0.0,-137.7,1,-0.668,-1.245,2.069,0.0,173.0,640.0,254.0,-0.64,-1.242,2.013,275.0,139.0,365.0,209.0,GRASPED,1,0.059,3,OBJECT_RETURNED,0.88,Deterministic kinematic fallback verification.
179,24.312,2026-09-10T08:59:17.485381Z,17.9,3,OBJECT_RETURNED,GRASP COMPONENT BOX,NONE,Object returned. Next step: Please close the box.,39.9,OPEN,-0.612,-0.35,1.1,-0.612,-1.203,1.978,145.0,0.0,-137.7,1,-0.668,-1.245,2.069,0.0,172.0,640.0,255.0,-0.64,-1.242,2.013,275.0,139.0,365.0,209.0,GRASPED,1,0.059,3,OBJECT_RETURNED,0.88,Deterministic kinematic fallback verification.
180,24.373,2026-09-10T08:59:17.546450Z,16.9,3,OBJECT_RETURNED,GRASP COMPONENT BOX,NONE,Object returned. Next step: Please close the box.,39.5,OPEN,-0.612,-0.35,1.1,-0.612,-1.203,1.978,145.0,0.0,-137.7,1,-0.668,-1.247,2.068,0.0,169.0,640.0,254.0,-0.64,-1.242,2.013,275.0,139.0,365.0,209.0,GRASPED,1,0.059,3,OBJECT_RETURNED,0.88,Deterministic kinematic fallback verification.
181,24.468,2026-09-10T08:59:17.640887Z,10.5,3,OBJECT_RETURNED,GRASP COMPONENT BOX,NONE,Object returned. Next step: Please close the box.,39.4,OPEN,-0.612,-0.35,1.1,-0.612,-1.203,1.978,145.0,0.0,-137.7,1,-0.668,-1.247,2.068,0.0,168.0,640.0,254.0,-0.64,-1.242,2.013,275.0,139.0,365.0,209.0,GRASPED,1,0.059,3,OBJECT_RETURNED,0.88,Deterministic kinematic fallback verification.
182,24.526,2026-09-10T08:59:17.699176Z,16.2,3,OBJECT_RETURNED,GRASP COMPONENT BOX,NONE,Object returned. Next step: Please close the box.,39.4,OPEN,-0.612,-0.35,1.1,-0.612,-1.203,1.978,145.0,0.0,-137.7,1,-0.668,-1.246,2.068,0.0,172.0,640.0,253.0,-0.64,-1.242,2.013,275.0,139.0,365.0,209.0,GRASPED,1,0.059,3,OBJECT_RETURNED,0.88,Deterministic kinematic fallback verification.
183,24.586,2026-09-10T08:59:17.759059Z,17.0,3,OBJECT_RETURNED,GRASP COMPONENT BOX,NONE,Object returned. Next step: Please close the box.,39.5,OPEN,-0.612,-0.35,1.1,-0.612,-1.203,1.978,145.0,0.0,-137.7,1,-0.668,-1.246,2.068,0.0,171.0,640.0,253.0,-0.64,-1.242,2.013,275.0,139.0,365.0,209.0,GRASPED,1,0.059,3,OBJECT_RETURNED,0.88,Deterministic kinematic fallback verification.
184,24.643,2026-09-10T08:59:17.816391Z,16.9,3,OBJECT_RETURNED,GRASP COMPONENT BOX,NONE,Object returned. Next step: Please close the box.,39.6,OPEN,-0.612,-0.35,1.1,-0.612,-1.203,1.978,145.0,0.0,-137.7,1,-0.668,-1.246,2.068,0.0,171.0,640.0,253.0,-0.64,-1.242,2.013,275.0,139.0,365.0,209.0,GRASPED,1,0.059,3,OBJECT_RETURNED,0.88,Deterministic kinematic fallback verification.
185,24.703,2026-09-10T08:59:17.875564Z,17.8,3,OBJECT_RETURNED,GRASP COMPONENT BOX,NONE,Object returned. Next step: Please close the box.,39.5,OPEN,-0.612,-0.35,1.1,-0.612,-1.203,1.978,145.0,0.0,-137.7,1,-0.668,-1.246,2.069,0.0,172.0,640.0,254.0,-0.64,-1.242,2.013,275.0,139.0,365.0,209.0,GRASPED,1,0.059,3,OBJECT_RETURNED,0.88,Deterministic kinematic fallback verification.
186,24.767,2026-09-10T08:59:17.940212Z,16.2,3,OBJECT_RETURNED,GRASP COMPONENT BOX,NONE,Object returned. Next step: Please close the box.,39.6,OPEN,-0.612,-0.35,1.1,-0.612,-1.203,1.978,145.0,0.0,-137.7,1,-0.668,-1.247,2.068,0.0,170.0,640.0,253.0,-0.64,-1.242,2.013,275.0,139.0,365.0,209.0,GRASPED,1,0.059,3,OBJECT_RETURNED,0.88,Deterministic kinematic fallback verification.
187,24.828,2026-09-10T08:59:18.001212Z,15.6,3,OBJECT_RETURNED,GRASP COMPONENT BOX,NONE,Object returned. Next step: Please close the box.,39.8,OPEN,-0.612,-0.35,1.1,-0.612,-1.203,1.978,145.0,0.0,-137.7,1,-0.668,-1.246,2.069,0.0,172.0,640.0,254.0,-0.64,-1.242,2.013,275.0,139.0,365.0,209.0,GRASPED,1,0.059,3,OBJECT_RETURNED,0.88,Deterministic kinematic fallback verification.
188,24.887,2026-09-10T08:59:18.059776Z,17.0,3,OBJECT_RETURNED,GRASP COMPONENT BOX,NONE,Object returned. Next step: Please close the box.,40.1,OPEN,-0.612,-0.35,1.1,-0.612,-1.203,1.978,145.0,0.0,-137.7,1,-0.668,-1.246,2.068,0.0,170.0,640.0,255.0,-0.64,-1.242,2.013,275.0,139.0,365.0,209.0,GRASPED,1,0.059,3,OBJECT_RETURNED,0.88,Deterministic kinematic fallback verification.
189,24.947,2026-09-10T08:59:18.120426Z,16.4,3,OBJECT_RETURNED,GRASP COMPONENT BOX,NONE,Object returned. Next step: Please close the box.,39.6,OPEN,-0.612,-0.35,1.1,-0.612,-1.203,1.978,145.0,0.0,-137.7,1,-0.668,-1.246,2.068,0.0,172.0,640.0,253.0,-0.64,-1.242,2.013,275.0,139.0,365.0,209.0,GRASPED,1,0.059,3,OBJECT_RETURNED,0.88,Deterministic kinematic fallback verification.
190,25.005,2026-09-10T08:59:18.177758Z,16.9,3,OBJECT_RETURNED,GRASP COMPONENT BOX,NONE,Object returned. Next step: Please close the box.,39.5,OPEN,-0.612,-0.35,1.1,-0.612,-1.203,1.978,145.0,0.0,-137.7,1,-0.668,-1.246,2.068,0.0,172.0,640.0,253.0,-0.64,-1.242,2.013,275.0,139.0,365.0,209.0,GRASPED,1,0.059,3,OBJECT_RETURNED,0.88,Deterministic kinematic fallback verification.
191,25.063,2026-09-10T08:59:18.235811Z,17.7,3,OBJECT_RETURNED,GRASP COMPONENT BOX,NONE,Object returned. Next step: Please close the box.,40.3,OPEN,-0.612,-0.35,1.1,-0.612,-1.203,1.978,145.0,0.0,-137.7,1,-0.668,-1.245,2.069,0.0,173.0,640.0,255.0,-0.64,-1.242,2.013,275.0,139.0,365.0,209.0,GRASPED,1,0.059,3,OBJECT_RETURNED,0.88,Deterministic kinematic fallback verification.
192,25.137,2026-09-10T08:59:18.309555Z,16.0,3,OBJECT_RETURNED,GRASP COMPONENT BOX,NONE,Object returned. Next step: Please close the box.,40.9,OPEN,-0.612,-0.35,1.1,-0.612,-1.203,1.978,145.0,0.0,-137.7,1,-0.668,-1.245,2.069,0.0,173.0,640.0,255.0,-0.64,-1.242,2.013,275.0,139.0,365.0,209.0,GRASPED,1,0.059,3,OBJECT_RETURNED,0.88,Deterministic kinematic fallback verification.
193,25.21,2026-09-10T08:59:18.382969Z,13.8,3,OBJECT_RETURNED,GRASP COMPONENT BOX,NONE,Object returned. Next step: Please close the box.,40.8,OPEN,-0.612,-0.35,1.1,-0.612,-1.203,1.978,145.0,0.0,-137.7,1,-0.668,-1.246,2.068,0.0,173.0,640.0,252.0,-0.64,-1.242,2.013,275.0,139.0,365.0,209.0,GRASPED,1,0.059,3,OBJECT_RETURNED,0.88,Deterministic kinematic fallback verification.
194,25.273,2026-09-10T08:59:18.446441Z,13.9,3,OBJECT_RETURNED,GRASP COMPONENT BOX,NONE,Object returned. Next step: Please close the box.,40.4,OPEN,-0.612,-0.35,1.1,-0.612,-1.203,1.978,145.0,0.0,-137.7,1,-0.668,-1.247,2.068,0.0,169.0,640.0,254.0,-0.64,-1.242,2.013,275.0,139.0,365.0,209.0,GRASPED,1,0.059,3,OBJECT_RETURNED,0.88,Deterministic kinematic fallback verification.
195,25.335,2026-09-10T08:59:18.507867Z,15.5,3,OBJECT_RETURNED,GRASP COMPONENT BOX,NONE,Object returned. Next step: Please close the box.,40.6,OPEN,-0.612,-0.35,1.1,-0.612,-1.204,1.977,145.0,0.0,-137.7,1,-0.668,-1.247,2.068,0.0,168.0,640.0,255.0,-0.64,-1.242,2.013,275.0,139.0,365.0,209.0,GRASPED,1,0.059,3,OBJECT_RETURNED,0.88,Deterministic kinematic fallback verification.
196,25.431,2026-09-10T08:59:18.604476Z,10.3,3,OBJECT_RETURNED,GRASP COMPONENT BOX,NONE,Object returned. Next step: Please close the box.,40.7,OPEN,-0.612,-0.35,1.1,-0.612,-1.203,1.977,145.0,0.0,-137.7,1,-0.668,-1.246,2.068,0.0,173.0,640.0,252.0,-0.64,-1.242,2.013,275.0,139.0,365.0,209.0,GRASPED,1,0.059,3,OBJECT_RETURNED,0.88,Deterministic kinematic fallback verification.
197,25.491,2026-09-10T08:59:18.664164Z,16.7,3,OBJECT_RETURNED,GRASP COMPONENT BOX,NONE,Object returned. Next step: Please close the box.,40.8,OPEN,-0.612,-0.35,1.1,-0.612,-1.203,1.978,145.0,0.0,-137.7,1,-0.669,-1.246,2.068,0.0,172.0,638.0,253.0,-0.64,-1.242,2.013,275.0,139.0,365.0,209.0,GRASPED,1,0.059,3,OBJECT_RETURNED,0.88,Deterministic kinematic fallback verification.
198,25.55,2026-09-10T08:59:18.723403Z,17.2,3,OBJECT_RETURNED,GRASP COMPONENT BOX,NONE,Object returned. Next step: Please close the box.,41.0,OPEN,-0.612,-0.35,1.1,-0.612,-1.203,1.978,145.0,0.0,-137.7,1,-0.668,-1.246,2.069,0.0,172.0,640.0,254.0,-0.64,-1.242,2.013,275.0,139.0,365.0,209.0,GRASPED,1,0.059,3,OBJECT_RETURNED,0.88,Deterministic kinematic fallback verification.
199,25.608,2026-09-10T08:59:18.780551Z,16.9,3,OBJECT_RETURNED,GRASP COMPONENT BOX,NONE,Object returned. Next step: Please close the box.,41.0,OPEN,-0.612,-0.35,1.1,-0.612,-1.204,1.977,145.0,0.0,-137.7,1,-0.668,-1.246,2.069,0.0,173.0,640.0,253.0,-0.64,-1.242,2.013,275.0,139.0,365.0,209.0,GRASPED,1,0.059,3,OBJECT_RETURNED,0.88,Deterministic kinematic fallback verification.
200,25.662,2026-09-10T08:59:18.835233Z,18.3,3,OBJECT_RETURNED,GRASP COMPONENT BOX,NONE,Object returned. Next step: Please close the box.,40.7,OPEN,-0.612,-0.35,1.1,-0.612,-1.204,1.977,145.0,0.0,-137.7,1,-0.668,-1.247,2.068,0.0,169.0,640.0,253.0,-0.64,-1.242,2.013,275.0,139.0,365.0,209.0,GRASPED,1,0.059,3,OBJECT_RETURNED,0.88,Deterministic kinematic fallback verification.
201,25.726,2026-09-10T08:59:18.899013Z,18.2,3,OBJECT_RETURNED,GRASP COMPONENT BOX,NONE,Object returned. Next step: Please close the box.,40.3,OPEN,-0.612,-0.35,1.1,-0.612,-1.203,1.978,145.0,0.0,-137.7,1,-0.668,-1.246,2.068,0.0,172.0,640.0,253.0,-0.64,-1.242,2.013,275.0,139.0,365.0,209.0,GRASPED,1,0.059,3,OBJECT_RETURNED,0.88,Deterministic kinematic fallback verification.
202,25.785,2026-09-10T08:59:18.958383Z,15.2,3,OBJECT_RETURNED,GRASP COMPONENT BOX,NONE,Object returned. Next step: Please close the box.,40.1,OPEN,-0.612,-0.35,1.1,-0.612,-1.203,1.978,145.0,0.0,-137.7,1,-0.668,-1.246,2.068,0.0,172.0,640.0,253.0,-0.64,-1.242,2.013,275.0,139.0,365.0,209.0,GRASPED,1,0.059,3,OBJECT_RETURNED,0.88,Deterministic kinematic fallback verification.
203,25.843,2026-09-10T08:59:19.015668Z,16.6,3,OBJECT_RETURNED,GRASP COMPONENT BOX,NONE,Object returned. Next step: Please close the box.,40.1,OPEN,-0.612,-0.35,1.1,-0.612,-1.203,1.978,145.0,0.0,-137.7,1,-0.668,-1.245,2.069,0.0,173.0,640.0,254.0,-0.64,-1.242,2.013,275.0,139.0,365.0,209.0,GRASPED,1,0.059,3,OBJECT_RETURNED,0.88,Deterministic kinematic fallback verification.
204,25.899,2026-09-10T08:59:19.072441Z,17.5,3,OBJECT_RETURNED,GRASP COMPONENT BOX,NONE,Object returned. Next step: Please close the box.,40.1,OPEN,-0.612,-0.35,1.1,-0.612,-1.203,1.978,145.0,0.0,-137.7,1,-0.668,-1.245,2.069,0.0,173.0,640.0,254.0,-0.64,-1.242,2.013,275.0,139.0,365.0,209.0,GRASPED,1,0.059,3,OBJECT_RETURNED,0.88,Deterministic kinematic fallback verification.
205,25.958,2026-09-10T08:59:19.130779Z,17.7,3,OBJECT_RETURNED,GRASP COMPONENT BOX,NONE,Object returned. Next step: Please close the box.,40.3,OPEN,-0.612,-0.35,1.1,-0.612,-1.203,1.978,145.0,0.0,-137.7,1,-0.668,-1.246,2.069,0.0,172.0,640.0,254.0,-0.64,-1.242,2.013,275.0,139.0,365.0,209.0,GRASPED,1,0.06,3,OBJECT_RETURNED,0.88,Deterministic kinematic fallback verification.
206,26.017,2026-09-10T08:59:19.190083Z,17.3,3,OBJECT_RETURNED,GRASP COMPONENT BOX,NONE,Object returned. Next step: Please close the box.,40.4,OPEN,-0.612,-0.35,1.1,-0.612,-1.203,1.978,145.0,0.0,-137.7,1,-0.668,-1.246,2.069,0.0,171.0,640.0,255.0,-0.64,-1.242,2.013,275.0,139.0,365.0,209.0,GRASPED,1,0.059,3,OBJECT_RETURNED,0.88,Deterministic kinematic fallback verification.
207,26.074,2026-09-10T08:59:19.247491Z,16.7,3,OBJECT_RETURNED,GRASP COMPONENT BOX,NONE,Object returned. Next step: Please close the box.,40.5,OPEN,-0.612,-0.35,1.1,-0.612,-1.203,1.977,145.0,0.0,-137.7,1,-0.668,-1.246,2.069,0.0,171.0,640.0,255.0,-0.64,-1.242,2.013,275.0,139.0,365.0,209.0,GRASPED,1,0.059,3,OBJECT_RETURNED,0.88,Deterministic kinematic fallback verification.
208,26.127,2026-09-10T08:59:19.299873Z,19.0,3,OBJECT_RETURNED,GRASP COMPONENT BOX,NONE,Object returned. Next step: Please close the box.,40.1,OPEN,-0.612,-0.35,1.1,-0.612,-1.203,1.977,145.0,0.0,-137.7,1,-0.668,-1.247,2.068,0.0,170.0,640.0,253.0,-0.64,-1.242,2.013,275.0,139.0,365.0,209.0,GRASPED,1,0.059,3,OBJECT_RETURNED,0.88,Deterministic kinematic fallback verification.
209,26.184,2026-09-10T08:59:19.356966Z,17.8,3,OBJECT_RETURNED,GRASP COMPONENT BOX,NONE,Object returned. Next step: Please close the box.,40.2,OPEN,-0.612,-0.35,1.1,-0.612,-1.203,1.978,145.0,0.0,-137.7,1,-0.668,-1.246,2.068,0.0,172.0,640.0,253.0,-0.64,-1.242,2.013,275.0,139.0,365.0,209.0,GRASPED,1,0.059,3,OBJECT_RETURNED,0.88,Deterministic kinematic fallback verification.
210,26.242,2026-09-10T08:59:19.414572Z,17.1,3,OBJECT_RETURNED,GRASP COMPONENT BOX,NONE,Object returned. Next step: Please close the box.,40.4,OPEN,-0.612,-0.351,1.1,-0.612,-1.203,1.977,145.0,0.0,-137.7,1,-0.668,-1.247,2.068,0.0,170.0,640.0,253.0,-0.64,-1.243,2.012,275.0,138.0,365.0,208.0,GRASPED,1,0.06,3,OBJECT_RETURNED,0.88,Deterministic kinematic fallback verification.
211,26.339,2026-09-10T08:59:19.512127Z,10.6,3,OBJECT_RETURNED,GRASP COMPONENT BOX,NONE,Object returned. Next step: Please close the box.,40.4,OPEN,-0.612,-0.351,1.1,-0.612,-1.204,1.977,145.0,0.0,-137.7,1,-0.668,-1.246,2.068,0.0,172.0,640.0,253.0,-0.64,-1.243,2.012,275.0,138.0,365.0,208.0,GRASPED,1,0.059,3,OBJECT_RETURNED,0.88,Deterministic kinematic fallback verification.
212,26.396,2026-09-10T08:59:19.568775Z,16.4,3,OBJECT_RETURNED,GRASP COMPONENT BOX,NONE,Object returned. Next step: Please close the box.,40.1,OPEN,-0.612,-0.35,1.1,-0.612,-1.204,1.977,145.0,0.0,-137.7,1,-0.668,-1.245,2.069,0.0,173.0,640.0,254.0,-0.64,-1.242,2.013,275.0,139.0,365.0,209.0,GRASPED,1,0.059,3,OBJECT_RETURNED,0.88,Deterministic kinematic fallback verification.
213,26.453,2026-09-10T08:59:19.626049Z,18.2,3,OBJECT_RETURNED,GRASP COMPONENT BOX,NONE,Object returned. Next step: Please close the box.,40.0,OPEN,-0.612,-0.35,1.1,-0.612,-1.203,1.978,145.0,0.0,-137.7,1,-0.668,-1.245,2.069,0.0,171.0,640.0,256.0,-0.64,-1.242,2.013,275.0,139.0,365.0,209.0,GRASPED,1,0.059,3,OBJECT_RETURNED,0.88,Deterministic kinematic fallback verification.
214,26.511,2026-09-10T08:59:19.684397Z,16.7,3,OBJECT_RETURNED,GRASP COMPONENT BOX,NONE,Object returned. Next step: Please close the box.,40.1,OPEN,-0.612,-0.35,1.1,-0.612,-1.203,1.978,145.0,0.0,-137.7,1,-0.668,-1.245,2.069,0.0,172.0,640.0,255.0,-0.64,-1.242,2.013,275.0,139.0,365.0,209.0,GRASPED,1,0.059,3,OBJECT_RETURNED,0.88,Deterministic kinematic fallback verification.
215,26.571,2026-09-10T08:59:19.743861Z,17.4,3,OBJECT_RETURNED,GRASP COMPONENT BOX,NONE,Object returned. Next step: Please close the box.,40.1,OPEN,-0.612,-0.35,1.1,-0.612,-1.203,1.978,145.0,0.0,-137.7,1,-0.668,-1.246,2.068,0.0,171.0,640.0,253.0,-0.64,-1.242,2.013,275.0,139.0,365.0,209.0,GRASPED,1,0.059,3,OBJECT_RETURNED,0.88,Deterministic kinematic fallback verification.
216,26.63,2026-09-10T08:59:19.803004Z,16.7,3,OBJECT_RETURNED,GRASP COMPONENT BOX,NONE,Object returned. Next step: Please close the box.,40.1,OPEN,-0.612,-0.35,1.1,-0.612,-1.203,1.978,145.0,0.0,-137.7,1,-0.668,-1.246,2.068,0.0,171.0,640.0,253.0,-0.64,-1.242,2.013,275.0,139.0,365.0,209.0,GRASPED,1,0.059,3,OBJECT_RETURNED,0.88,Deterministic kinematic fallback verification.
217,26.724,2026-09-10T08:59:19.897265Z,17.2,3,OBJECT_RETURNED,GRASP COMPONENT BOX,NONE,Object returned. Next step: Please close the box.,40.1,OPEN,-0.612,-0.35,1.1,-0.612,-1.203,1.978,145.0,0.0,-137.7,1,-0.668,-1.246,2.069,0.0,172.0,640.0,254.0,-0.64,-1.242,2.013,275.0,139.0,365.0,209.0,GRASPED,1,0.059,3,OBJECT_RETURNED,0.88,Deterministic kinematic fallback verification.
218,26.839,2026-09-10T08:59:20.012061Z,9.6,3,OBJECT_RETURNED,GRASP COMPONENT BOX,NONE,Object returned. Next step: Please close the box.,40.1,OPEN,-0.612,-0.35,1.1,-0.612,-1.203,1.978,145.0,0.0,-137.7,1,-0.668,-1.246,2.068,0.0,172.0,640.0,252.0,-0.64,-1.242,2.013,275.0,139.0,365.0,209.0,GRASPED,1,0.059,3,OBJECT_RETURNED,0.88,Deterministic kinematic fallback verification.
219,26.926,2026-09-10T08:59:20.098681Z,8.8,3,OBJECT_RETURNED,GRASP COMPONENT BOX,NONE,Object returned. Next step: Please close the box.,40.2,OPEN,-0.612,-0.351,1.1,-0.612,-1.203,1.977,145.0,0.0,-137.7,1,-0.668,-1.244,2.069,0.0,173.0,640.0,256.0,-0.64,-1.243,2.012,275.0,138.0,365.0,208.0,GRASPED,1,0.06,3,OBJECT_RETURNED,0.88,Deterministic kinematic fallback verification.
220,27.007,2026-09-10T08:59:20.180204Z,11.7,3,OBJECT_RETURNED,GRASP COMPONENT BOX,NONE,Object returned. Next step: Please close the box.,40.4,OPEN,-0.612,-0.35,1.1,-0.612,-1.203,1.978,145.0,0.0,-137.7,1,-0.668,-1.245,2.069,0.0,172.0,640.0,256.0,-0.64,-1.242,2.013,275.0,139.0,365.0,209.0,GRASPED,1,0.059,3,OBJECT_RETURNED,0.88,Deterministic kinematic fallback verification.
221,27.099,2026-09-10T08:59:20.271942Z,12.3,3,OBJECT_RETURNED,GRASP COMPONENT BOX,NONE,Object returned. Next step: Please close the box.,40.2,OPEN,-0.612,-0.351,1.1,-0.612,-1.203,1.978,145.0,0.0,-137.7,1,-0.668,-1.244,2.069,0.0,173.0,640.0,256.0,-0.64,-1.243,2.012,275.0,138.0,365.0,208.0,GRASPED,1,0.06,3,OBJECT_RETURNED,0.88,Deterministic kinematic fallback verification.
222,27.195,2026-09-10T08:59:20.367975Z,10.5,3,OBJECT_RETURNED,GRASP COMPONENT BOX,NONE,Object returned. Next step: Please close the box.,40.2,OPEN,-0.612,-0.35,1.1,-0.612,-1.203,1.978,145.0,0.0,-137.7,1,-0.668,-1.245,2.069,0.0,172.0,640.0,255.0,-0.64,-1.242,2.013,275.0,139.0,365.0,209.0,GRASPED,1,0.059,3,OBJECT_RETURNED,0.88,Deterministic kinematic fallback verification.
223,27.285,2026-09-10T08:59:20.458246Z,10.9,3,OBJECT_RETURNED,GRASP COMPONENT BOX,NONE,Object returned. Next step: Please close the box.,40.0,OPEN,-0.612,-0.35,1.1,-0.612,-1.203,1.978,145.0,0.0,-137.7,1,-0.668,-1.246,2.068,0.0,172.0,640.0,253.0,-0.64,-1.242,2.013,275.0,139.0,365.0,209.0,GRASPED,1,0.059,3,OBJECT_RETURNED,0.88,Deterministic kinematic fallback verification.
224,27.39,2026-09-10T08:59:20.562986Z,10.6,3,OBJECT_RETURNED,GRASP COMPONENT BOX,NONE,Object returned. Next step: Please close the box.,39.9,OPEN,-0.612,-0.35,1.1,-0.612,-1.203,1.978,145.0,0.0,-137.7,1,-0.668,-1.247,2.068,0.0,169.0,640.0,253.0,-0.64,-1.242,2.013,275.0,139.0,365.0,209.0,GRASPED,1,0.059,3,OBJECT_RETURNED,0.88,Deterministic kinematic fallback verification.
225,27.485,2026-09-10T08:59:20.658485Z,9.8,3,OBJECT_RETURNED,GRASP COMPONENT BOX,NONE,Object returned. Next step: Please close the box.,39.8,OPEN,-0.612,-0.35,1.1,-0.612,-1.203,1.978,145.0,0.0,-137.7,1,-0.668,-1.246,2.068,0.0,172.0,640.0,253.0,-0.64,-1.242,2.013,275.0,139.0,365.0,209.0,GRASPED,1,0.059,3,OBJECT_RETURNED,0.88,Deterministic kinematic fallback verification.
226,27.635,2026-09-10T08:59:20.808431Z,7.2,3,OBJECT_RETURNED,GRASP COMPONENT BOX,NONE,Object returned. Next step: Please close the box.,40.1,OPEN,-0.612,-0.35,1.1,-0.612,-1.203,1.978,145.0,0.0,-137.7,1,-0.668,-1.246,2.069,0.0,173.0,640.0,253.0,-0.64,-1.242,2.013,275.0,139.0,365.0,209.0,GRASPED,1,0.059,3,OBJECT_RETURNED,0.88,Deterministic kinematic fallback verification.
227,27.737,2026-09-10T08:59:20.909676Z,9.3,3,OBJECT_RETURNED,GRASP COMPONENT BOX,NONE,Object returned. Next step: Please close the box.,39.9,OPEN,-0.612,-0.35,1.1,-0.612,-1.203,1.978,145.0,0.0,-137.7,1,-0.668,-1.246,2.068,0.0,169.0,640.0,256.0,-0.64,-1.242,2.013,275.0,139.0,365.0,209.0,GRASPED,1,0.059,3,OBJECT_RETURNED,0.88,Deterministic kinematic fallback verification.
228,27.853,2026-09-10T08:59:21.026150Z,9.3,3,OBJECT_RETURNED,GRASP COMPONENT BOX,NONE,Object returned. Next step: Please close the box.,40.4,OPEN,-0.612,-0.35,1.1,-0.612,-1.203,1.978,145.0,0.0,-137.7,1,-0.668,-1.246,2.069,0.0,173.0,640.0,253.0,-0.64,-1.242,2.013,275.0,139.0,365.0,209.0,GRASPED,1,0.059,3,OBJECT_RETURNED,0.88,Deterministic kinematic fallback verification.
229,27.974,2026-09-10T08:59:21.147383Z,8.8,3,OBJECT_RETURNED,EXTRACT COMPONENT BOX,NONE,Object returned. Next step: Please close the box.,41.3,OPEN,-0.612,-0.35,1.1,-0.612,-1.203,1.978,145.0,0.0,-137.7,1,-0.668,-1.13,2.135,140.8,230.4,499.2,451.2,-0.64,-1.242,2.013,275.0,139.0,365.0,209.0,EXTRACTED,0,0.059,3,OBJECT_RETURNED,0.88,Deterministic kinematic fallback verification.
230,28.093,2026-09-10T08:59:21.266344Z,8.3,3,OBJECT_RETURNED,GRASP COMPONENT BOX,NONE,Object returned. Next step: Please close the box.,41.1,OPEN,-0.612,-0.35,1.1,-0.612,-1.203,1.978,145.0,0.0,-137.7,1,-0.668,-1.246,2.069,0.0,172.0,640.0,254.0,-0.64,-1.242,2.013,275.0,139.0,365.0,209.0,GRASPED,1,0.059,3,OBJECT_RETURNED,0.88,Deterministic kinematic fallback verification.
231,28.209,2026-09-10T08:59:21.381823Z,8.0,3,OBJECT_RETURNED,GRASP COMPONENT BOX,NONE,Object returned. Next step: Please close the box.,41.0,OPEN,-0.612,-0.35,1.1,-0.612,-1.203,1.978,145.0,0.0,-137.7,1,-0.668,-1.245,2.069,0.0,173.0,640.0,254.0,-0.64,-1.242,2.013,275.0,139.0,365.0,209.0,GRASPED,1,0.059,3,OBJECT_RETURNED,0.88,Deterministic kinematic fallback verification.
232,28.332,2026-09-10T08:59:21.505195Z,9.1,3,OBJECT_RETURNED,GRASP COMPONENT BOX,NONE,Object returned. Next step: Please close the box.,41.1,OPEN,-0.612,-0.35,1.1,-0.612,-1.203,1.978,145.0,0.0,-137.7,1,-0.668,-1.245,2.069,0.0,173.0,640.0,255.0,-0.64,-1.242,2.013,275.0,139.0,365.0,209.0,GRASPED,1,0.059,3,OBJECT_RETURNED,0.88,Deterministic kinematic fallback verification.
233,28.444,2026-09-10T08:59:21.617481Z,8.0,3,OBJECT_RETURNED,GRASP COMPONENT BOX,NONE,Object returned. Next step: Please close the box.,41.1,OPEN,-0.612,-0.35,1.1,-0.612,-1.203,1.978,145.0,0.0,-137.7,1,-0.668,-1.245,2.069,0.0,172.0,640.0,256.0,-0.64,-1.242,2.013,275.0,139.0,365.0,209.0,GRASPED,1,0.059,3,OBJECT_RETURNED,0.88,Deterministic kinematic fallback verification.
234,28.548,2026-09-10T08:59:21.721249Z,9.1,3,OBJECT_RETURNED,GRASP COMPONENT BOX,NONE,Object returned. Next step: Please close the box.,40.9,OPEN,-0.612,-0.35,1.1,-0.612,-1.203,1.978,145.0,0.0,-137.7,1,-0.668,-1.246,2.068,0.0,172.0,640.0,253.0,-0.64,-1.242,2.013,275.0,139.0,365.0,209.0,GRASPED,1,0.059,3,OBJECT_RETURNED,0.88,Deterministic kinematic fallback verification.
235,28.653,2026-09-10T08:59:21.825773Z,9.4,3,OBJECT_RETURNED,GRASP COMPONENT BOX,NONE,Object returned. Next step: Please close the box.,40.7,OPEN,-0.612,-0.35,1.1,-0.612,-1.203,1.978,145.0,0.0,-137.7,1,-0.668,-1.246,2.069,0.0,172.0,640.0,254.0,-0.64,-1.242,2.013,275.0,139.0,365.0,209.0,GRASPED,1,0.059,3,OBJECT_RETURNED,0.88,Deterministic kinematic fallback verification.
236,28.772,2026-09-10T08:59:21.944599Z,9.6,3,OBJECT_RETURNED,GRASP COMPONENT BOX,NONE,Object returned. Next step: Please close the box.,40.8,OPEN,-0.612,-0.35,1.1,-0.612,-1.203,1.978,145.0,0.0,-137.7,1,-0.668,-1.245,2.069,0.0,172.0,640.0,256.0,-0.64,-1.242,2.013,275.0,139.0,365.0,209.0,GRASPED,1,0.059,3,OBJECT_RETURNED,0.88,Deterministic kinematic fallback verification.
237,28.88,2026-09-10T08:59:22.052765Z,8.2,3,OBJECT_RETURNED,GRASP COMPONENT BOX,NONE,Object returned. Next step: Please close the box.,40.8,OPEN,-0.612,-0.35,1.1,-0.612,-1.203,1.978,145.0,0.0,-137.7,1,-0.668,-1.246,2.068,0.0,172.0,640.0,253.0,-0.64,-1.242,2.013,275.0,139.0,365.0,209.0,GRASPED,1,0.059,3,OBJECT_RETURNED,0.88,Deterministic kinematic fallback verification.
238,28.985,2026-09-10T08:59:22.158203Z,9.6,3,OBJECT_RETURNED,GRASP COMPONENT BOX,NONE,Object returned. Next step: Please close the box.,40.5,OPEN,-0.612,-0.35,1.1,-0.612,-1.203,1.978,145.0,0.0,-137.7,1,-0.668,-1.246,2.069,0.0,172.0,640.0,254.0,-0.64,-1.242,2.013,275.0,139.0,365.0,209.0,GRASPED,1,0.059,3,OBJECT_RETURNED,0.88,Deterministic kinematic fallback verification.
239,29.089,2026-09-10T08:59:22.262342Z,9.7,3,OBJECT_RETURNED,GRASP COMPONENT BOX,NONE,Object returned. Next step: Please close the box.,40.6,OPEN,-0.612,-0.35,1.1,-0.612,-1.203,1.978,145.0,0.0,-137.7,1,-0.668,-1.246,2.069,0.0,172.0,640.0,254.0,-0.64,-1.242,2.013,275.0,139.0,365.0,209.0,GRASPED,1,0.059,3,OBJECT_RETURNED,0.88,Deterministic kinematic fallback verification.
240,29.208,2026-09-10T08:59:22.380915Z,9.6,3,OBJECT_RETURNED,GRASP COMPONENT BOX,NONE,Object returned. Next step: Please close the box.,40.2,OPEN,-0.612,-0.35,1.1,-0.612,-1.203,1.978,145.0,0.0,-137.7,1,-0.668,-1.247,2.068,0.0,169.0,640.0,254.0,-0.64,-1.242,2.013,275.0,139.0,365.0,209.0,GRASPED,1,0.059,3,OBJECT_RETURNED,0.88,Deterministic kinematic fallback verification.
241,29.394,2026-09-10T08:59:22.566995Z,5.0,3,OBJECT_RETURNED,GRASP COMPONENT BOX,NONE,Object returned. Next step: Please close the box.,40.0,OPEN,-0.612,-0.35,1.1,-0.612,-1.203,1.978,145.0,0.0,-137.7,1,-0.668,-1.245,2.069,0.0,173.0,640.0,254.0,-0.64,-1.242,2.013,275.0,139.0,365.0,209.0,GRASPED,1,0.059,3,OBJECT_RETURNED,0.88,Deterministic kinematic fallback verification.
242,29.492,2026-09-10T08:59:22.665316Z,9.7,3,OBJECT_RETURNED,GRASP COMPONENT BOX,NONE,Object returned. Next step: Please close the box.,40.0,OPEN,-0.612,-0.35,1.1,-0.612,-1.203,1.978,145.0,0.0,-137.7,1,-0.668,-1.246,2.068,0.0,169.0,640.0,255.0,-0.64,-1.242,2.013,275.0,139.0,365.0,209.0,GRASPED,1,0.059,3,OBJECT_RETURNED,0.88,Deterministic kinematic fallback verification.
243,29.603,2026-09-10T08:59:22.776108Z,9.9,3,OBJECT_RETURNED,GRASP COMPONENT BOX,NONE,Object returned. Next step: Please close the box.,40.0,OPEN,-0.612,-0.35,1.1,-0.612,-1.203,1.978,145.0,0.0,-137.7,1,-0.668,-1.244,2.069,0.0,172.0,640.0,257.0,-0.64,-1.242,2.013,275.0,139.0,365.0,209.0,GRASPED,1,0.059,3,OBJECT_RETURNED,0.88,Deterministic kinematic fallback verification.
244,29.707,2026-09-10T08:59:22.879612Z,8.8,3,OBJECT_RETURNED,GRASP COMPONENT BOX,NONE,Object returned. Next step: Please close the box.,40.4,OPEN,-0.612,-0.35,1.1,-0.612,-1.203,1.978,145.0,0.0,-137.7,1,-0.668,-1.245,2.069,0.0,173.0,640.0,255.0,-0.64,-1.242,2.013,275.0,139.0,365.0,209.0,GRASPED,1,0.059,3,OBJECT_RETURNED,0.88,Deterministic kinematic fallback verification.
245,29.816,2026-09-10T08:59:22.989297Z,9.8,3,OBJECT_RETURNED,GRASP COMPONENT BOX,NONE,Object returned. Next step: Please close the box.,40.7,OPEN,-0.612,-0.351,1.1,-0.612,-1.203,1.978,145.0,0.0,-137.7,1,-0.668,-1.248,2.067,0.0,168.0,640.0,253.0,-0.64,-1.243,2.012,275.0,138.0,365.0,208.0,GRASPED,1,0.06,3,OBJECT_RETURNED,0.88,Deterministic kinematic fallback verification.
246,29.922,2026-09-10T08:59:23.094857Z,8.9,3,OBJECT_RETURNED,GRASP COMPONENT BOX,NONE,Object returned. Next step: Please close the box.,40.4,OPEN,-0.612,-0.35,1.1,-0.612,-1.203,1.978,145.0,0.0,-137.7,1,-0.668,-1.246,2.068,0.0,172.0,640.0,253.0,-0.64,-1.242,2.013,275.0,139.0,365.0,209.0,GRASPED,1,0.059,3,OBJECT_RETURNED,0.88,Deterministic kinematic fallback verification.
247,30.024,2026-09-10T08:59:23.197493Z,9.8,3,OBJECT_RETURNED,GRASP COMPONENT BOX,NONE,Object returned. Next step: Please close the box.,40.4,OPEN,-0.612,-0.35,1.1,-0.612,-1.203,1.978,145.0,0.0,-137.7,1,-0.668,-1.247,2.068,0.0,169.0,640.0,254.0,-0.64,-1.242,2.013,275.0,139.0,365.0,209.0,GRASPED,1,0.059,3,OBJECT_RETURNED,0.88,Deterministic kinematic fallback verification.
248,30.13,2026-09-10T08:59:23.303308Z,9.7,3,OBJECT_RETURNED,GRASP COMPONENT BOX,NONE,Object returned. Next step: Please close the box.,40.7,OPEN,-0.612,-0.35,1.1,-0.612,-1.203,1.978,145.0,0.0,-137.7,1,-0.668,-1.247,2.068,0.0,169.0,640.0,254.0,-0.64,-1.242,2.013,275.0,139.0,365.0,209.0,GRASPED,1,0.059,3,OBJECT_RETURNED,0.88,Deterministic kinematic fallback verification.
249,30.247,2026-09-10T08:59:23.420395Z,9.0,3,OBJECT_RETURNED,GRASP COMPONENT BOX,NONE,Object returned. Next step: Please close the box.,40.6,OPEN,-0.612,-0.35,1.1,-0.612,-1.203,1.978,145.0,0.0,-137.7,1,-0.668,-1.246,2.069,0.0,173.0,640.0,253.0,-0.64,-1.242,2.013,275.0,139.0,365.0,209.0,GRASPED,1,0.059,3,OBJECT_RETURNED,0.88,Deterministic kinematic fallback verification.
250,30.388,2026-09-10T08:59:23.561432Z,8.6,3,OBJECT_RETURNED,GRASP COMPONENT BOX,NONE,Object returned. Next step: Please close the box.,40.2,OPEN,-0.612,-0.35,1.1,-0.612,-1.203,1.978,145.0,0.0,-137.7,1,-0.668,-1.246,2.069,0.0,173.0,640.0,253.0,-0.64,-1.242,2.013,275.0,139.0,365.0,209.0,GRASPED,1,0.059,3,OBJECT_RETURNED,0.88,Deterministic kinematic fallback verification.
251,30.512,2026-09-10T08:59:23.684557Z,6.8,3,OBJECT_RETURNED,GRASP COMPONENT BOX,NONE,Object returned. Next step: Please close the box.,40.2,OPEN,-0.612,-0.35,1.1,-0.612,-1.203,1.978,145.0,0.0,-137.7,1,-0.668,-1.245,2.069,0.0,173.0,640.0,254.0,-0.64,-1.242,2.013,275.0,139.0,365.0,209.0,GRASPED,1,0.059,3,OBJECT_RETURNED,0.88,Deterministic kinematic fallback verification.
252,30.655,2026-09-10T08:59:23.828355Z,8.3,3,OBJECT_RETURNED,GRASP COMPONENT BOX,NONE,Object returned. Next step: Please close the box.,39.9,OPEN,-0.612,-0.35,1.1,-0.612,-1.203,1.978,145.0,0.0,-137.7,1,-0.668,-1.245,2.069,0.0,173.0,640.0,254.0,-0.64,-1.242,2.013,275.0,139.0,365.0,209.0,GRASPED,1,0.059,3,OBJECT_RETURNED,0.88,Deterministic kinematic fallback verification.
253,30.773,2026-09-10T08:59:23.946267Z,7.2,3,OBJECT_RETURNED,GRASP COMPONENT BOX,NONE,Object returned. Next step: Please close the box.,40.1,OPEN,-0.612,-0.35,1.1,-0.612,-1.203,1.978,145.0,0.0,-137.7,1,-0.668,-1.246,2.069,0.0,173.0,640.0,253.0,-0.64,-1.242,2.013,275.0,139.0,365.0,209.0,GRASPED,1,0.059,3,OBJECT_RETURNED,0.88,Deterministic kinematic fallback verification.
254,30.891,2026-09-10T08:59:24.064223Z,8.3,3,OBJECT_RETURNED,GRASP COMPONENT BOX,NONE,Object returned. Next step: Please close the box.,40.1,OPEN,-0.612,-0.35,1.1,-0.612,-1.203,1.978,145.0,0.0,-137.7,1,-0.668,-1.247,2.068,0.0,168.0,640.0,255.0,-0.64,-1.242,2.013,275.0,139.0,365.0,209.0,GRASPED,1,0.059,3,OBJECT_RETURNED,0.88,Deterministic kinematic fallback verification.
255,31.035,2026-09-10T08:59:24.208322Z,8.7,3,OBJECT_RETURNED,EXTRACT COMPONENT BOX,NONE,Object returned. Next step: Please close the box.,40.4,OPEN,-0.612,-0.35,1.1,-0.612,-1.203,1.978,145.0,0.0,-137.7,1,-0.668,-1.13,2.135,140.8,230.4,499.2,451.2,-0.64,-1.242,2.013,275.0,139.0,365.0,209.0,EXTRACTED,0,0.059,3,OBJECT_RETURNED,0.88,Deterministic kinematic fallback verification.
256,31.283,2026-09-10T08:59:24.456149Z,4.6,3,OBJECT_RETURNED,GRASP COMPONENT BOX,NONE,Object returned. Next step: Please close the box.,40.1,OPEN,-0.612,-0.35,1.1,-0.612,-1.203,1.978,145.0,0.0,-137.7,1,-0.668,-1.246,2.068,0.0,172.0,640.0,253.0,-0.64,-1.242,2.013,275.0,139.0,365.0,209.0,GRASPED,1,0.059,3,OBJECT_RETURNED,0.88,Deterministic kinematic fallback verification.
1,31.512,2026-09-10T08:59:24.685394Z,363.0,0,IDLE,EXTRACT COMPONENT BOX,NONE,System initialized. Please open the box.,9.2,CLOSED,-0.612,-0.35,1.1,-0.612,-1.203,1.978,145.0,0.0,-137.7,1,-0.668,-1.13,2.135,140.8,230.4,499.2,451.2,-0.64,-1.242,2.013,275.0,139.0,365.0,209.0,EXTRACTED,0,0.059,3,OBJECT_RETURNED,0.88,Deterministic kinematic fallback verification.
2,31.669,2026-09-10T08:59:24.842061Z,5.1,0,IDLE,CONTACT COMPONENT BOX,NONE,System initialized. Please open the box.,15.5,CLOSED,-0.612,-0.35,1.1,-0.612,-1.203,1.978,145.0,0.0,-137.7,1,-0.668,-1.246,2.068,0.0,173.0,640.0,252.0,-0.64,-1.242,2.013,275.0,139.0,365.0,209.0,GRASPED,1,0.059,3,OBJECT_RETURNED,0.88,Deterministic kinematic fallback verification.
3,31.831,2026-09-10T08:59:25.003724Z,6.3,0,IDLE,CONTACT COMPONENT BOX,NONE,System initialized. Please open the box.,20.5,OPEN,-0.612,-0.35,1.1,-0.612,-1.203,1.978,145.0,0.0,-137.7,1,-0.668,-1.245,2.069,0.0,173.0,640.0,254.0,-0.64,-1.242,2.013,275.0,139.0,365.0,209.0,GRASPED,1,0.059,3,OBJECT_RETURNED,0.88,Deterministic kinematic fallback verification.
4,31.968,2026-09-10T08:59:25.141059Z,6.3,0,IDLE,GRASP COMPONENT BOX,NONE,System initialized. Please open the box.,24.4,OPEN,-0.612,-0.35,1.1,-0.612,-1.203,1.978,145.0,0.0,-137.7,1,-0.668,-1.245,2.069,0.0,172.0,640.0,255.0,-0.64,-1.242,2.013,275.0,139.0,365.0,209.0,GRASPED,1,0.059,3,OBJECT_RETURNED,0.88,Deterministic kinematic fallback verification.
5,32.052,2026-09-10T08:59:25.225312Z,7.8,0,IDLE,GRASP COMPONENT BOX,NONE,System initialized. Please open the box.,27.3,OPEN,-0.612,-0.35,1.1,-0.612,-1.203,1.978,145.0,0.0,-137.7,1,-0.668,-1.245,2.069,0.0,172.0,640.0,255.0,-0.64,-1.242,2.013,275.0,139.0,365.0,209.0,GRASPED,1,0.059,3,OBJECT_RETURNED,0.88,Deterministic kinematic fallback verification.
6,32.158,2026-09-10T08:59:25.331318Z,12.1,1,BOX_OPENED,GRASP COMPONENT BOX,NONE,Box opened. Next step: Please take out the object.,29.7,OPEN,-0.612,-0.35,1.1,-0.612,-1.203,1.978,145.0,0.0,-137.7,1,-0.668,-1.246,2.068,0.0,170.0,640.0,254.0,-0.64,-1.242,2.013,275.0,139.0,365.0,209.0,GRASPED,1,0.059,3,OBJECT_RETURNED,0.88,Deterministic kinematic fallback verification.
7,32.241,2026-09-10T08:59:25.413757Z,9.2,1,BOX_OPENED,GRASP COMPONENT BOX,NONE,Box opened. Next step: Please take out the object.,31.7,OPEN,-0.612,-0.35,1.1,-0.612,-1.203,1.978,145.0,0.0,-137.7,1,-0.668,-1.246,2.068,0.0,172.0,640.0,253.0,-0.64,-1.242,2.013,275.0,139.0,365.0,209.0,GRASPED,1,0.059,3,OBJECT_RETURNED,0.88,Deterministic kinematic fallback verification.
8,32.308,2026-09-10T08:59:25.481500Z,13.3,1,BOX_OPENED,GRASP COMPONENT BOX,NONE,Box opened. Next step: Please take out the object.,33.5,OPEN,-0.612,-0.35,1.1,-0.612,-1.203,1.978,145.0,0.0,-137.7,1,-0.668,-1.246,2.068,0.0,172.0,640.0,253.0,-0.64,-1.242,2.013,275.0,139.0,365.0,209.0,GRASPED,1,0.059,3,OBJECT_RETURNED,0.88,Deterministic kinematic fallback verification.
9,32.377,2026-09-10T08:59:25.549596Z,15.1,1,BOX_OPENED,GRASP COMPONENT BOX,NONE,Box opened. Next step: Please take out the object.,35.0,OPEN,-0.612,-0.35,1.1,-0.612,-1.203,1.978,145.0,0.0,-137.7,1,-0.668,-1.246,2.068,0.0,172.0,640.0,253.0,-0.64,-1.242,2.013,275.0,139.0,365.0,209.0,GRASPED,1,0.059,3,OBJECT_RETURNED,0.88,Deterministic kinematic fallback verification.
10,32.448,2026-09-10T08:59:25.620690Z,14.8,1,BOX_OPENED,EXTRACT COMPONENT BOX,NONE,Box opened. Next step: Please take out the object.,36.8,OPEN,-0.612,-0.35,1.1,-0.612,-1.203,1.978,145.0,0.0,-137.7,1,-0.668,-1.13,2.135,140.8,230.4,499.2,451.2,-0.64,-1.242,2.013,275.0,139.0,365.0,209.0,EXTRACTED,0,0.059,3,OBJECT_RETURNED,0.88,Deterministic kinematic fallback verification.
11,32.519,2026-09-10T08:59:25.692398Z,14.8,1,BOX_OPENED,GRASP COMPONENT BOX,NONE,Box opened. Next step: Please take out the object.,37.3,OPEN,-0.612,-0.35,1.1,-0.612,-1.203,1.978,145.0,0.0,-137.7,1,-0.668,-1.246,2.068,0.0,169.0,640.0,255.0,-0.64,-1.242,2.013,275.0,139.0,365.0,209.0,GRASPED,1,0.059,3,OBJECT_RETURNED,0.88,Deterministic kinematic fallback verification.
12,32.587,2026-09-10T08:59:25.759547Z,13.6,1,BOX_OPENED,EXTRACT COMPONENT BOX,NONE,Box opened. Next step: Please take out the object.,38.7,OPEN,-0.612,-0.35,1.1,-0.612,-1.203,1.978,145.0,0.0,-137.7,1,-0.668,-1.13,2.135,140.8,230.4,499.2,451.2,-0.64,-1.242,2.013,275.0,139.0,365.0,209.0,EXTRACTED,0,0.059,3,OBJECT_RETURNED,0.88,Deterministic kinematic fallback verification.
13,32.652,2026-09-10T08:59:25.825164Z,15.5,1,BOX_OPENED,GRASP COMPONENT BOX,NONE,Box opened. Next step: Please take out the object.,38.8,OPEN,-0.612,-0.35,1.1,-0.612,-1.203,1.978,145.0,0.0,-137.7,1,-0.668,-1.244,2.069,0.0,172.0,640.0,257.0,-0.64,-1.242,2.013,275.0,139.0,365.0,209.0,GRASPED,1,0.059,3,OBJECT_RETURNED,0.88,Deterministic kinematic fallback verification.
14,32.711,2026-09-10T08:59:25.883653Z,14.5,1,BOX_OPENED,GRASP COMPONENT BOX,NONE,Box opened. Next step: Please take out the object.,39.5,OPEN,-0.612,-0.35,1.1,-0.612,-1.203,1.978,145.0,0.0,-137.7,1,-0.668,-1.245,2.069,0.0,173.0,640.0,254.0,-0.64,-1.242,2.013,275.0,139.0,365.0,209.0,GRASPED,1,0.059,3,OBJECT_RETURNED,0.88,Deterministic kinematic fallback verification.
15,32.815,2026-09-10T08:59:25.987655Z,11.3,1,BOX_OPENED,EXTRACT COMPONENT BOX,NONE,Box opened. Next step: Please take out the object.,40.6,OPEN,-0.612,-0.35,1.1,-0.612,-1.203,1.978,145.0,0.0,-137.7,1,-0.668,-1.13,2.135,140.8,230.4,499.2,451.2,-0.64,-1.242,2.013,275.0,139.0,365.0,209.0,EXTRACTED,0,0.059,3,OBJECT_RETURNED,0.88,Deterministic kinematic fallback verification.
16,32.885,2026-09-10T08:59:26.057526Z,14.3,1,BOX_OPENED,GRASP COMPONENT BOX,NONE,Box opened. Next step: Please take out the object.,40.4,OPEN,-0.612,-0.35,1.1,-0.612,-1.203,1.978,145.0,0.0,-137.7,1,-0.668,-1.247,2.068,0.0,169.0,640.0,253.0,-0.64,-1.242,2.013,275.0,139.0,365.0,209.0,GRASPED,1,0.059,3,OBJECT_RETURNED,0.88,Deterministic kinematic fallback verification.
17,32.95,2026-09-10T08:59:26.123228Z,14.4,1,BOX_OPENED,EXTRACT COMPONENT BOX,NONE,Box opened. Next step: Please take out the object.,41.0,OPEN,-0.612,-0.35,1.1,-0.612,-1.203,1.978,145.0,0.0,-137.7,1,-0.668,-1.13,2.135,140.8,230.4,499.2,451.2,-0.64,-1.242,2.013,275.0,139.0,365.0,209.0,EXTRACTED,0,0.059,3,OBJECT_RETURNED,0.88,Deterministic kinematic fallback verification.
18,33.016,2026-09-10T08:59:26.188551Z,15.3,1,BOX_OPENED,GRASP COMPONENT BOX,NONE,Box opened. Next step: Please take out the object.,40.9,OPEN,-0.612,-0.351,1.1,-0.612,-1.203,1.977,145.0,0.0,-137.7,1,-0.668,-1.245,2.069,0.0,173.0,640.0,255.0,-0.64,-1.243,2.012,275.0,138.0,365.0,208.0,GRASPED,1,0.06,3,OBJECT_RETURNED,0.88,Deterministic kinematic fallback verification.
19,33.073,2026-09-10T08:59:26.246357Z,14.6,1,BOX_OPENED,GRASP COMPONENT BOX,NONE,Box opened. Next step: Please take out the object.,40.7,OPEN,-0.612,-0.35,1.1,-0.612,-1.203,1.978,145.0,0.0,-137.7,1,-0.668,-1.248,2.067,0.0,169.0,640.0,252.0,-0.64,-1.242,2.013,275.0,139.0,365.0,209.0,GRASPED,1,0.059,3,OBJECT_RETURNED,0.88,Deterministic kinematic fallback verification.
20,33.139,2026-09-10T08:59:26.312463Z,17.9,1,BOX_OPENED,EXTRACT COMPONENT BOX,NONE,Box opened. Next step: Please take out the object.,41.8,OPEN,-0.612,-0.35,1.1,-0.612,-1.203,1.978,145.0,0.0,-137.7,1,-0.668,-1.13,2.135,140.8,230.4,499.2,451.2,-0.64,-1.242,2.013,275.0,139.0,365.0,209.0,EXTRACTED,0,0.06,3,OBJECT_RETURNED,0.88,Deterministic kinematic fallback verification.
1,33.224,2026-09-10T08:59:26.396902Z,707.9,0,IDLE,CONTACT COMPONENT BOX,NONE,System initialized. Please open the box.,8.1,CLOSED,-0.612,-0.35,1.1,-0.612,-1.203,1.978,145.0,0.0,-137.7,1,-0.668,-1.245,2.069,0.0,172.0,640.0,255.0,-0.64,-1.242,2.013,275.0,139.0,365.0,209.0,GRASPED,1,0.059,3,OBJECT_RETURNED,0.88,Deterministic kinematic fallback verification.
2,33.293,2026-09-10T08:59:26.465603Z,13.8,0,IDLE,EXTRACT COMPONENT BOX,NONE,System initialized. Please open the box.,15.5,CLOSED,-0.612,-0.35,1.1,-0.612,-1.203,1.978,145.0,0.0,-137.7,1,-0.668,-1.13,2.135,140.8,230.4,499.2,451.2,-0.64,-1.242,2.013,275.0,139.0,365.0,209.0,EXTRACTED,0,0.059,3,OBJECT_RETURNED,0.88,Deterministic kinematic fallback verification.
3,33.361,2026-09-10T08:59:26.533858Z,14.4,0,IDLE,CONTACT COMPONENT BOX,NONE,System initialized. Please open the box.,20.5,OPEN,-0.612,-0.35,1.1,-0.612,-1.203,1.978,145.0,0.0,-137.7,1,-0.668,-1.246,2.069,0.0,173.0,640.0,253.0,-0.64,-1.242,2.013,275.0,139.0,365.0,209.0,GRASPED,1,0.059,3,OBJECT_RETURNED,0.88,Deterministic kinematic fallback verification.
1,33.459,2026-09-10T08:59:26.631854Z,582.1,0,IDLE,CONTACT COMPONENT BOX,NONE,System initialized. Please open the box.,8.3,CLOSED,-0.612,-0.35,1.1,-0.612,-1.203,1.978,145.0,0.0,-137.7,1,-0.668,-1.246,2.068,0.0,172.0,640.0,253.0,-0.64,-1.242,2.013,275.0,139.0,365.0,209.0,GRASPED,1,0.059,3,OBJECT_RETURNED,0.88,Deterministic kinematic fallback verification.
2,33.546,2026-09-10T08:59:26.719442Z,10.5,0,IDLE,EXTRACT COMPONENT BOX,NONE,System initialized. Please open the box.,15.9,CLOSED,-0.612,-0.35,1.1,-0.612,-1.203,1.978,145.0,0.0,-137.7,1,-0.668,-1.13,2.135,140.8,230.4,499.2,451.2,-0.64,-1.242,2.013,275.0,139.0,365.0,209.0,EXTRACTED,0,0.059,3,OBJECT_RETURNED,0.88,Deterministic kinematic fallback verification.
1,33.625,2026-09-10T08:59:26.798080Z,457.2,0,IDLE,EXTRACT COMPONENT BOX,NONE,System initialized. Please open the box.,9.0,CLOSED,-0.612,-0.35,1.1,-0.612,-1.203,1.978,145.0,0.0,-137.7,1,-0.668,-1.13,2.135,140.8,230.4,499.2,451.2,-0.64,-1.242,2.013,275.0,139.0,365.0,209.0,EXTRACTED,0,0.059,3,OBJECT_RETURNED,0.88,Deterministic kinematic fallback verification.
2,33.684,2026-09-10T08:59:26.856537Z,14.6,0,IDLE,EXTRACT COMPONENT BOX,NONE,System initialized. Please open the box.,16.2,CLOSED,-0.612,-0.35,1.1,-0.612,-1.203,1.978,145.0,0.0,-137.7,1,-0.668,-1.13,2.135,140.8,230.4,499.2,451.2,-0.64,-1.242,2.013,275.0,139.0,365.0,209.0,EXTRACTED,0,0.059,3,OBJECT_RETURNED,0.88,Deterministic kinematic fallback verification.
3,33.741,2026-09-10T08:59:26.914388Z,17.4,0,IDLE,EXTRACT COMPONENT BOX,NONE,System initialized. Please open the box.,22.2,OPEN,-0.612,-0.35,1.1,-0.612,-1.203,1.977,145.0,0.0,-137.7,1,-0.668,-1.13,2.135,140.8,230.4,499.2,451.2,-0.64,-1.242,2.013,275.0,139.0,365.0,209.0,EXTRACTED,0,0.059,3,OBJECT_RETURNED,0.88,Deterministic kinematic fallback verification.
4,33.8,2026-09-10T08:59:26.972983Z,17.6,0,IDLE,EXTRACT COMPONENT BOX,NONE,System initialized. Please open the box.,26.1,OPEN,-0.612,-0.35,1.1,-0.612,-1.203,1.978,145.0,0.0,-137.7,1,-0.668,-1.13,2.135,140.8,230.4,499.2,451.2,-0.64,-1.242,2.013,275.0,139.0,365.0,209.0,EXTRACTED,0,0.059,3,OBJECT_RETURNED,0.88,Deterministic kinematic fallback verification.
1,33.909,2026-09-10T08:59:27.081827Z,431.0,0,IDLE,CONTACT COMPONENT BOX,NONE,System initialized. Please open the box.,7.8,CLOSED,-0.612,-0.35,1.1,-0.612,-1.203,1.978,145.0,0.0,-137.7,1,-0.668,-1.244,2.07,0.0,173.0,640.0,257.0,-0.64,-1.242,2.013,275.0,139.0,365.0,209.0,GRASPED,1,0.059,3,OBJECT_RETURNED,0.88,Deterministic kinematic fallback verification.
2,33.971,2026-09-10T08:59:27.144102Z,14.5,0,IDLE,CONTACT COMPONENT BOX,NONE,System initialized. Please open the box.,14.2,CLOSED,-0.612,-0.35,1.1,-0.612,-1.203,1.978,145.0,0.0,-137.7,1,-0.668,-1.245,2.069,0.0,173.0,640.0,254.0,-0.64,-1.242,2.013,275.0,139.0,365.0,209.0,GRASPED,1,0.059,3,OBJECT_RETURNED,0.88,Deterministic kinematic fallback verification.
3,34.032,2026-09-10T08:59:27.205439Z,16.0,0,IDLE,CONTACT COMPONENT BOX,NONE,System initialized. Please open the box.,19.3,CLOSED,-0.612,-0.35,1.1,-0.612,-1.203,1.978,145.0,0.0,-137.7,1,-0.668,-1.245,2.069,0.0,173.0,640.0,254.0,-0.64,-1.242,2.013,275.0,139.0,365.0,209.0,GRASPED,1,0.059,3,OBJECT_RETURNED,0.88,Deterministic kinematic fallback verification.
4,34.098,2026-09-10T08:59:27.270884Z,16.7,0,IDLE,GRASP COMPONENT BOX,NONE,System initialized. Please open the box.,23.4,OPEN,-0.612,-0.35,1.1,-0.612,-1.203,1.978,145.0,0.0,-137.7,1,-0.668,-1.246,2.068,0.0,172.0,640.0,253.0,-0.64,-1.242,2.013,275.0,139.0,365.0,209.0,GRASPED,1,0.059,3,OBJECT_RETURNED,0.88,Deterministic kinematic fallback verification.
5,34.154,2026-09-10T08:59:27.326553Z,15.5,0,IDLE,GRASP COMPONENT BOX,NONE,System initialized. Please open the box.,26.7,OPEN,-0.612,-0.35,1.1,-0.612,-1.203,1.978,145.0,0.0,-137.7,1,-0.668,-1.245,2.069,0.0,173.0,640.0,254.0,-0.64,-1.242,2.013,275.0,139.0,365.0,209.0,GRASPED,1,0.059,3,OBJECT_RETURNED,0.88,Deterministic kinematic fallback verification.
6,34.228,2026-09-10T08:59:27.400748Z,17.7,1,BOX_OPENED,GRASP COMPONENT BOX,NONE,Box opened. Next step: Please take out the object.,29.3,OPEN,-0.612,-0.35,1.1,-0.612,-1.203,1.978,145.0,0.0,-137.7,1,-0.668,-1.247,2.068,0.0,170.0,640.0,252.0,-0.64,-1.242,2.013,275.0,139.0,365.0,209.0,GRASPED,1,0.059,3,OBJECT_RETURNED,0.88,Deterministic kinematic fallback verification.
7,34.298,2026-09-10T08:59:27.471296Z,13.7,1,BOX_OPENED,EXTRACT COMPONENT BOX,NONE,Box opened. Next step: Please take out the object.,32.2,OPEN,-0.612,-0.351,1.1,-0.612,-1.203,1.977,145.0,0.0,-137.7,1,-0.668,-1.13,2.135,140.8,230.4,499.2,451.2,-0.64,-1.243,2.012,275.0,138.0,365.0,208.0,EXTRACTED,0,0.06,3,OBJECT_RETURNED,0.88,Deterministic kinematic fallback verification.
8,34.367,2026-09-10T08:59:27.539592Z,13.9,1,BOX_OPENED,GRASP COMPONENT BOX,NONE,Box opened. Next step: Please take out the object.,33.5,OPEN,-0.612,-0.35,1.1,-0.612,-1.203,1.978,145.0,0.0,-137.7,1,-0.668,-1.245,2.069,0.0,173.0,640.0,254.0,-0.64,-1.242,2.013,275.0,139.0,365.0,209.0,GRASPED,1,0.059,3,OBJECT_RETURNED,0.88,Deterministic kinematic fallback verification.
9,34.425,2026-09-10T08:59:27.598412Z,14.2,1,BOX_OPENED,GRASP COMPONENT BOX,NONE,Box opened. Next step: Please take out the object.,34.6,OPEN,-0.612,-0.35,1.1,-0.612,-1.203,1.978,145.0,0.0,-137.7,1,-0.668,-1.245,2.069,0.0,173.0,640.0,254.0,-0.64,-1.242,2.013,275.0,139.0,365.0,209.0,GRASPED,1,0.06,3,OBJECT_RETURNED,0.88,Deterministic kinematic fallback verification.
10,34.479,2026-09-10T08:59:27.652376Z,18.7,1,BOX_OPENED,GRASP COMPONENT BOX,NONE,Box opened. Next step: Please take out the object.,36.1,OPEN,-0.612,-0.35,1.1,-0.612,-1.203,1.978,145.0,0.0,-137.7,1,-0.668,-1.244,2.07,0.0,173.0,640.0,257.0,-0.64,-1.242,2.013,275.0,139.0,365.0,209.0,GRASPED,1,0.059,3,OBJECT_RETURNED,0.88,Deterministic kinematic fallback verification.
11,34.539,2026-09-10T08:59:27.712211Z,17.7,1,BOX_OPENED,GRASP COMPONENT BOX,NONE,Box opened. Next step: Please take out the object.,37.0,OPEN,-0.612,-0.35,1.1,-0.612,-1.203,1.978,145.0,0.0,-137.7,1,-0.668,-1.246,2.069,0.0,172.0,640.0,254.0,-0.64,-1.242,2.013,275.0,139.0,365.0,209.0,GRASPED,1,0.059,3,OBJECT_RETURNED,0.88,Deterministic kinematic fallback verification.
12,34.598,2026-09-10T08:59:27.771394Z,16.4,1,BOX_OPENED,GRASP COMPONENT BOX,NONE,Box opened. Next step: Please take out the object.,37.7,OPEN,-0.612,-0.35,1.1,-0.612,-1.203,1.978,145.0,0.0,-137.7,1,-0.668,-1.246,2.069,0.0,172.0,640.0,254.0,-0.64,-1.242,2.013,275.0,139.0,365.0,209.0,GRASPED,1,0.059,3,OBJECT_RETURNED,0.88,Deterministic kinematic fallback verification.
13,34.654,2026-09-10T08:59:27.826701Z,17.6,1,BOX_OPENED,GRASP COMPONENT BOX,NONE,Box opened. Next step: Please take out the object.,38.2,OPEN,-0.612,-0.35,1.1,-0.612,-1.203,1.978,145.0,0.0,-137.7,1,-0.668,-1.244,2.069,0.0,173.0,640.0,256.0,-0.64,-1.242,2.013,275.0,139.0,365.0,209.0,GRASPED,1,0.059,3,OBJECT_RETURNED,0.88,Deterministic kinematic fallback verification.
1,34.748,2026-09-10T08:59:27.920739Z,766.4,0,IDLE,CONTACT COMPONENT BOX,NONE,System initialized. Please open the box.,8.0,CLOSED,-0.612,-0.35,1.1,-0.612,-1.203,1.978,145.0,0.0,-137.7,1,-0.668,-1.245,2.069,0.0,173.0,640.0,255.0,-0.64,-1.242,2.013,275.0,139.0,365.0,209.0,GRASPED,1,0.059,3,OBJECT_RETURNED,0.88,Deterministic kinematic fallback verification.
2,34.858,2026-09-10T08:59:28.031335Z,10.9,0,IDLE,EXTRACT COMPONENT BOX,NONE,System initialized. Please open the box.,15.2,CLOSED,-0.612,-0.35,1.1,-0.612,-1.203,1.978,145.0,0.0,-137.7,1,-0.668,-1.13,2.135,140.8,230.4,499.2,451.2,-0.64,-1.242,2.013,275.0,139.0,365.0,209.0,EXTRACTED,0,0.059,3,OBJECT_RETURNED,0.88,Deterministic kinematic fallback verification.
3,34.999,2026-09-10T08:59:28.172163Z,6.8,0,IDLE,CONTACT COMPONENT BOX,NONE,System initialized. Please open the box.,20.5,OPEN,-0.612,-0.35,1.1,-0.612,-1.203,1.978,145.0,0.0,-137.7,1,-0.668,-1.246,2.069,0.0,173.0,640.0,253.0,-0.64,-1.242,2.013,275.0,139.0,365.0,209.0,GRASPED,1,0.059,3,OBJECT_RETURNED,0.88,Deterministic kinematic fallback verification.
4,35.096,2026-09-10T08:59:28.269083Z,10.0,0,IDLE,GRASP COMPONENT BOX,NONE,System initialized. Please open the box.,24.4,OPEN,-0.612,-0.351,1.1,-0.612,-1.203,1.977,145.0,0.0,-137.7,1,-0.668,-1.246,2.068,0.0,171.0,640.0,253.0,-0.64,-1.243,2.012,275.0,138.0,365.0,208.0,GRASPED,1,0.06,3,OBJECT_RETURNED,0.88,Deterministic kinematic fallback verification.
5,35.176,2026-09-10T08:59:28.349245Z,10.3,0,IDLE,GRASP COMPONENT BOX,NONE,System initialized. Please open the box.,27.6,OPEN,-0.612,-0.35,1.1,-0.612,-1.203,1.978,145.0,0.0,-137.7,1,-0.668,-1.246,2.068,0.0,170.0,640.0,255.0,-0.64,-1.242,2.013,275.0,139.0,365.0,209.0,GRASPED,1,0.059,3,OBJECT_RETURNED,0.88,Deterministic kinematic fallback verification.
6,35.289,2026-09-10T08:59:28.462416Z,12.4,1,BOX_OPENED,GRASP COMPONENT BOX,NONE,Box opened. Next step: Please take out the object.,30.1,OPEN,-0.612,-0.35,1.1,-0.612,-1.203,1.978,145.0,0.0,-137.7,1,-0.668,-1.245,2.069,0.0,173.0,640.0,254.0,-0.64,-1.242,2.013,275.0,139.0,365.0,209.0,GRASPED,1,0.059,3,OBJECT_RETURNED,0.88,Deterministic kinematic fallback verification.
7,35.409,2026-09-10T08:59:28.582249Z,8.7,1,BOX_OPENED,EXTRACT COMPONENT BOX,NONE,Box opened. Next step: Please take out the object.,33.1,OPEN,-0.612,-0.35,1.1,-0.612,-1.203,1.978,145.0,0.0,-137.7,1,-0.668,-1.13,2.135,140.8,230.4,499.2,451.2,-0.64,-1.242,2.013,275.0,139.0,365.0,209.0,EXTRACTED,0,0.059,3,OBJECT_RETURNED,0.88,Deterministic kinematic fallback verification.
8,35.498,2026-09-10T08:59:28.671054Z,8.4,1,BOX_OPENED,EXTRACT COMPONENT BOX,NONE,Box opened. Next step: Please take out the object.,35.0,OPEN,-0.612,-0.35,1.1,-0.612,-1.203,1.978,145.0,0.0,-137.7,1,-0.668,-1.13,2.135,140.8,230.4,499.2,451.2,-0.64,-1.242,2.013,275.0,139.0,365.0,209.0,EXTRACTED,0,0.059,3,OBJECT_RETURNED,0.88,Deterministic kinematic fallback verification.
9,35.601,2026-09-10T08:59:28.774256Z,11.6,1,BOX_OPENED,GRASP COMPONENT BOX,NONE,Box opened. Next step: Please take out the object.,35.9,OPEN,-0.612,-0.35,1.1,-0.612,-1.203,1.978,145.0,0.0,-137.7,1,-0.668,-1.246,2.069,0.0,172.0,640.0,254.0,-0.64,-1.242,2.013,275.0,139.0,365.0,209.0,GRASPED,1,0.059,3,OBJECT_RETURNED,0.88,Deterministic kinematic fallback verification.
10,35.694,2026-09-10T08:59:28.867088Z,9.7,1,BOX_OPENED,EXTRACT COMPONENT BOX,NONE,Box opened. Next step: Please take out the object.,38.3,OPEN,-0.612,-0.35,1.1,-0.612,-1.203,1.978,145.0,0.0,-137.7,1,-0.668,-1.13,2.135,140.8,230.4,499.2,451.2,-0.64,-1.242,2.013,275.0,139.0,365.0,209.0,EXTRACTED,0,0.059,3,OBJECT_RETURNED,0.88,Deterministic kinematic fallback verification.
11,35.844,2026-09-10T08:59:29.016739Z,9.6,1,BOX_OPENED,GRASP COMPONENT BOX,NONE,Box opened. Next step: Please take out the object.,38.9,OPEN,-0.612,-0.35,1.1,-0.612,-1.203,1.978,145.0,0.0,-137.7,1,-0.668,-1.245,2.069,0.0,173.0,640.0,254.0,-0.64,-1.242,2.013,275.0,139.0,365.0,209.0,GRASPED,1,0.059,3,OBJECT_RETURNED,0.88,Deterministic kinematic fallback verification.
12,36.017,2026-09-10T08:59:29.189709Z,6.7,1,BOX_OPENED,EXTRACT COMPONENT BOX,NONE,Box opened. Next step: Please take out the object.,40.2,OPEN,-0.612,-0.35,1.1,-0.612,-1.203,1.978,145.0,0.0,-137.7,1,-0.668,-1.13,2.135,140.8,230.4,499.2,451.2,-0.64,-1.242,2.013,275.0,139.0,365.0,209.0,EXTRACTED,0,0.059,3,OBJECT_RETURNED,0.88,Deterministic kinematic fallback verification.
13,36.151,2026-09-10T08:59:29.323994Z,5.7,1,BOX_OPENED,EXTRACT COMPONENT BOX,NONE,Box opened. Next step: Please take out the object.,41.5,OPEN,-0.612,-0.35,1.1,-0.612,-1.203,1.978,145.0,0.0,-137.7,1,-0.668,-1.13,2.135,140.8,230.4,499.2,451.2,-0.64,-1.242,2.013,275.0,139.0,365.0,209.0,EXTRACTED,0,0.059,3,OBJECT_RETURNED,0.88,Deterministic kinematic fallback verification.
14,36.304,2026-09-10T08:59:29.476957Z,7.7,1,BOX_OPENED,EXTRACT COMPONENT BOX,NONE,Box opened. Next step: Please take out the object.,42.0,OPEN,-0.612,-0.35,1.1,-0.612,-1.203,1.978,145.0,0.0,-137.7,1,-0.668,-1.13,2.135,140.8,230.4,499.2,451.2,-0.64,-1.242,2.013,275.0,139.0,365.0,209.0,EXTRACTED,0,0.059,3,OBJECT_RETURNED,0.88,Deterministic kinematic fallback verification.
15,36.443,2026-09-10T08:59:29.615742Z,6.2,1,BOX_OPENED,EXTRACT COMPONENT BOX,NONE,Box opened. Next step: Please take out the object.,42.7,OPEN,-0.612,-0.35,1.1,-0.612,-1.203,1.978,145.0,0.0,-137.7,1,-0.668,-1.13,2.135,140.8,230.4,499.2,451.2,-0.64,-1.242,2.013,275.0,139.0,365.0,209.0,EXTRACTED,0,0.059,3,OBJECT_RETURNED,0.88,Deterministic kinematic fallback verification.
1,36.636,2026-09-10T08:59:29.809153Z,449.1,0,IDLE,CONTACT COMPONENT BOX,NONE,System initialized. Please open the box.,8.2,CLOSED,-0.612,-0.35,1.1,-0.612,-1.203,1.978,145.0,0.0,-137.7,1,-0.668,-1.245,2.069,0.0,173.0,640.0,254.0,-0.64,-1.242,2.013,275.0,139.0,365.0,209.0,GRASPED,1,0.059,3,OBJECT_RETURNED,0.88,Deterministic kinematic fallback verification.
2,36.78,2026-09-10T08:59:29.952635Z,6.0,0,IDLE,EXTRACT COMPONENT BOX,NONE,System initialized. Please open the box.,16.0,CLOSED,-0.612,-0.35,1.1,-0.612,-1.203,1.978,145.0,0.0,-137.7,1,-0.668,-1.13,2.135,140.8,230.4,499.2,451.2,-0.64,-1.242,2.013,275.0,139.0,365.0,209.0,EXTRACTED,0,0.059,3,OBJECT_RETURNED,0.88,Deterministic kinematic fallback verification.
3,36.986,2026-09-10T08:59:30.159017Z,4.6,0,IDLE,CONTACT COMPONENT BOX,NONE,System initialized. Please open the box.,20.6,OPEN,-0.612,-0.35,1.1,-0.612,-1.203,1.978,145.0,0.0,-137.7,1,-0.668,-1.246,2.068,0.0,172.0,640.0,253.0,-0.64,-1.242,2.013,275.0,139.0,365.0,209.0,GRASPED,1,0.059,3,OBJECT_RETURNED,0.88,Deterministic kinematic fallback verification.
4,37.135,2026-09-10T08:59:30.307589Z,7.8,0,IDLE,GRASP COMPONENT BOX,NONE,System initialized. Please open the box.,24.2,OPEN,-0.612,-0.35,1.1,-0.612,-1.203,1.978,145.0,0.0,-137.7,1,-0.668,-1.245,2.069,0.0,172.0,640.0,255.0,-0.64,-1.242,2.013,275.0,139.0,365.0,209.0,GRASPED,1,0.059,3,OBJECT_RETURNED,0.88,Deterministic kinematic fallback verification.
5,37.29,2026-09-10T08:59:30.463513Z,6.6,0,IDLE,EXTRACT COMPONENT BOX,NONE,System initialized. Please open the box.,28.8,OPEN,-0.612,-0.351,1.1,-0.612,-1.203,1.977,145.0,0.0,-137.7,1,-0.668,-1.13,2.135,140.8,230.4,499.2,451.2,-0.64,-1.243,2.012,275.0,138.0,365.0,208.0,EXTRACTED,0,0.06,3,OBJECT_RETURNED,0.88,Deterministic kinematic fallback verification.
6,37.441,2026-09-10T08:59:30.613933Z,6.4,1,BOX_OPENED,GRASP COMPONENT BOX,NONE,Box opened. Next step: Please take out the object.,31.4,OPEN,-0.612,-0.35,1.1,-0.612,-1.203,1.978,145.0,0.0,-137.7,1,-0.668,-1.245,2.069,0.0,173.0,640.0,254.0,-0.64,-1.242,2.013,275.0,139.0,365.0,209.0,GRASPED,1,0.059,3,OBJECT_RETURNED,0.88,Deterministic kinematic fallback verification.
7,37.58,2026-09-10T08:59:30.752783Z,6.5,1,BOX_OPENED,EXTRACT COMPONENT BOX,NONE,Box opened. Next step: Please take out the object.,34.6,OPEN,-0.612,-0.35,1.1,-0.612,-1.203,1.978,145.0,0.0,-137.7,1,-0.668,-1.13,2.135,140.8,230.4,499.2,451.2,-0.64,-1.242,2.013,275.0,139.0,365.0,209.0,EXTRACTED,0,0.059,3,OBJECT_RETURNED,0.88,Deterministic kinematic fallback verification.
8,37.708,2026-09-10T08:59:30.881095Z,7.2,1,BOX_OPENED,GRASP COMPONENT BOX,NONE,Box opened. Next step: Please take out the object.,35.7,OPEN,-0.612,-0.35,1.1,-0.612,-1.203,1.978,145.0,0.0,-137.7,1,-0.668,-1.245,2.069,0.0,173.0,640.0,254.0,-0.64,-1.242,2.013,275.0,139.0,365.0,209.0,GRASPED,1,0.059,3,OBJECT_RETURNED,0.88,Deterministic kinematic fallback verification.
9,37.817,2026-09-10T08:59:30.990476Z,7.9,1,BOX_OPENED,GRASP COMPONENT BOX,NONE,Box opened. Next step: Please take out the object.,36.5,OPEN,-0.612,-0.35,1.1,-0.612,-1.203,1.978,145.0,0.0,-137.7,1,-0.668,-1.246,2.069,0.0,172.0,640.0,254.0,-0.64,-1.242,2.013,275.0,139.0,365.0,209.0,GRASPED,1,0.059,3,OBJECT_RETURNED,0.88,Deterministic kinematic fallback verification.
10,37.922,2026-09-10T08:59:31.094935Z,9.2,1,BOX_OPENED,GRASP COMPONENT BOX,NONE,Box opened. Next step: Please take out the object.,37.6,OPEN,-0.612,-0.35,1.1,-0.612,-1.203,1.978,145.0,0.0,-137.7,1,-0.668,-1.245,2.069,0.0,173.0,640.0,255.0,-0.64,-1.242,2.013,275.0,139.0,365.0,209.0,GRASPED,1,0.059,3,OBJECT_RETURNED,0.88,Deterministic kinematic fallback verification.
1,38.078,2026-09-10T08:59:31.251528Z,555.4,0,IDLE,CONTACT COMPONENT BOX,NONE,System initialized. Please open the box.,7.9,CLOSED,-0.612,-0.35,1.1,-0.612,-1.203,1.978,145.0,0.0,-137.7,1,-0.668,-1.246,2.068,0.0,172.0,640.0,253.0,-0.64,-1.242,2.013,275.0,139.0,365.0,209.0,GRASPED,1,0.059,3,OBJECT_RETURNED,0.88,Deterministic kinematic fallback verification.
2,38.202,2026-09-10T08:59:31.375124Z,7.3,0,IDLE,EXTRACT COMPONENT BOX,NONE,System initialized. Please open the box.,15.1,CLOSED,-0.612,-0.35,1.1,-0.612,-1.203,1.978,145.0,0.0,-137.7,1,-0.668,-1.13,2.135,140.8,230.4,499.2,451.2,-0.64,-1.242,2.013,275.0,139.0,365.0,209.0,EXTRACTED,0,0.059,3,OBJECT_RETURNED,0.88,Deterministic kinematic fallback verification.
3,38.328,2026-09-10T08:59:31.501436Z,8.0,0,IDLE,CONTACT COMPONENT BOX,NONE,System initialized. Please open the box.,20.0,OPEN,-0.612,-0.35,1.1,-0.612,-1.203,1.978,145.0,0.0,-137.7,1,-0.668,-1.245,2.069,0.0,173.0,640.0,254.0,-0.64,-1.242,2.013,275.0,139.0,365.0,209.0,GRASPED,1,0.059,3,OBJECT_RETURNED,0.88,Deterministic kinematic fallback verification.
4,38.459,2026-09-10T08:59:31.631619Z,8.1,0,IDLE,GRASP COMPONENT BOX,NONE,System initialized. Please open the box.,24.3,OPEN,-0.612,-0.35,1.1,-0.612,-1.203,1.978,145.0,0.0,-137.7,1,-0.668,-1.243,2.07,0.0,172.0,640.0,260.0,-0.64,-1.242,2.013,275.0,139.0,365.0,209.0,GRASPED,1,0.059,3,OBJECT_RETURNED,0.88,Deterministic kinematic fallback verification.
5,38.579,2026-09-10T08:59:31.751566Z,7.8,0,IDLE,EXTRACT COMPONENT BOX,NONE,System initialized. Please open the box.,27.9,OPEN,-0.612,-0.35,1.1,-0.612,-1.203,1.978,145.0,0.0,-137.7,1,-0.668,-1.13,2.135,140.8,230.4,499.2,451.2,-0.64,-1.242,2.013,275.0,139.0,365.0,209.0,EXTRACTED,0,0.059,3,OBJECT_RETURNED,0.88,Deterministic kinematic fallback verification.
6,38.725,2026-09-10T08:59:31.897813Z,8.0,1,BOX_OPENED,EXTRACT COMPONENT BOX,NONE,Box opened. Next step: Please take out the object.,31.0,OPEN,-0.612,-0.35,1.1,-0.612,-1.203,1.978,145.0,0.0,-137.7,1,-0.668,-1.13,2.135,140.8,230.4,499.2,451.2,-0.64,-1.242,2.013,275.0,139.0,365.0,209.0,EXTRACTED,0,0.059,3,OBJECT_RETURNED,0.88,Deterministic kinematic fallback verification.
7,38.88,2026-09-10T08:59:32.052993Z,7.1,1,BOX_OPENED,GRASP COMPONENT BOX,NONE,Box opened. Next step: Please take out the object.,32.8,OPEN,-0.612,-0.351,1.1,-0.612,-1.203,1.977,145.0,0.0,-137.7,1,-0.668,-1.244,2.069,0.0,174.0,640.0,255.0,-0.64,-1.243,2.012,275.0,138.0,365.0,208.0,GRASPED,1,0.06,3,OBJECT_RETURNED,0.88,Deterministic kinematic fallback verification.
8,39.046,2026-09-10T08:59:32.219377Z,4.6,1,BOX_OPENED,GRASP COMPONENT BOX,NONE,Box opened. Next step: Please take out the object.,34.7,OPEN,-0.612,-0.35,1.1,-0.612,-1.203,1.978,145.0,0.0,-137.7,1,-0.668,-1.245,2.069,0.0,173.0,640.0,255.0,-0.64,-1.242,2.013,275.0,139.0,365.0,209.0,GRASPED,1,0.059,3,OBJECT_RETURNED,0.88,Deterministic kinematic fallback verification.
9,39.171,2026-09-10T08:59:32.343700Z,9.8,1,BOX_OPENED,EXTRACT COMPONENT BOX,NONE,Box opened. Next step: Please take out the object.,37.2,OPEN,-0.612,-0.35,1.1,-0.612,-1.203,1.978,145.0,0.0,-137.7,1,-0.668,-1.13,2.135,140.8,230.4,499.2,451.2,-0.64,-1.242,2.013,275.0,139.0,365.0,209.0,EXTRACTED,0,0.059,3,OBJECT_RETURNED,0.88,Deterministic kinematic fallback verification.
10,39.322,2026-09-10T08:59:32.495122Z,7.9,1,BOX_OPENED,GRASP COMPONENT BOX,NONE,Box opened. Next step: Please take out the object.,37.4,OPEN,-0.612,-0.35,1.1,-0.612,-1.203,1.978,145.0,0.0,-137.7,1,-0.668,-1.246,2.069,0.0,172.0,640.0,254.0,-0.64,-1.242,2.013,275.0,139.0,365.0,209.0,GRASPED,1,0.059,3,OBJECT_RETURNED,0.88,Deterministic kinematic fallback verification.
1,39.472,2026-09-10T08:59:32.645470Z,588.3,0,IDLE,EXTRACT COMPONENT BOX,NONE,System initialized. Please open the box.,9.5,CLOSED,-0.612,-0.35,1.1,-0.612,-1.203,1.978,145.0,0.0,-137.7,1,-0.668,-1.13,2.135,140.8,230.4,499.2,451.2,-0.64,-1.242,2.013,275.0,139.0,365.0,209.0,EXTRACTED,0,0.059,3,OBJECT_RETURNED,0.88,Deterministic kinematic fallback verification.
2,39.612,2026-09-10T08:59:32.785195Z,8.0,0,IDLE,CONTACT COMPONENT BOX,NONE,System initialized. Please open the box.,15.9,CLOSED,-0.612,-0.35,1.1,-0.612,-1.203,1.978,145.0,0.0,-137.7,1,-0.668,-1.245,2.069,0.0,173.0,640.0,255.0,-0.64,-1.242,2.013,275.0,139.0,365.0,209.0,GRASPED,1,0.059,3,OBJECT_RETURNED,0.88,Deterministic kinematic fallback verification.
3,39.719,2026-09-10T08:59:32.891891Z,7.0,0,IDLE,CONTACT COMPONENT BOX,NONE,System initialized. Please open the box.,20.8,OPEN,-0.612,-0.35,1.1,-0.612,-1.203,1.978,145.0,0.0,-137.7,1,-0.668,-1.244,2.069,0.0,172.0,640.0,257.0,-0.64,-1.242,2.013,275.0,139.0,365.0,209.0,GRASPED,1,0.059,3,OBJECT_RETURNED,0.88,Deterministic kinematic fallback verification.
4,39.87,2026-09-10T08:59:33.043271Z,9.5,0,IDLE,EXTRACT COMPONENT BOX,NONE,System initialized. Please open the box.,25.8,OPEN,-0.612,-0.35,1.1,-0.612,-1.203,1.978,145.0,0.0,-137.7,1,-0.668,-1.13,2.135,140.8,230.4,499.2,451.2,-0.64,-1.242,2.013,275.0,139.0,365.0,209.0,EXTRACTED,0,0.059,1,BOX_OPENED,0.88,Deterministic kinematic fallback verification.
5,39.942,2026-09-10T08:59:33.115505Z,7.3,0,IDLE,GRASP COMPONENT BOX,NONE,System initialized. Please open the box.,20.6,OPEN,-0.612,-0.351,1.1,-0.612,-1.204,1.977,145.0,0.0,-137.7,1,-0.668,-1.246,2.069,0.0,173.0,640.0,253.0,-0.64,-1.243,2.012,275.0,138.0,365.0,208.0,GRASPED,1,0.06,1,BOX_OPENED,0.88,Deterministic kinematic fallback verification.
6,40.018,2026-09-10T08:59:33.190955Z,14.0,1,BOX_OPENED,GRASP COMPONENT BOX,NONE,Box opened. Next step: Please take out the object.,16.5,CLOSED,-0.612,-0.354,1.1,-0.612,-1.206,1.976,145.0,0.0,-137.7,1,-0.668,-1.248,2.067,0.0,175.0,640.0,246.0,-0.64,-1.245,2.011,275.0,135.0,365.0,205.0,GRASPED,1,0.06,1,BOX_OPENED,0.88,Deterministic kinematic fallback verification.
7,40.084,2026-09-10T08:59:33.257237Z,12.6,1,BOX_OPENED,GRASP COMPONENT BOX,NONE,Box opened. Next step: Please take out the object.,13.2,CLOSED,-0.612,-0.355,1.1,-0.612,-1.209,1.974,145.0,0.0,-137.7,1,-0.668,-1.251,2.065,0.0,168.0,640.0,245.0,-0.64,-1.247,2.01,275.0,133.0,365.0,203.0,GRASPED,1,0.059,1,BOX_OPENED,0.88,Deterministic kinematic fallback verification.
8,40.144,2026-09-10T08:59:33.317080Z,15.7,1,BOX_OPENED,GRASP COMPONENT BOX,NONE,Box opened. Next step: Please take out the object.,10.5,CLOSED,-0.612,-0.35,1.1,-0.612,-1.207,1.976,145.0,0.0,-137.7,1,-0.668,-1.246,2.068,0.0,168.0,640.0,256.0,-0.64,-1.242,2.013,275.0,139.0,365.0,209.0,GRASPED,1,0.058,1,BOX_OPENED,0.88,Deterministic kinematic fallback verification.
9,40.207,2026-09-10T08:59:33.379557Z,17.3,1,BOX_OPENED,GRASP COMPONENT BOX,NONE,Box opened. Next step: Please take out the object.,8.4,CLOSED,-0.612,-0.303,1.1,-0.612,-1.182,1.99,145.0,0.0,-137.7,1,-0.668,-1.2,2.095,0.0,168.0,640.0,359.0,-0.64,-1.2,2.037,275.0,188.0,365.0,258.0,GRASPED,1,0.058,1,BOX_OPENED,0.88,Deterministic kinematic fallback verification.
10,40.279,2026-09-10T08:59:33.452428Z,15.6,1,BOX_OPENED,APPROACH COMPONENT BOX,NONE,Box opened. Next step: Please take out the object.,6.8,CLOSED,-0.612,-0.258,1.1,-0.612,-1.133,2.018,145.0,0.0,-137.7,1,-0.668,-1.13,2.135,140.8,230.4,499.2,451.2,-0.73,-1.11,2.089,0.0,173.0,459.0,480.0,APPROACHED,1,0.14,1,BOX_OPENED,0.88,Deterministic kinematic fallback verification.
11,40.34,2026-09-10T08:59:33.513054Z,14.6,1,BOX_OPENED,IDLE,NONE,Box opened. Next step: Please take out the object.,5.4,CLOSED,-0.612,-0.241,1.1,-0.612,-1.101,2.036,145.0,0.0,-137.7,1,-0.668,-1.13,2.135,140.8,230.4,499.2,451.2,-0.928,-1.112,2.088,0.0,167.0,65.0,480.0,RELEASED,0,0.32,1,BOX_OPENED,0.88,Deterministic kinematic fallback verification.
12,40.403,2026-09-10T08:59:33.576093Z,15.1,1,BOX_OPENED,IDLE,NONE,Box opened. Next step: Please take out the object.,4.3,CLOSED,-0.612,-0.241,1.1,-0.612,-1.099,2.038,145.0,0.0,-137.7,1,-0.668,-1.13,2.135,140.8,230.4,499.2,451.2,-0.914,-1.08,2.106,0.0,241.0,91.0,480.0,RELEASED,0,0.311,1,BOX_OPENED,0.88,Deterministic kinematic fallback verification.
13,40.49,2026-09-10T08:59:33.662774Z,11.3,1,BOX_OPENED,IDLE,NONE,Box opened. Next step: Please take out the object.,3.5,CLOSED,-0.612,-0.241,1.1,-0.612,-1.106,2.034,145.0,0.0,-137.7,1,-0.668,-1.13,2.135,140.8,230.4,499.2,451.2,-0.911,-1.043,2.128,0.0,328.0,97.0,480.0,RELEASED,0,0.32,1,BOX_OPENED,0.88,Deterministic kinematic fallback verification.
14,40.545,2026-09-10T08:59:33.717655Z,18.1,1,BOX_OPENED,IDLE,NONE,Box opened. Next step: Please take out the object.,2.8,CLOSED,-0.612,-0.241,1.1,-0.612,-1.107,2.033,145.0,0.0,-137.7,1,-0.668,-1.13,2.135,140.8,230.4,499.2,451.2,0.0,0.0,0.0,0.0,0.0,0.0,0.0,DOCKED,1,0.5,1,BOX_OPENED,0.88,Deterministic kinematic fallback verification.
15,40.601,2026-09-10T08:59:33.774210Z,17.7,1,BOX_OPENED,IDLE,NONE,Box opened. Next step: Please take out the object.,2.2,CLOSED,-0.612,-0.241,1.1,-0.612,-1.108,2.033,145.0,0.0,-137.7,1,-0.668,-1.13,2.135,140.8,230.4,499.2,451.2,0.0,0.0,0.0,0.0,0.0,0.0,0.0,DOCKED,1,0.5,1,BOX_OPENED,0.88,Deterministic kinematic fallback verification.
16,40.658,2026-09-10T08:59:33.830645Z,17.5,1,BOX_OPENED,IDLE,NONE,Box opened. Next step: Please take out the object.,1.8,CLOSED,-0.612,-0.241,1.1,-0.612,-1.108,2.032,145.0,0.0,-137.7,1,-0.668,-1.13,2.135,140.8,230.4,499.2,451.2,0.0,0.0,0.0,0.0,0.0,0.0,0.0,DOCKED,1,0.5,1,BOX_OPENED,0.88,Deterministic kinematic fallback verification.
17,40.72,2026-09-10T08:59:33.893171Z,17.1,1,BOX_OPENED,IDLE,NONE,Box opened. Next step: Please take out the object.,1.4,CLOSED,-0.612,-0.241,1.1,-0.612,-1.109,2.032,145.0,0.0,-137.7,1,-0.668,-1.13,2.135,140.8,230.4,499.2,451.2,0.0,0.0,0.0,0.0,0.0,0.0,0.0,DOCKED,1,0.5,1,BOX_OPENED,0.88,Deterministic kinematic fallback verification.
18,40.776,2026-09-10T08:59:33.948602Z,16.9,1,BOX_OPENED,IDLE,NONE,Box opened. Next step: Please take out the object.,1.1,CLOSED,-0.612,-0.241,1.1,-0.612,-1.109,2.032,145.0,0.0,-137.7,1,-0.668,-1.13,2.135,140.8,230.4,499.2,451.2,0.0,0.0,0.0,0.0,0.0,0.0,0.0,DOCKED,1,0.5,1,BOX_OPENED,0.88,Deterministic kinematic fallback verification.
19,40.83,2026-09-10T08:59:34.003149Z,18.5,1,BOX_OPENED,IDLE,NONE,Box opened. Next step: Please take out the object.,0.9,CLOSED,-0.612,-0.241,1.1,-0.612,-1.109,2.032,145.0,0.0,-137.7,1,-0.668,-1.13,2.135,140.8,230.4,499.2,451.2,0.0,0.0,0.0,0.0,0.0,0.0,0.0,DOCKED,1,0.5,1,BOX_OPENED,0.88,Deterministic kinematic fallback verification.
20,40.887,2026-09-10T08:59:34.060190Z,17.8,1,BOX_OPENED,IDLE,NONE,Box opened. Next step: Please take out the object.,0.7,CLOSED,-0.612,-0.241,1.1,-0.612,-1.109,2.032,145.0,0.0,-137.7,1,-0.668,-1.13,2.135,140.8,230.4,499.2,451.2,0.0,0.0,0.0,0.0,0.0,0.0,0.0,DOCKED,1,0.5,1,BOX_OPENED,0.88,Deterministic kinematic fallback verification.
21,40.945,2026-09-10T08:59:34.118500Z,17.2,1,BOX_OPENED,IDLE,NONE,Box opened. Next step: Please take out the object.,0.6,CLOSED,-0.612,-0.241,1.1,-0.612,-1.109,2.032,145.0,0.0,-137.7,1,-0.668,-1.13,2.135,140.8,230.4,499.2,451.2,0.0,0.0,0.0,0.0,0.0,0.0,0.0,DOCKED,1,0.5,1,BOX_OPENED,0.88,Deterministic kinematic fallback verification.
22,41.005,2026-09-10T08:59:34.178178Z,18.1,1,BOX_OPENED,IDLE,NONE,Box opened. Next step: Please take out the object.,0.5,CLOSED,-0.612,-0.241,1.1,-0.612,-1.109,2.032,145.0,0.0,-137.7,1,-0.668,-1.13,2.135,140.8,230.4,499.2,451.2,0.0,0.0,0.0,0.0,0.0,0.0,0.0,DOCKED,1,0.5,1,BOX_OPENED,0.88,Deterministic kinematic fallback verification.
23,41.063,2026-09-10T08:59:34.235978Z,15.8,1,BOX_OPENED,IDLE,NONE,Box opened. Next step: Please take out the object.,0.4,CLOSED,-0.612,-0.241,1.1,-0.612,-1.109,2.032,145.0,0.0,-137.7,1,-0.668,-1.13,2.135,140.8,230.4,499.2,451.2,0.0,0.0,0.0,0.0,0.0,0.0,0.0,DOCKED,1,0.5,1,BOX_OPENED,0.88,Deterministic kinematic fallback verification.
24,41.119,2026-09-10T08:59:34.291941Z,18.1,1,BOX_OPENED,IDLE,NONE,Box opened. Next step: Please take out the object.,0.3,CLOSED,-0.612,-0.241,1.1,-0.612,-1.109,2.032,145.0,0.0,-137.7,1,-0.668,-1.13,2.135,140.8,230.4,499.2,451.2,0.0,0.0,0.0,0.0,0.0,0.0,0.0,DOCKED,1,0.5,1,BOX_OPENED,0.88,Deterministic kinematic fallback verification.
25,41.175,2026-09-10T08:59:34.347843Z,17.3,1,BOX_OPENED,IDLE,NONE,Box opened. Next step: Please take out the object.,0.2,CLOSED,-0.612,-0.241,1.1,-0.612,-1.109,2.032,145.0,0.0,-137.7,1,-0.668,-1.13,2.135,140.8,230.4,499.2,451.2,0.0,0.0,0.0,0.0,0.0,0.0,0.0,DOCKED,1,0.5,1,BOX_OPENED,0.88,Deterministic kinematic fallback verification.
26,41.232,2026-09-10T08:59:34.405222Z,19.2,1,BOX_OPENED,IDLE,NONE,Box opened. Next step: Please take out the object.,0.2,CLOSED,-0.612,-0.241,1.1,-0.612,-1.109,2.032,145.0,0.0,-137.7,1,-0.668,-1.13,2.135,140.8,230.4,499.2,451.2,0.0,0.0,0.0,0.0,0.0,0.0,0.0,DOCKED,1,0.5,1,BOX_OPENED,0.88,Deterministic kinematic fallback verification.
27,41.308,2026-09-10T08:59:34.481192Z,15.4,1,BOX_OPENED,IDLE,NONE,Box opened. Next step: Please take out the object.,0.2,CLOSED,-0.612,-0.241,1.1,-0.612,-1.109,2.032,145.0,0.0,-137.7,1,-0.668,-1.13,2.135,140.8,230.4,499.2,451.2,0.0,0.0,0.0,0.0,0.0,0.0,0.0,DOCKED,1,0.5,1,BOX_OPENED,0.88,Deterministic kinematic fallback verification.
28,41.412,2026-09-10T08:59:34.584779Z,8.5,1,BOX_OPENED,IDLE,NONE,Box opened. Next step: Please take out the object.,0.1,CLOSED,-0.612,-0.241,1.1,-0.612,-1.109,2.032,145.0,0.0,-137.7,1,-0.668,-1.13,2.135,140.8,230.4,499.2,451.2,0.0,0.0,0.0,0.0,0.0,0.0,0.0,DOCKED,1,0.5,1,BOX_OPENED,0.88,Deterministic kinematic fallback verification.
29,41.481,2026-09-10T08:59:34.653999Z,16.2,1,BOX_OPENED,IDLE,NONE,Box opened. Next step: Please take out the object.,0.1,CLOSED,-0.612,-0.241,1.1,-0.612,-1.109,2.032,145.0,0.0,-137.7,1,-0.668,-1.13,2.135,140.8,230.4,499.2,451.2,0.0,0.0,0.0,0.0,0.0,0.0,0.0,DOCKED,1,0.5,1,BOX_OPENED,0.88,Deterministic kinematic fallback verification.
30,41.569,2026-09-10T08:59:34.741608Z,14.2,1,BOX_OPENED,IDLE,NONE,Box opened. Next step: Please take out the object.,0.1,CLOSED,-0.612,-0.241,1.1,-0.612,-1.109,2.032,145.0,0.0,-137.7,1,-0.668,-1.13,2.135,140.8,230.4,499.2,451.2,0.0,0.0,0.0,0.0,0.0,0.0,0.0,DOCKED,1,0.5,1,BOX_OPENED,0.88,Deterministic kinematic fallback verification.
31,41.64,2026-09-10T08:59:34.813067Z,11.4,1,BOX_OPENED,IDLE,NONE,Box opened. Next step: Please take out the object.,0.1,CLOSED,-0.612,-0.241,1.1,-0.612,-1.109,2.032,145.0,0.0,-137.7,1,-0.668,-1.13,2.135,140.8,230.4,499.2,451.2,0.0,0.0,0.0,0.0,0.0,0.0,0.0,DOCKED,1,0.5,1,BOX_OPENED,0.88,Deterministic kinematic fallback verification.
32,41.704,2026-09-10T08:59:34.876566Z,14.6,1,BOX_OPENED,IDLE,NONE,Box opened. Next step: Please take out the object.,0.0,CLOSED,-0.612,-0.241,1.1,-0.612,-1.109,2.032,145.0,0.0,-137.7,1,-0.668,-1.13,2.135,140.8,230.4,499.2,451.2,0.0,0.0,0.0,0.0,0.0,0.0,0.0,DOCKED,1,0.5,1,BOX_OPENED,0.88,Deterministic kinematic fallback verification.
33,41.773,2026-09-10T08:59:34.945969Z,14.9,1,BOX_OPENED,IDLE,NONE,Box opened. Next step: Please take out the object.,0.0,CLOSED,-0.612,-0.241,1.1,-0.612,-1.109,2.032,145.0,0.0,-137.7,1,-0.668,-1.13,2.135,140.8,230.4,499.2,451.2,0.0,0.0,0.0,0.0,0.0,0.0,0.0,DOCKED,1,0.5,1,BOX_OPENED,0.88,Deterministic kinematic fallback verification.
34,41.851,2026-09-10T08:59:35.023824Z,14.5,1,BOX_OPENED,CONTACT COMPONENT BOX,NONE,Box opened. Next step: Please take out the object.,0.0,CLOSED,-0.612,-0.241,1.1,-0.612,-1.109,2.032,145.0,0.0,-137.7,1,-0.668,-1.13,2.135,140.8,230.4,499.2,451.2,-0.64,-1.143,2.07,275.0,253.0,365.0,323.0,GRASPED,1,0.058,1,BOX_OPENED,0.88,Deterministic kinematic fallback verification.
35,41.923,2026-09-10T08:59:35.095847Z,12.0,1,BOX_OPENED,IDLE,NONE,Box opened. Next step: Please take out the object.,0.0,CLOSED,-0.612,-0.241,1.1,-0.612,-1.109,2.032,145.0,0.0,-137.7,1,-0.668,-1.13,2.135,140.8,230.4,499.2,451.2,0.0,0.0,0.0,0.0,0.0,0.0,0.0,DOCKED,1,0.5,1,BOX_OPENED,0.88,Deterministic kinematic fallback verification.
36,41.984,2026-09-10T08:59:35.157252Z,15.4,1,BOX_OPENED,IDLE,NONE,Box opened. Next step: Please take out the object.,0.0,CLOSED,-0.612,-0.241,1.1,-0.612,-1.109,2.032,145.0,0.0,-137.7,1,-0.668,-1.13,2.135,140.8,230.4,499.2,451.2,0.0,0.0,0.0,0.0,0.0,0.0,0.0,DOCKED,1,0.5,1,BOX_OPENED,0.88,Deterministic kinematic fallback verification.
37,42.046,2026-09-10T08:59:35.219094Z,16.0,1,BOX_OPENED,IDLE,NONE,Box opened. Next step: Please take out the object.,0.0,CLOSED,-0.61,-0.241,1.1,-0.611,-1.109,2.032,145.0,0.0,-137.7,1,-0.668,-1.13,2.135,140.8,230.4,499.2,451.2,0.0,0.0,0.0,0.0,0.0,0.0,0.0,DOCKED,1,0.5,1,BOX_OPENED,0.88,Deterministic kinematic fallback verification.
38,42.106,2026-09-10T08:59:35.278777Z,16.1,1,BOX_OPENED,IDLE,NONE,Box opened. Next step: Please take out the object.,0.0,CLOSED,-0.612,-0.316,1.1,-0.611,-1.141,2.013,145.0,0.0,-137.7,1,-0.668,-1.13,2.135,140.8,230.4,499.2,451.2,0.0,0.0,0.0,0.0,0.0,0.0,0.0,DOCKED,1,0.5,1,BOX_OPENED,0.88,Deterministic kinematic fallback verification.
39,42.173,2026-09-10T08:59:35.346094Z,17.6,1,BOX_OPENED,EXTRACT COMPONENT BOX,NONE,Box opened. Next step: Please take out the object.,0.0,CLOSED,-0.612,-0.32,1.1,-0.612,-1.191,1.984,145.0,0.0,-137.7,1,-0.668,-1.13,2.135,140.8,230.4,499.2,451.2,-0.64,-1.215,2.028,275.0,170.0,365.0,240.0,EXTRACTED,0,0.057,1,BOX_OPENED,0.88,Deterministic kinematic fallback verification.
40,42.232,2026-09-10T08:59:35.404641Z,15.3,1,BOX_OPENED,EXTRACT COMPONENT BOX,NONE,Box opened. Next step: Please take out the object.,0.0,CLOSED,-0.609,-0.345,1.1,-0.611,-1.2,1.979,145.0,0.0,-137.7,1,-0.668,-1.13,2.135,140.8,230.4,499.2,451.2,-0.637,-1.238,2.015,278.0,144.0,368.0,214.0,EXTRACTED,0,0.058,1,BOX_OPENED,0.88,Deterministic kinematic fallback verification.
41,42.291,2026-09-10T08:59:35.464214Z,17.5,1,BOX_OPENED,IDLE,NONE,Box opened. Next step: Please take out the object.,0.0,CLOSED,-0.612,-0.349,1.1,-0.611,-1.212,1.972,145.0,0.0,-137.7,1,-0.668,-1.13,2.135,140.8,230.4,499.2,451.2,0.0,0.0,0.0,0.0,0.0,0.0,0.0,DOCKED,1,0.5,1,BOX_OPENED,0.88,Deterministic kinematic fallback verification.
42,42.347,2026-09-10T08:59:35.520479Z,16.4,1,BOX_OPENED,IDLE,NONE,Box opened. Next step: Please take out the object.,0.0,CLOSED,-0.625,-0.36,1.1,-0.619,-1.216,1.97,145.0,0.0,-137.7,1,-0.668,-1.13,2.135,140.8,230.4,499.2,451.2,0.0,0.0,0.0,0.0,0.0,0.0,0.0,DOCKED,1,0.5,1,BOX_OPENED,0.88,Deterministic kinematic fallback verification.
43,42.451,2026-09-10T08:59:35.624064Z,10.6,1,BOX_OPENED,IDLE,NONE,Box opened. Next step: Please take out the object.,0.0,CLOSED,-0.638,-0.371,1.1,-0.64,-1.23,1.962,145.0,0.0,-137.7,1,-0.877,-1.099,2.153,0.0,296.0,239.0,455.0,0.0,0.0,0.0,0.0,0.0,0.0,0.0,DOCKED,1,0.5,1,BOX_OPENED,0.88,Deterministic kinematic fallback verification.
44,42.527,2026-09-10T08:59:35.700405Z,12.5,1,BOX_OPENED,IDLE,NONE,Box opened. Next step: Please take out the object.,0.0,CLOSED,-0.871,-0.151,1.1,-0.765,-1.134,2.017,145.0,0.0,-137.7,1,-0.668,-1.145,2.127,0.0,168.0,640.0,480.0,0.0,0.0,0.0,0.0,0.0,0.0,0.0,DOCKED,1,0.5,1,BOX_OPENED,0.88,Deterministic kinematic fallback verification.
45,42.586,2026-09-10T08:59:35.759227Z,15.1,1,BOX_OPENED,IDLE,NONE,Box opened. Next step: Please take out the object.,0.0,CLOSED,-0.871,-0.139,1.1,-0.923,-0.994,2.098,145.0,0.0,-137.7,1,-0.668,-1.145,2.127,0.0,168.0,640.0,480.0,0.0,0.0,0.0,0.0,0.0,0.0,0.0,DOCKED,1,0.5,1,BOX_OPENED,0.88,Deterministic kinematic fallback verification.
46,42.646,2026-09-10T08:59:35.818984Z,17.8,1,BOX_OPENED,IDLE,NONE,Box opened. Next step: Please take out the object.,0.0,CLOSED,-0.847,-0.146,1.1,-0.878,-1.012,2.087,145.0,0.0,-137.7,1,-0.668,-1.145,2.127,0.0,168.0,640.0,480.0,0.0,0.0,0.0,0.0,0.0,0.0,0.0,DOCKED,1,0.5,1,BOX_OPENED,0.88,Deterministic kinematic fallback verification.
47,42.716,2026-09-10T08:59:35.888833Z,16.7,1,BOX_OPENED,GRASP COMPONENT BOX,NONE,Box opened. Next step: Please take out the object.,0.0,CLOSED,-0.857,-0.136,1.1,-0.85,-1.024,2.08,145.0,0.0,-137.7,1,-0.668,-1.145,2.127,0.0,168.0,640.0,480.0,-0.896,-1.048,2.125,19.0,363.0,109.0,433.0,GRASPED,1,0.068,1,BOX_OPENED,0.88,Deterministic kinematic fallback verification.
48,42.779,2026-09-10T08:59:35.951884Z,13.9,1,BOX_OPENED,IDLE,NONE,Box opened. Next step: Please take out the object.,0.0,CLOSED,-0.858,-0.147,1.1,-0.854,-1.028,2.078,145.0,0.0,-137.7,1,-0.668,-1.145,2.127,0.0,168.0,640.0,480.0,0.0,0.0,0.0,0.0,0.0,0.0,0.0,DOCKED,1,0.5,1,BOX_OPENED,0.88,Deterministic kinematic fallback verification.
49,42.901,2026-09-10T08:59:36.073966Z,13.6,1,BOX_OPENED,IDLE,NONE,Box opened. Next step: Please take out the object.,0.0,CLOSED,-0.855,-0.138,1.1,-0.849,-1.035,2.074,145.0,0.0,-137.7,1,-0.668,-1.145,2.127,0.0,168.0,640.0,480.0,0.0,0.0,0.0,0.0,0.0,0.0,0.0,DOCKED,1,0.5,1,BOX_OPENED,0.88,Deterministic kinematic fallback verification.
50,42.985,2026-09-10T08:59:36.157894Z,8.7,1,BOX_OPENED,GRASP COMPONENT BOX,NONE,Box opened. Next step: Please take out the object.,0.0,CLOSED,-0.85,-0.136,1.1,-0.841,-1.036,2.073,145.0,0.0,-137.7,1,-0.668,-1.145,2.127,0.0,168.0,640.0,480.0,-0.889,-1.048,2.125,26.0,363.0,116.0,433.0,GRASPED,1,0.071,1,BOX_OPENED,0.88,Deterministic kinematic fallback verification.
51,43.093,2026-09-10T08:59:36.266304Z,12.2,1,BOX_OPENED,GRASP COMPONENT BOX,NONE,Box opened. Next step: Please take out the object.,0.0,CLOSED,-0.848,-0.136,1.1,-0.838,-1.035,2.074,145.0,0.0,-137.7,1,-0.668,-1.145,2.127,0.0,168.0,640.0,480.0,-0.887,-1.048,2.125,28.0,363.0,118.0,433.0,GRASPED,1,0.072,1,BOX_OPENED,0.88,Deterministic kinematic fallback verification.
52,43.214,2026-09-10T08:59:36.387395Z,8.6,1,BOX_OPENED,IDLE,NONE,Box opened. Next step: Please take out the object.,0.0,CLOSED,-0.848,-0.134,1.1,-0.835,-1.037,2.073,145.0,0.0,-137.7,1,-0.668,-1.145,2.127,0.0,168.0,640.0,480.0,0.0,0.0,0.0,0.0,0.0,0.0,0.0,DOCKED,1,0.5,1,BOX_OPENED,0.88,Deterministic kinematic fallback verification.
53,43.319,2026-09-10T08:59:36.491849Z,8.2,1,BOX_OPENED,GRASP COMPONENT BOX,NONE,Box opened. Next step: Please take out the object.,0.0,CLOSED,-0.851,-0.131,1.1,-0.837,-1.035,2.074,145.0,0.0,-137.7,1,-0.668,-1.145,2.127,0.0,168.0,640.0,480.0,-0.89,-1.044,2.127,25.0,368.0,115.0,438.0,GRASPED,1,0.075,1,BOX_OPENED,0.88,Deterministic kinematic fallback verification.
54,43.413,2026-09-10T08:59:36.586101Z,9.9,1,BOX_OPENED,GRASP COMPONENT BOX,NONE,Box opened. Next step: Please take out the object.,0.0,CLOSED,-0.851,-0.132,1.1,-0.842,-1.031,2.076,145.0,0.0,-137.7,1,-0.668,-1.145,2.127,0.0,168.0,640.0,480.0,-0.89,-1.045,2.127,25.0,367.0,115.0,437.0,GRASPED,1,0.071,1,BOX_OPENED,0.88,Deterministic kinematic fallback verification.
55,43.507,2026-09-10T08:59:36.679896Z,10.6,1,BOX_OPENED,GRASP COMPONENT BOX,NONE,Box opened. Next step: Please take out the object.,0.0,CLOSED,-0.854,-0.129,1.1,-0.845,-1.028,2.078,145.0,0.0,-137.7,1,-0.668,-1.145,2.127,0.0,168.0,640.0,480.0,-0.893,-1.042,2.128,22.0,370.0,112.0,440.0,GRASPED,1,0.071,1,BOX_OPENED,0.88,Deterministic kinematic fallback verification.
56,43.598,2026-09-10T08:59:36.770712Z,11.3,1,BOX_OPENED,GRASP COMPONENT BOX,NONE,Box opened. Next step: Please take out the object.,0.0,CLOSED,-0.853,-0.13,1.1,-0.847,-1.025,2.08,145.0,0.0,-137.7,1,-0.668,-1.145,2.127,0.0,168.0,640.0,480.0,-0.892,-1.043,2.128,23.0,369.0,113.0,439.0,GRASPED,1,0.068,1,BOX_OPENED,0.88,Deterministic kinematic fallback verification.
57,43.683,2026-09-10T08:59:36.856162Z,10.8,1,BOX_OPENED,GRASP COMPONENT BOX,NONE,Box opened. Next step: Please take out the object.,0.0,CLOSED,-0.856,-0.129,1.1,-0.848,-1.024,2.081,145.0,0.0,-137.7,1,-0.668,-1.145,2.127,0.0,168.0,640.0,480.0,-0.895,-1.042,2.128,20.0,370.0,110.0,440.0,GRASPED,1,0.069,1,BOX_OPENED,0.88,Deterministic kinematic fallback verification.
58,43.85,2026-09-10T08:59:37.023474Z,7.1,1,BOX_OPENED,IDLE,NONE,Box opened. Next step: Please take out the object.,0.0,CLOSED,-0.856,-0.13,1.1,-0.851,-1.025,2.08,145.0,0.0,-137.7,1,-0.668,-1.145,2.127,0.0,168.0,640.0,480.0,0.0,0.0,0.0,0.0,0.0,0.0,0.0,DOCKED,1,0.5,1,BOX_OPENED,0.88,Deterministic kinematic fallback verification.
59,43.951,2026-09-10T08:59:37.123915Z,8.1,1,BOX_OPENED,IDLE,NONE,Box opened. Next step: Please take out the object.,0.0,CLOSED,-0.86,-0.14,1.1,-0.854,-1.029,2.078,145.0,0.0,-137.7,1,-0.668,-1.145,2.127,0.0,168.0,640.0,480.0,0.0,0.0,0.0,0.0,0.0,0.0,0.0,DOCKED,1,0.5,1,BOX_OPENED,0.88,Deterministic kinematic fallback verification.
60,44.079,2026-09-10T08:59:37.252309Z,9.8,1,BOX_OPENED,APPROACH COMPONENT BOX,NONE,Box opened. Next step: Please take out the object.,0.0,CLOSED,-0.4,-0.375,1.1,-0.604,-1.147,2.01,145.0,0.0,-137.7,1,-0.668,-1.145,2.127,0.0,168.0,640.0,480.0,-0.418,-1.265,1.999,497.0,112.0,587.0,182.0,RELEASED,0,0.221,1,BOX_OPENED,0.88,Deterministic kinematic fallback verification.
61,44.252,2026-09-10T08:59:37.424715Z,7.9,1,BOX_OPENED,IDLE,NONE,Box opened. Next step: Please take out the object.,0.0,CLOSED,-0.867,-0.199,1.1,-0.519,-1.214,1.971,145.0,0.0,-137.7,1,-0.668,-1.145,2.127,0.0,168.0,640.0,480.0,0.0,0.0,0.0,0.0,0.0,0.0,0.0,DOCKED,1,0.5,1,BOX_OPENED,0.88,Deterministic kinematic fallback verification.
62,44.409,2026-09-10T08:59:37.581618Z,5.7,1,BOX_OPENED,EXTRACT COMPONENT BOX,NONE,Box opened. Next step: Please take out the object.,0.0,CLOSED,-0.439,-0.396,1.1,-0.519,-1.232,1.96,145.0,0.0,-137.7,1,-0.674,-1.15,2.124,0.0,168.0,629.0,470.0,-0.459,-1.284,1.988,456.0,90.0,546.0,160.0,EXTRACTED,0,0.084,1,BOX_OPENED,0.88,Deterministic kinematic fallback verification.
63,44.51,2026-09-10T08:59:37.683080Z,6.6,1,BOX_OPENED,IDLE,NONE,Box opened. Next step: Please take out the object.,0.0,CLOSED,-0.876,-0.252,1.1,-0.308,-1.334,1.902,145.0,0.0,-137.7,1,-0.691,-1.166,2.114,0.0,168.0,596.0,433.0,0.0,0.0,0.0,0.0,0.0,0.0,0.0,DOCKED,1,0.5,1,BOX_OPENED,0.88,Deterministic kinematic fallback verification.
1,44.68,2026-09-10T08:59:37.853154Z,355.4,0,IDLE,IDLE,NONE,System initialized. Please open the box.,0.0,CLOSED,-0.875,-0.26,1.1,-0.606,-1.225,1.965,145.0,0.0,-137.7,1,-0.736,-1.171,2.112,0.0,168.0,509.0,423.0,0.0,0.0,0.0,0.0,0.0,0.0,0.0,DOCKED,1,0.5,1,BOX_OPENED,0.88,Deterministic kinematic fallback verification.
2,44.792,2026-09-10T08:59:37.964527Z,7.3,0,IDLE,IDLE,NONE,System initialized. Please open the box.,0.0,CLOSED,-0.875,-0.254,1.1,-0.919,-1.135,2.017,145.0,0.0,-137.7,1,-0.73,-1.16,2.118,0.0,168.0,520.0,448.0,0.0,0.0,0.0,0.0,0.0,0.0,0.0,DOCKED,1,0.5,1,BOX_OPENED,0.88,Deterministic kinematic fallback verification.
3,44.901,2026-09-10T08:59:38.074285Z,9.0,0,IDLE,IDLE,NONE,System initialized. Please open the box.,0.0,CLOSED,-0.418,-0.398,1.1,-0.78,-1.163,2.001,145.0,0.0,-137.7,1,-0.694,-1.159,2.118,0.0,168.0,590.0,449.0,-0.438,-1.286,1.987,477.0,88.0,567.0,158.0,RELEASED,0,0.363,1,BOX_OPENED,0.88,Deterministic kinematic fallback verification.
4,45.019,2026-09-10T08:59:38.191792Z,8.9,0,IDLE,EXTRACT COMPONENT BOX,NONE,System initialized. Please open the box.,0.0,CLOSED,-0.409,-0.403,1.1,-0.479,-1.243,1.955,145.0,0.0,-137.7,1,-0.702,-1.175,2.11,0.0,168.0,574.0,415.0,-0.428,-1.29,1.985,487.0,84.0,577.0,154.0,EXTRACTED,0,0.076,1,BOX_OPENED,0.88,Deterministic kinematic fallback verification.
5,45.147,2026-09-10T08:59:38.320097Z,8.7,0,IDLE,APPROACH COMPONENT BOX,NONE,System initialized. Please open the box.,0.0,CLOSED,-0.417,-0.398,1.1,-0.579,-1.213,1.972,145.0,0.0,-137.7,1,-0.668,-1.175,2.109,0.0,168.0,640.0,414.0,-0.436,-1.285,1.988,479.0,89.0,569.0,159.0,RELEASED,0,0.161,1,BOX_OPENED,0.88,Deterministic kinematic fallback verification.
6,45.288,2026-09-10T08:59:38.461142Z,7.8,1,BOX_OPENED,APPROACH COMPONENT BOX,NONE,Box opened. Next step: Please take out the object.,0.0,CLOSED,-0.415,-0.394,1.1,-0.634,-1.193,1.984,145.0,0.0,-137.7,1,-0.668,-1.166,2.115,0.0,168.0,640.0,434.0,-0.434,-1.282,1.99,481.0,93.0,571.0,163.0,RELEASED,0,0.219,1,BOX_OPENED,0.88,Deterministic kinematic fallback verification.
7,45.411,2026-09-10T08:59:38.584204Z,6.8,1,BOX_OPENED,APPROACH COMPONENT BOX,NONE,Box opened. Next step: Please take out the object.,0.0,CLOSED,-0.451,-0.389,1.1,-0.674,-1.182,1.99,145.0,0.0,-137.7,1,-0.668,-1.151,2.123,0.0,168.0,640.0,468.0,-0.472,-1.277,1.992,443.0,98.0,533.0,168.0,RELEASED,0,0.223,1,BOX_OPENED,0.88,Deterministic kinematic fallback verification.
8,45.535,2026-09-10T08:59:38.708262Z,8.2,1,BOX_OPENED,CONTACT COMPONENT BOX,NONE,Box opened. Next step: Please take out the object.,0.0,CLOSED,-0.874,-0.237,1.1,-0.907,-1.112,2.03,145.0,0.0,-137.7,1,-0.668,-1.15,2.124,0.0,168.0,640.0,469.0,-0.914,-1.14,2.072,1.0,257.0,91.0,327.0,GRASPED,1,0.051,1,BOX_OPENED,0.88,Deterministic kinematic fallback verification.
9,45.658,2026-09-10T08:59:38.830610Z,8.5,1,BOX_OPENED,IDLE,NONE,Box opened. Next step: Please take out the object.,0.0,CLOSED,-0.873,-0.225,1.1,-1.235,-1.001,2.094,145.0,0.0,-137.7,1,-0.668,-1.168,2.113,0.0,168.0,640.0,430.0,-0.913,-1.129,2.078,2.0,270.0,92.0,340.0,DOCKED,1,0.346,1,BOX_OPENED,0.88,Deterministic kinematic fallback verification.
10,45.91,2026-09-10T08:59:39.082841Z,4.4,1,BOX_OPENED,IDLE,NONE,Box opened. Next step: Please take out the object.,0.0,CLOSED,-0.419,-0.395,1.1,-1.003,-1.068,2.055,145.0,0.0,-137.7,1,-0.668,-1.162,2.117,0.0,168.0,640.0,443.0,-0.438,-1.283,1.989,477.0,92.0,567.0,162.0,RELEASED,0,0.608,1,BOX_OPENED,0.88,Deterministic kinematic fallback verification.
11,46.115,2026-09-10T08:59:39.288163Z,6.0,1,BOX_OPENED,APPROACH COMPONENT BOX,NONE,Box opened. Next step: Please take out the object.,0.0,CLOSED,-0.42,-0.397,1.1,-0.686,-1.172,1.995,145.0,0.0,-137.7,1,-0.668,-1.173,2.111,0.0,168.0,640.0,419.0,-0.44,-1.285,1.988,475.0,89.0,565.0,159.0,RELEASED,0,0.271,1,BOX_OPENED,0.88,Deterministic kinematic fallback verification.
12,46.271,2026-09-10T08:59:39.443640Z,5.0,1,BOX_OPENED,APPROACH COMPONENT BOX,NONE,Box opened. Next step: Please take out the object.,0.0,CLOSED,-0.425,-0.391,1.1,-0.67,-1.177,1.992,145.0,0.0,-137.7,1,-0.668,-1.167,2.114,0.0,168.0,640.0,431.0,-0.444,-1.279,1.991,471.0,96.0,561.0,166.0,RELEASED,0,0.248,1,BOX_OPENED,0.88,Deterministic kinematic fallback verification.
13,46.42,2026-09-10T08:59:39.592879Z,6.7,1,BOX_OPENED,APPROACH COMPONENT BOX,NONE,Box opened. Next step: Please take out the object.,0.0,CLOSED,-0.425,-0.393,1.1,-0.619,-1.188,1.986,145.0,0.0,-137.7,1,-0.668,-1.166,2.115,0.0,168.0,640.0,435.0,-0.445,-1.281,1.99,470.0,94.0,560.0,164.0,RELEASED,0,0.197,1,BOX_OPENED,0.88,Deterministic kinematic fallback verification.
14,46.55,2026-09-10T08:59:39.723234Z,6.7,1,BOX_OPENED,APPROACH COMPONENT BOX,NONE,Box opened. Next step: Please take out the object.,0.0,CLOSED,-0.449,-0.394,1.1,-0.598,-1.199,1.979,145.0,0.0,-137.7,1,-0.668,-1.174,2.11,0.0,168.0,640.0,416.0,-0.47,-1.282,1.99,445.0,93.0,535.0,163.0,RELEASED,0,0.153,1,BOX_OPENED,0.88,Deterministic kinematic fallback verification.
15,46.683,2026-09-10T08:59:39.855776Z,7.6,1,BOX_OPENED,CONTACT COMPONENT BOX,NONE,Box opened. Next step: Please take out the object.,0.0,CLOSED,-0.874,-0.231,1.1,-0.822,-1.129,2.02,145.0,0.0,-137.7,1,-0.709,-1.164,2.116,0.0,168.0,562.0,438.0,-0.914,-1.134,2.075,1.0,264.0,91.0,334.0,GRASPED,1,0.108,1,BOX_OPENED,0.88,Deterministic kinematic fallback verification.
16,46.801,2026-09-10T08:59:39.974106Z,7.7,1,BOX_OPENED,IDLE,NONE,Box opened. Next step: Please take out the object.,0.0,CLOSED,-0.423,-0.393,1.1,-0.937,-1.082,2.048,145.0,0.0,-137.7,1,-0.709,-1.163,2.116,0.0,168.0,562.0,440.0,-0.443,-1.281,1.99,472.0,94.0,562.0,164.0,RELEASED,0,0.535,1,BOX_OPENED,0.88,Deterministic kinematic fallback verification.
17,46.967,2026-09-10T08:59:40.139678Z,8.1,2,OBJECT_EXTRACTED,APPROACH COMPONENT BOX,NONE,Object extracted. Next step: Please return the object into the box.,0.0,CLOSED,-0.415,-0.396,1.1,-0.587,-1.191,1.985,145.0,0.0,-137.7,1,-0.686,-1.167,2.114,0.0,168.0,606.0,432.0,-0.434,-1.284,1.989,481.0,91.0,571.0,161.0,RELEASED,0,0.179,1,BOX_OPENED,0.88,Deterministic kinematic fallback verification.
18,47.115,2026-09-10T08:59:40.287736Z,6.0,2,OBJECT_EXTRACTED,APPROACH COMPONENT BOX,NONE,Object extracted. Next step: Please return the object into the box.,0.0,CLOSED,-0.436,-0.393,1.1,-0.596,-1.19,1.985,145.0,0.0,-137.7,1,-0.735,-1.163,2.116,0.0,168.0,512.0,440.0,-0.456,-1.281,1.99,459.0,94.0,549.0,164.0,RELEASED,0,0.167,1,BOX_OPENED,0.88,Deterministic kinematic fallback verification.
19,47.257,2026-09-10T08:59:40.429674Z,6.9,2,OBJECT_EXTRACTED,CONTACT COMPONENT BOX,NONE,Object extracted. Next step: Please return the object into the box.,0.0,CLOSED,-0.874,-0.229,1.1,-0.836,-1.114,2.028,145.0,0.0,-137.7,1,-0.725,-1.168,2.113,0.0,168.0,530.0,429.0,-0.914,-1.132,2.076,1.0,266.0,91.0,336.0,GRASPED,1,0.094,1,BOX_OPENED,0.88,Deterministic kinematic fallback verification.
20,47.371,2026-09-10T08:59:40.544467Z,7.0,2,OBJECT_EXTRACTED,IDLE,NONE,Object extracted. Next step: Please return the object into the box.,0.0,CLOSED,-0.466,-0.395,1.1,-0.986,-1.071,2.053,145.0,0.0,-137.7,1,-0.73,-1.176,2.109,0.0,168.0,520.0,411.0,-0.488,-1.283,1.989,427.0,92.0,517.0,162.0,RELEASED,0,0.545,1,BOX_OPENED,0.88,Deterministic kinematic fallback verification.
21,47.488,2026-09-10T08:59:40.660633Z,9.0,2,OBJECT_EXTRACTED,CONTACT COMPONENT BOX,NONE,Object extracted. Next step: Please return the object into the box.,0.0,CLOSED,-0.872,-0.231,1.1,-0.837,-1.121,2.025,145.0,0.0,-137.7,1,-0.733,-1.176,2.109,0.0,168.0,516.0,411.0,-0.912,-1.135,2.075,3.0,263.0,93.0,333.0,GRASPED,1,0.092,1,BOX_OPENED,0.88,Deterministic kinematic fallback verification.
22,47.601,2026-09-10T08:59:40.773589Z,8.5,2,OBJECT_EXTRACTED,IDLE,NONE,Object extracted. Next step: Please return the object into the box.,0.0,CLOSED,-0.472,-0.399,1.1,-0.878,-1.108,2.032,145.0,0.0,-137.7,1,-0.735,-1.177,2.108,0.0,168.0,512.0,409.0,-0.494,-1.287,1.987,421.0,87.0,511.0,157.0,RELEASED,0,0.426,1,BOX_OPENED,0.88,Deterministic kinematic fallback verification.
23,47.737,2026-09-10T08:59:40.909694Z,9.3,2,OBJECT_EXTRACTED,EXTRACT COMPONENT BOX,NONE,Object extracted. Next step: Please return the object into the box.,0.0,CLOSED,-0.438,-0.392,1.1,-0.478,-1.239,1.956,145.0,0.0,-137.7,1,-0.727,-1.158,2.119,0.0,168.0,526.0,451.0,-0.458,-1.28,1.991,457.0,95.0,547.0,165.0,EXTRACTED,0,0.057,1,BOX_OPENED,0.88,Deterministic kinematic fallback verification.
24,47.858,2026-09-10T08:59:41.030676Z,7.1,2,OBJECT_EXTRACTED,EXTRACT COMPONENT BOX,NONE,Object extracted. Next step: Please return the object into the box.,0.0,CLOSED,-0.407,-0.403,1.1,-0.421,-1.243,1.954,145.0,0.0,-137.7,1,-0.727,-1.17,2.112,0.0,168.0,526.0,426.0,-0.425,-1.29,1.985,490.0,84.0,580.0,154.0,EXTRACTED,0,0.056,1,BOX_OPENED,0.88,Deterministic kinematic fallback verification.
25,47.986,2026-09-10T08:59:41.158852Z,5.9,2,OBJECT_EXTRACTED,EXTRACT COMPONENT BOX,NONE,Object extracted. Next step: Please return the object into the box.,0.0,CLOSED,-0.393,-0.406,1.1,-0.389,-1.256,1.947,145.0,0.0,-137.7,1,-0.723,-1.176,2.109,0.0,168.0,534.0,411.0,-0.411,-1.292,1.984,504.0,81.0,594.0,151.0,EXTRACTED,0,0.056,1,BOX_OPENED,0.88,Deterministic kinematic fallback verification.
26,48.051,2026-09-10T08:59:41.223796Z,15.6,2,OBJECT_EXTRACTED,IDLE,NONE,Object extracted. Next step: Please return the object into the box.,0.0,CLOSED,-0.877,-0.23,1.1,-0.649,-1.173,1.995,145.0,0.0,-137.7,1,-0.725,-1.169,2.113,0.0,168.0,530.0,427.0,-0.917,-1.134,2.075,0.0,264.0,88.0,334.0,DOCKED,1,0.282,1,BOX_OPENED,0.88,Deterministic kinematic fallback verification.
27,48.123,2026-09-10T08:59:41.296361Z,15.5,2,OBJECT_EXTRACTED,CONTACT COMPONENT BOX,NONE,Object extracted. Next step: Please return the object into the box.,0.0,CLOSED,-0.877,-0.23,1.1,-1.001,-1.062,2.059,145.0,0.0,-137.7,1,-0.725,-1.169,2.113,0.0,168.0,530.0,427.0,-0.917,-1.134,2.075,0.0,264.0,88.0,334.0,GRASPED,1,0.112,1,BOX_OPENED,0.88,Deterministic kinematic fallback verification.
28,48.182,2026-09-10T08:59:41.355127Z,14.3,2,OBJECT_EXTRACTED,IDLE,NONE,Object extracted. Next step: Please return the object into the box.,0.0,CLOSED,-0.363,-0.41,1.1,-0.662,-1.165,1.999,145.0,0.0,-137.7,1,-0.735,-1.176,2.109,0.0,168.0,512.0,411.0,0.0,0.0,0.0,0.0,0.0,0.0,0.0,DOCKED,1,0.5,1,BOX_OPENED,0.88,Deterministic kinematic fallback verification.
29,48.249,2026-09-10T08:59:41.421996Z,17.5,2,OBJECT_EXTRACTED,APPROACH COMPONENT BOX,NONE,Object extracted. Next step: Please return the object into the box.,0.0,CLOSED,-0.452,-0.387,1.1,-0.332,-1.269,1.939,145.0,0.0,-137.7,1,-0.73,-1.181,2.106,0.0,168.0,520.0,401.0,-0.473,-1.276,1.993,442.0,100.0,532.0,170.0,RELEASED,0,0.151,1,BOX_OPENED,0.88,Deterministic kinematic fallback verification.
30,48.317,2026-09-10T08:59:41.490094Z,14.6,2,OBJECT_EXTRACTED,EXTRACT COMPONENT BOX,NONE,Object extracted. Next step: Please return the object into the box.,0.0,CLOSED,-0.495,-0.398,1.1,-0.465,-1.247,1.952,145.0,0.0,-137.7,1,-0.73,-1.185,2.104,0.0,168.0,521.0,393.0,-0.518,-1.285,1.988,397.0,89.0,487.0,159.0,EXTRACTED,0,0.074,1,BOX_OPENED,0.88,Deterministic kinematic fallback verification.
31,48.391,2026-09-10T08:59:41.564343Z,14.3,2,OBJECT_EXTRACTED,CONTACT COMPONENT BOX,NONE,Object extracted. Next step: Please return the object into the box.,0.0,CLOSED,-0.477,-0.335,1.1,-0.488,-1.224,1.965,145.0,0.0,-137.7,1,-0.738,-1.187,2.103,0.0,168.0,506.0,388.0,-0.499,-1.229,2.02,416.0,154.0,506.0,224.0,GRASPED,1,0.057,1,BOX_OPENED,0.88,Deterministic kinematic fallback verification.
32,48.451,2026-09-10T08:59:41.623865Z,13.8,2,OBJECT_EXTRACTED,IDLE,NONE,Object extracted. Next step: Please return the object into the box.,0.0,CLOSED,-0.422,-0.266,1.1,-0.442,-1.153,2.006,145.0,0.0,-137.7,1,-0.668,-1.146,2.126,0.0,168.0,640.0,478.0,0.0,0.0,0.0,0.0,0.0,0.0,0.0,DOCKED,1,0.5,1,BOX_OPENED,0.88,Deterministic kinematic fallback verification.
33,48.51,2026-09-10T08:59:41.683120Z,16.4,2,OBJECT_EXTRACTED,IDLE,NONE,Object extracted. Next step: Please return the object into the box.,0.0,CLOSED,-0.457,-0.273,1.1,-0.424,-1.122,2.024,145.0,0.0,-137.7,1,-0.668,-1.145,2.127,0.0,168.0,640.0,480.0,0.0,0.0,0.0,0.0,0.0,0.0,0.0,DOCKED,1,0.5,1,BOX_OPENED,0.88,Deterministic kinematic fallback verification.
34,48.568,2026-09-10T08:59:41.741224Z,17.8,2,OBJECT_EXTRACTED,IDLE,NONE,Object extracted. Next step: Please return the object into the box.,0.0,CLOSED,-0.457,-0.273,1.1,-0.455,-1.134,2.017,145.0,0.0,-137.7,1,-0.668,-1.145,2.127,0.0,168.0,640.0,480.0,0.0,0.0,0.0,0.0,0.0,0.0,0.0,DOCKED,1,0.5,1,BOX_OPENED,0.88,Deterministic kinematic fallback verification.
35,48.635,2026-09-10T08:59:41.808000Z,17.0,2,OBJECT_EXTRACTED,APPROACH COMPONENT BOX,NONE,Object extracted. Next step: Please return the object into the box.,0.0,CLOSED,-0.456,-0.241,1.1,-0.455,-1.124,2.023,145.0,0.0,-137.7,1,-0.668,-1.145,2.127,0.0,168.0,640.0,480.0,-0.375,-1.029,2.136,529.0,360.0,640.0,479.0,APPROACHED,1,0.167,1,BOX_OPENED,0.88,Deterministic kinematic fallback verification.
36,48.695,2026-09-10T08:59:41.868318Z,14.9,2,OBJECT_EXTRACTED,APPROACH COMPONENT BOX,NONE,Object extracted. Next step: Please return the object into the box.,0.0,CLOSED,-0.456,-0.241,1.1,-0.454,-1.104,2.035,145.0,0.0,-137.7,1,-0.668,-1.145,2.127,0.0,168.0,640.0,480.0,-0.392,-1.022,2.14,496.0,376.0,640.0,480.0,APPROACHED,1,0.147,1,BOX_OPENED,0.88,Deterministic kinematic fallback verification.
37,48.755,2026-09-10T08:59:41.927692Z,17.0,2,OBJECT_EXTRACTED,APPROACH COMPONENT BOX,NONE,Object extracted. Next step: Please return the object into the box.,0.0,CLOSED,-0.475,-0.241,1.1,-0.464,-1.108,2.032,145.0,0.0,-137.7,1,-0.668,-1.145,2.127,0.0,168.0,640.0,480.0,-0.405,-1.011,2.146,469.0,402.0,640.0,480.0,APPROACHED,1,0.162,1,BOX_OPENED,0.88,Deterministic kinematic fallback verification.
38,48.813,2026-09-10T08:59:41.986071Z,16.1,2,OBJECT_EXTRACTED,APPROACH COMPONENT BOX,NONE,Object extracted. Next step: Please return the object into the box.,0.0,CLOSED,-0.467,-0.241,1.1,-0.475,-1.111,2.031,145.0,0.0,-137.7,1,-0.668,-1.145,2.127,0.0,168.0,640.0,480.0,-0.454,-1.003,2.151,440.0,419.0,572.0,480.0,APPROACHED,1,0.162,1,BOX_OPENED,0.88,Deterministic kinematic fallback verification.
39,48.872,2026-09-10T08:59:42.044721Z,18.3,2,OBJECT_EXTRACTED,APPROACH COMPONENT BOX,NONE,Object extracted. Next step: Please return the object into the box.,0.0,CLOSED,-0.489,-0.241,1.1,-0.477,-1.112,2.03,145.0,0.0,-137.7,1,-0.668,-1.145,2.127,0.0,168.0,640.0,480.0,-0.501,-1.001,2.152,406.0,424.0,513.0,480.0,APPROACHED,1,0.166,1,BOX_OPENED,0.88,Deterministic kinematic fallback verification.
40,48.972,2026-09-10T08:59:42.144578Z,10.6,3,OBJECT_RETURNED,CONTACT COMPONENT BOX,NONE,Object returned. Next step: Please close the box.,0.0,CLOSED,-0.528,-0.241,1.1,-0.517,-1.113,2.029,145.0,0.0,-137.7,1,-0.666,-1.145,2.127,3.0,168.0,640.0,480.0,-0.552,-1.143,2.07,363.0,253.0,453.0,323.0,GRASPED,1,0.061,1,BOX_OPENED,0.88,Deterministic kinematic fallback verification.
41,49.042,2026-09-10T08:59:42.215241Z,14.6,3,OBJECT_RETURNED,APPROACH COMPONENT BOX,NONE,Object returned. Next step: Please close the box.,0.0,CLOSED,-0.447,-0.306,1.1,-0.491,-1.143,2.012,145.0,0.0,-137.7,1,-0.871,-1.145,2.127,0.0,168.0,251.0,480.0,-0.405,-1.011,2.146,509.0,402.0,601.0,480.0,RELEASED,0,0.207,1,BOX_OPENED,0.88,Deterministic kinematic fallback verification.
42,49.103,2026-09-10T08:59:42.275942Z,13.9,3,OBJECT_RETURNED,IDLE,NONE,Object returned. Next step: Please close the box.,0.0,CLOSED,-0.474,-0.241,1.1,-0.44,-1.154,2.006,145.0,0.0,-137.7,1,-0.871,-1.145,2.127,0.0,168.0,251.0,480.0,0.0,0.0,0.0,0.0,0.0,0.0,0.0,DOCKED,1,0.5,1,BOX_OPENED,0.88,Deterministic kinematic fallback verification.
43,49.17,2026-09-10T08:59:42.342733Z,16.8,3,OBJECT_RETURNED,EXTRACT COMPONENT BOX,NONE,Object returned. Next step: Please close the box.,0.0,CLOSED,-0.427,-0.289,1.1,-0.443,-1.131,2.019,145.0,0.0,-137.7,1,-0.867,-1.145,2.127,0.0,168.0,258.0,480.0,-0.446,-1.187,2.044,469.0,202.0,559.0,272.0,EXTRACTED,0,0.062,1,BOX_OPENED,0.88,Deterministic kinematic fallback verification.
44,49.228,2026-09-10T08:59:42.401202Z,15.0,3,OBJECT_RETURNED,EXTRACT COMPONENT BOX,NONE,Object returned. Next step: Please close the box.,0.0,CLOSED,-0.407,-0.296,1.1,-0.396,-1.169,1.997,145.0,0.0,-137.7,1,-0.855,-1.145,2.127,0.0,168.0,282.0,480.0,-0.426,-1.193,2.041,489.0,195.0,579.0,265.0,EXTRACTED,0,0.058,1,BOX_OPENED,0.88,Deterministic kinematic fallback verification.
45,49.286,2026-09-10T08:59:42.459266Z,17.0,3,OBJECT_RETURNED,EXTRACT COMPONENT BOX,NONE,Object returned. Next step: Please close the box.,0.0,CLOSED,-0.413,-0.284,1.1,-0.395,-1.161,2.002,145.0,0.0,-137.7,1,-0.853,-1.145,2.127,0.0,168.0,285.0,480.0,-0.432,-1.182,2.047,483.0,208.0,573.0,278.0,EXTRACTED,0,0.062,1,BOX_OPENED,0.88,Deterministic kinematic fallback verification.
46,49.356,2026-09-10T08:59:42.528901Z,18.3,4,COMPLETE,EXTRACT COMPONENT BOX,NONE,Box closed. Experiment successfully completed.,0.0,CLOSED,-0.413,-0.284,1.1,-0.406,-1.15,2.008,145.0,0.0,-137.7,1,-0.853,-1.145,2.127,0.0,168.0,285.0,480.0,-0.432,-1.182,2.047,483.0,208.0,573.0,278.0,EXTRACTED,0,0.057,1,BOX_OPENED,0.88,Deterministic kinematic fallback verification.
