frame_id,timestamp_sec,timestamp_iso,fps,step_id,step_name,activity,anomaly,instruction,lid_angle_deg,lid_state,wrist_cam_x,wrist_cam_y,wrist_cam_z,wrist_rack_x,wrist_rack_y,wrist_rack_z,elbow_angle_deg,shoulder_angle_deg,body_orientation_deg,rom_violated,container_rack_x,container_rack_y,container_rack_z,container_xmin,container_ymin,container_xmax,container_ymax,component_rack_x,component_rack_y,component_rack_z,component_xmin,component_ymin,component_xmax,component_ymax,component_state,component_is_inside,hand_to_object_dist_m
1,2.793,2026-09-10T08:30:30.413448Z,17.3,0,IDLE,IDLE,NONE,System initialized. Please open the box.,13.3,CLOSED,-0.338,-0.277,1.1,-0.253,-0.856,1.511,145.0,0.0,-137.7,1,0.102,-0.701,2.383,840.2,655.6,1274.7,975.2,-0.353,-1.176,2.051,562.0,215.0,652.0,285.0,RELEASED,0,0.635
2,3.165,2026-09-10T08:30:30.785877Z,0.4,0,IDLE,APPROACH COMPONENT BOX,NONE,System initialized. Please open the box.,24.4,OPEN,-0.335,-0.277,1.1,-0.322,-1.094,1.934,145.0,0.0,-137.7,1,0.102,-0.701,2.383,840.6,655.1,1274.9,975.3,-0.35,-1.176,2.051,565.0,215.0,655.0,285.0,RELEASED,0,0.146
3,3.395,2026-09-10T08:30:31.015300Z,6.6,0,IDLE,EXTRACT COMPONENT BOX,NONE,System initialized. Please open the box.,33.2,OPEN,-0.337,-0.277,1.1,-0.331,-1.122,1.983,145.0,0.0,-137.7,1,0.101,-0.702,2.382,840.2,654.0,1274.1,974.8,-0.352,-1.176,2.051,563.0,215.0,653.0,285.0,EXTRACTED,0,0.089
4,3.55,2026-09-10T08:30:31.170621Z,4.2,0,IDLE,EXTRACT COMPONENT BOX,NONE,System initialized. Please open the box.,40.6,OPEN,-0.338,-0.277,1.1,-0.335,-1.132,2.0,145.0,0.0,-137.7,1,0.102,-0.702,2.383,841.0,654.7,1274.3,974.6,-0.354,-1.176,2.051,561.0,215.0,651.0,285.0,EXTRACTED,0,0.07
5,3.685,2026-09-10T08:30:31.306160Z,6.8,0,IDLE,EXTRACT COMPONENT BOX,NONE,System initialized. Please open the box.,46.4,OPEN,-0.34,-0.277,1.1,-0.337,-1.136,2.007,145.0,0.0,-137.7,1,0.104,-0.702,2.383,842.1,653.7,1276.3,975.8,-0.355,-1.176,2.051,560.0,215.0,650.0,285.0,EXTRACTED,0,0.062
6,3.807,2026-09-10T08:30:31.427784Z,7.9,0,IDLE,EXTRACT COMPONENT BOX,NONE,System initialized. Please open the box.,49.6,OPEN,-0.338,-0.276,1.1,-0.338,-1.138,2.011,145.0,0.0,-137.7,1,0.103,-0.702,2.383,841.7,654.1,1275.0,975.2,-0.354,-1.175,2.051,561.0,216.0,651.0,286.0,EXTRACTED,0,0.058
7,3.933,2026-09-10T08:30:31.553511Z,7.7,0,IDLE,EXTRACT COMPONENT BOX,NONE,System initialized. Please open the box.,51.2,OPEN,-0.337,-0.276,1.1,-0.336,-1.139,2.013,145.0,0.0,-137.7,1,0.104,-0.701,2.383,842.6,656.2,1275.8,975.8,-0.353,-1.175,2.051,562.0,216.0,652.0,286.0,EXTRACTED,0,0.056
8,4.049,2026-09-10T08:30:31.669641Z,8.4,0,IDLE,EXTRACT COMPONENT BOX,NONE,System initialized. Please open the box.,51.8,OPEN,-0.337,-0.276,1.1,-0.337,-1.139,2.013,145.0,0.0,-137.7,1,0.103,-0.701,2.383,842.6,655.2,1274.6,975.6,-0.353,-1.175,2.051,562.0,216.0,652.0,286.0,EXTRACTED,0,0.055
9,4.157,2026-09-10T08:30:31.777621Z,9.0,0,IDLE,EXTRACT COMPONENT BOX,NONE,System initialized. Please open the box.,52.2,OPEN,-0.336,-0.276,1.1,-0.336,-1.139,2.014,145.0,0.0,-137.7,1,0.103,-0.701,2.383,842.5,656.0,1274.9,975.6,-0.351,-1.175,2.051,564.0,216.0,654.0,286.0,EXTRACTED,0,0.054
10,4.29,2026-09-10T08:30:31.910619Z,9.4,0,IDLE,EXTRACT COMPONENT BOX,NONE,System initialized. Please open the box.,52.9,OPEN,-0.337,-0.277,1.1,-0.336,-1.14,2.014,145.0,0.0,-137.7,1,0.103,-0.701,2.383,843.0,656.2,1274.9,975.8,-0.352,-1.176,2.051,563.0,215.0,653.0,285.0,EXTRACTED,0,0.054
11,4.413,2026-09-10T08:30:32.033890Z,7.3,0,IDLE,EXTRACT COMPONENT BOX,NONE,System initialized. Please open the box.,53.5,OPEN,-0.337,-0.276,1.1,-0.336,-1.139,2.014,145.0,0.0,-137.7,1,0.104,-0.701,2.383,843.1,655.7,1275.6,975.3,-0.352,-1.175,2.051,563.0,216.0,653.0,286.0,EXTRACTED,0,0.054
12,4.517,2026-09-10T08:30:32.138183Z,8.5,0,IDLE,EXTRACT COMPONENT BOX,NONE,System initialized. Please open the box.,53.3,OPEN,-0.333,-0.276,1.1,-0.334,-1.139,2.014,145.0,0.0,-137.7,1,0.104,-0.701,2.383,842.4,656.2,1276.0,975.1,-0.348,-1.175,2.051,567.0,216.0,657.0,286.0,EXTRACTED,0,0.053
13,4.644,2026-09-10T08:30:32.264603Z,9.8,1,BOX_OPENED,EXTRACT COMPONENT BOX,NONE,Box opened. Next step: Please take out the object.,54.0,OPEN,-0.337,-0.276,1.1,-0.334,-1.14,2.014,145.0,0.0,-137.7,1,0.103,-0.7,2.383,842.2,657.0,1275.6,975.6,-0.353,-1.175,2.051,562.0,216.0,652.0,286.0,EXTRACTED,0,0.055
14,4.767,2026-09-10T08:30:32.387872Z,7.3,1,BOX_OPENED,EXTRACT COMPONENT BOX,NONE,Box opened. Next step: Please take out the object.,53.9,OPEN,-0.337,-0.277,1.1,-0.337,-1.14,2.014,145.0,0.0,-137.7,1,0.103,-0.701,2.383,842.7,656.5,1275.5,975.7,-0.352,-1.176,2.051,563.0,215.0,653.0,285.0,EXTRACTED,0,0.054
15,4.872,2026-09-10T08:30:32.493064Z,8.4,1,BOX_OPENED,EXTRACT COMPONENT BOX,NONE,Box opened. Next step: Please take out the object.,54.7,OPEN,-0.339,-0.277,1.1,-0.337,-1.14,2.014,145.0,0.0,-137.7,1,0.103,-0.701,2.383,842.4,655.7,1275.6,975.3,-0.354,-1.176,2.051,561.0,215.0,651.0,285.0,EXTRACTED,0,0.054
16,5.003,2026-09-10T08:30:32.623571Z,8.1,1,BOX_OPENED,EXTRACT COMPONENT BOX,NONE,Box opened. Next step: Please take out the object.,54.8,OPEN,-0.338,-0.276,1.1,-0.338,-1.14,2.014,145.0,0.0,-137.7,1,0.103,-0.701,2.383,842.2,656.8,1274.9,975.0,-0.353,-1.175,2.051,562.0,216.0,652.0,286.0,EXTRACTED,0,0.053
17,5.124,2026-09-10T08:30:32.744421Z,8.6,1,BOX_OPENED,EXTRACT COMPONENT BOX,NONE,Box opened. Next step: Please take out the object.,54.2,OPEN,-0.336,-0.276,1.1,-0.336,-1.14,2.014,145.0,0.0,-137.7,1,0.103,-0.701,2.383,842.3,656.7,1275.4,975.4,-0.352,-1.175,2.051,563.0,216.0,653.0,286.0,EXTRACTED,0,0.053
18,5.237,2026-09-10T08:30:32.857566Z,8.5,1,BOX_OPENED,EXTRACT COMPONENT BOX,NONE,Box opened. Next step: Please take out the object.,53.2,OPEN,-0.337,-0.276,1.1,-0.337,-1.14,2.014,145.0,0.0,-137.7,1,0.102,-0.7,2.383,841.6,657.5,1274.8,975.2,-0.352,-1.175,2.051,563.0,216.0,653.0,286.0,EXTRACTED,0,0.054
19,5.361,2026-09-10T08:30:32.981415Z,8.4,1,BOX_OPENED,EXTRACT COMPONENT BOX,NONE,Box opened. Next step: Please take out the object.,53.3,OPEN,-0.329,-0.277,1.1,-0.334,-1.14,2.014,145.0,0.0,-137.7,1,0.103,-0.701,2.383,842.2,657.1,1275.3,975.0,-0.344,-1.176,2.051,571.0,215.0,661.0,285.0,EXTRACTED,0,0.053
20,5.469,2026-09-10T08:30:33.089222Z,8.6,1,BOX_OPENED,EXTRACT COMPONENT BOX,NONE,Box opened. Next step: Please take out the object.,53.0,OPEN,-0.338,-0.277,1.1,-0.334,-1.14,2.014,145.0,0.0,-137.7,1,0.102,-0.701,2.383,841.7,656.3,1274.3,974.9,-0.354,-1.176,2.051,561.0,215.0,651.0,285.0,EXTRACTED,0,0.055
21,5.582,2026-09-10T08:30:33.203172Z,9.1,1,BOX_OPENED,EXTRACT COMPONENT BOX,NONE,Box opened. Next step: Please take out the object.,52.8,OPEN,-0.338,-0.277,1.1,-0.342,-1.14,2.014,145.0,0.0,-137.7,1,0.103,-0.701,2.383,841.9,656.4,1275.1,975.7,-0.354,-1.176,2.051,561.0,215.0,651.0,285.0,EXTRACTED,0,0.053
22,5.703,2026-09-10T08:30:33.323446Z,8.5,1,BOX_OPENED,EXTRACT COMPONENT BOX,NONE,Box opened. Next step: Please take out the object.,52.4,OPEN,-0.338,-0.276,1.1,-0.342,-1.14,2.014,145.0,0.0,-137.7,1,0.103,-0.7,2.383,842.7,657.6,1275.1,975.3,-0.353,-1.175,2.051,562.0,216.0,652.0,286.0,EXTRACTED,0,0.053
23,5.807,2026-09-10T08:30:33.427607Z,8.9,1,BOX_OPENED,EXTRACT COMPONENT BOX,NONE,Box opened. Next step: Please take out the object.,52.5,OPEN,-0.335,-0.277,1.1,-0.338,-1.14,2.014,145.0,0.0,-137.7,1,0.103,-0.7,2.384,842.6,657.6,1275.2,975.5,-0.351,-1.176,2.051,564.0,215.0,654.0,285.0,EXTRACTED,0,0.053
24,5.915,2026-09-10T08:30:33.535239Z,9.4,1,BOX_OPENED,EXTRACT COMPONENT BOX,NONE,Box opened. Next step: Please take out the object.,52.5,OPEN,-0.335,-0.277,1.1,-0.336,-1.141,2.014,145.0,0.0,-137.7,1,0.103,-0.701,2.383,841.9,656.7,1275.6,975.1,-0.351,-1.176,2.051,564.0,215.0,654.0,285.0,EXTRACTED,0,0.054
25,6.027,2026-09-10T08:30:33.647475Z,9.7,2,OBJECT_EXTRACTED,EXTRACT COMPONENT BOX,NONE,Object extracted. Next step: Please return the object into the box.,52.6,OPEN,-0.338,-0.277,1.1,-0.337,-1.14,2.014,145.0,0.0,-137.7,1,0.103,-0.7,2.383,842.3,657.5,1275.2,975.1,-0.353,-1.176,2.051,562.0,215.0,652.0,285.0,EXTRACTED,0,0.054
26,6.136,2026-09-10T08:30:33.756734Z,8.4,2,OBJECT_EXTRACTED,EXTRACT COMPONENT BOX,NONE,Object extracted. Next step: Please return the object into the box.,52.9,OPEN,-0.34,-0.277,1.1,-0.34,-1.14,2.014,145.0,0.0,-137.7,1,0.103,-0.7,2.383,842.9,657.7,1274.0,974.8,-0.355,-1.176,2.051,560.0,215.0,650.0,285.0,EXTRACTED,0,0.054
27,6.249,2026-09-10T08:30:33.869261Z,8.9,2,OBJECT_EXTRACTED,EXTRACT COMPONENT BOX,NONE,Object extracted. Next step: Please return the object into the box.,52.8,OPEN,-0.34,-0.277,1.1,-0.34,-1.14,2.014,145.0,0.0,-137.7,1,0.103,-0.701,2.383,842.3,656.0,1275.0,975.7,-0.355,-1.176,2.051,560.0,215.0,650.0,285.0,EXTRACTED,0,0.054
28,6.363,2026-09-10T08:30:33.983683Z,8.8,2,OBJECT_EXTRACTED,EXTRACT COMPONENT BOX,NONE,Object extracted. Next step: Please return the object into the box.,53.9,OPEN,-0.334,-0.277,1.1,-0.336,-1.14,2.014,145.0,0.0,-137.7,1,0.103,-0.701,2.383,842.3,656.2,1275.6,975.4,-0.349,-1.176,2.051,566.0,215.0,656.0,285.0,EXTRACTED,0,0.053
29,6.465,2026-09-10T08:30:34.085448Z,9.4,2,OBJECT_EXTRACTED,EXTRACT COMPONENT BOX,NONE,Object extracted. Next step: Please return the object into the box.,53.4,OPEN,-0.334,-0.277,1.1,-0.331,-1.14,2.014,145.0,0.0,-137.7,1,0.103,-0.701,2.383,842.6,657.1,1275.2,974.8,-0.349,-1.176,2.051,566.0,215.0,656.0,285.0,EXTRACTED,0,0.055
30,6.56,2026-09-10T08:30:34.180965Z,10.5,2,OBJECT_EXTRACTED,EXTRACT COMPONENT BOX,NONE,Object extracted. Next step: Please return the object into the box.,53.2,OPEN,-0.337,-0.277,1.1,-0.333,-1.14,2.014,145.0,0.0,-137.7,1,0.103,-0.701,2.383,842.7,656.2,1275.0,974.8,-0.352,-1.176,2.051,563.0,215.0,653.0,285.0,EXTRACTED,0,0.055
31,6.676,2026-09-10T08:30:34.296759Z,8.8,2,OBJECT_EXTRACTED,EXTRACT COMPONENT BOX,NONE,Object extracted. Next step: Please return the object into the box.,53.0,OPEN,-0.337,-0.277,1.1,-0.336,-1.14,2.014,145.0,0.0,-137.7,1,0.103,-0.701,2.383,842.1,656.8,1275.8,975.1,-0.352,-1.176,2.051,563.0,215.0,653.0,285.0,EXTRACTED,0,0.054
32,6.846,2026-09-10T08:30:34.466794Z,8.1,2,OBJECT_EXTRACTED,EXTRACT COMPONENT BOX,NONE,Object extracted. Next step: Please return the object into the box.,53.4,OPEN,-0.338,-0.276,1.1,-0.336,-1.139,2.014,145.0,0.0,-137.7,1,0.103,-0.701,2.383,842.3,656.1,1274.7,974.9,-0.353,-1.175,2.051,562.0,216.0,652.0,286.0,EXTRACTED,0,0.055
33,6.999,2026-09-10T08:30:34.620115Z,5.4,2,OBJECT_EXTRACTED,EXTRACT COMPONENT BOX,NONE,Object extracted. Next step: Please return the object into the box.,53.5,OPEN,-0.331,-0.276,1.1,-0.333,-1.139,2.014,145.0,0.0,-137.7,1,0.103,-0.701,2.383,842.6,656.4,1274.5,975.2,-0.346,-1.175,2.051,569.0,216.0,659.0,286.0,EXTRACTED,0,0.053
34,7.116,2026-09-10T08:30:34.736610Z,7.9,2,OBJECT_EXTRACTED,EXTRACT COMPONENT BOX,NONE,Object extracted. Next step: Please return the object into the box.,54.1,OPEN,-0.33,-0.276,1.1,-0.328,-1.14,2.014,145.0,0.0,-137.7,1,0.103,-0.701,2.383,842.9,655.8,1274.9,975.0,-0.346,-1.175,2.051,569.0,216.0,659.0,286.0,EXTRACTED,0,0.054
35,7.222,2026-09-10T08:30:34.842617Z,8.8,2,OBJECT_EXTRACTED,EXTRACT COMPONENT BOX,NONE,Object extracted. Next step: Please return the object into the box.,54.5,OPEN,-0.337,-0.277,1.1,-0.331,-1.14,2.014,145.0,0.0,-137.7,1,0.103,-0.7,2.383,842.7,656.8,1275.6,975.6,-0.352,-1.176,2.051,563.0,215.0,653.0,285.0,EXTRACTED,0,0.056
36,7.393,2026-09-10T08:30:35.013979Z,7.9,2,OBJECT_EXTRACTED,EXTRACT COMPONENT BOX,NONE,Object extracted. Next step: Please return the object into the box.,55.2,OPEN,-0.337,-0.277,1.1,-0.337,-1.141,2.014,145.0,0.0,-137.7,1,0.102,-0.701,2.383,841.9,655.9,1274.5,975.2,-0.353,-1.176,2.051,562.0,215.0,652.0,285.0,EXTRACTED,0,0.054
37,7.51,2026-09-10T08:30:35.130732Z,6.4,2,OBJECT_EXTRACTED,EXTRACT COMPONENT BOX,NONE,Object extracted. Next step: Please return the object into the box.,55.6,OPEN,-0.337,-0.277,1.1,-0.337,-1.141,2.013,145.0,0.0,-137.7,1,0.103,-0.7,2.383,842.0,657.0,1275.3,975.1,-0.353,-1.176,2.051,562.0,215.0,652.0,285.0,EXTRACTED,0,0.054
38,7.614,2026-09-10T08:30:35.234271Z,9.4,2,OBJECT_EXTRACTED,EXTRACT COMPONENT BOX,NONE,Object extracted. Next step: Please return the object into the box.,56.3,OPEN,-0.33,-0.276,1.1,-0.334,-1.14,2.014,145.0,0.0,-137.7,1,0.103,-0.7,2.383,841.7,657.2,1276.0,975.4,-0.346,-1.175,2.051,569.0,216.0,659.0,286.0,EXTRACTED,0,0.053
39,7.739,2026-09-10T08:30:35.359303Z,9.5,2,OBJECT_EXTRACTED,EXTRACT COMPONENT BOX,NONE,Object extracted. Next step: Please return the object into the box.,56.1,OPEN,-0.33,-0.277,1.1,-0.329,-1.139,2.014,145.0,0.0,-137.7,1,0.103,-0.7,2.383,841.6,657.1,1275.1,975.4,-0.346,-1.176,2.051,569.0,215.0,659.0,285.0,EXTRACTED,0,0.055
40,7.9,2026-09-10T08:30:35.521040Z,7.0,2,OBJECT_EXTRACTED,EXTRACT COMPONENT BOX,NONE,Object extracted. Next step: Please return the object into the box.,56.0,OPEN,-0.333,-0.277,1.1,-0.33,-1.139,2.014,145.0,0.0,-137.7,1,0.103,-0.701,2.383,842.5,656.8,1275.4,974.8,-0.348,-1.176,2.051,567.0,215.0,657.0,285.0,EXTRACTED,0,0.055
41,8.092,2026-09-10T08:30:35.712944Z,5.3,2,OBJECT_EXTRACTED,EXTRACT COMPONENT BOX,NONE,Object extracted. Next step: Please return the object into the box.,55.8,OPEN,-0.338,-0.277,1.1,-0.334,-1.14,2.014,145.0,0.0,-137.7,1,0.103,-0.7,2.383,841.8,657.9,1275.2,975.0,-0.353,-1.176,2.051,562.0,215.0,652.0,285.0,EXTRACTED,0,0.055
42,8.219,2026-09-10T08:30:35.839331Z,6.0,2,OBJECT_EXTRACTED,EXTRACT COMPONENT BOX,NONE,Object extracted. Next step: Please return the object into the box.,55.6,OPEN,-0.338,-0.277,1.1,-0.336,-1.14,2.014,145.0,0.0,-137.7,1,0.103,-0.7,2.383,841.8,657.2,1275.8,975.2,-0.353,-1.176,2.051,562.0,215.0,652.0,285.0,EXTRACTED,0,0.055
43,8.418,2026-09-10T08:30:36.038524Z,6.2,2,OBJECT_EXTRACTED,EXTRACT COMPONENT BOX,NONE,Object extracted. Next step: Please return the object into the box.,56.1,OPEN,-0.334,-0.277,1.1,-0.332,-1.14,2.014,145.0,0.0,-137.7,1,0.102,-0.701,2.383,840.4,655.9,1275.9,975.0,-0.349,-1.176,2.051,566.0,215.0,656.0,285.0,EXTRACTED,0,0.054
44,8.564,2026-09-10T08:30:36.185187Z,5.7,2,OBJECT_EXTRACTED,EXTRACT COMPONENT BOX,NONE,Object extracted. Next step: Please return the object into the box.,56.6,OPEN,-0.334,-0.277,1.1,-0.333,-1.14,2.014,145.0,0.0,-137.7,1,0.102,-0.701,2.383,841.1,656.7,1273.9,974.7,-0.349,-1.176,2.051,566.0,215.0,656.0,285.0,EXTRACTED,0,0.054
45,8.673,2026-09-10T08:30:36.294090Z,8.2,2,OBJECT_EXTRACTED,EXTRACT COMPONENT BOX,NONE,Object extracted. Next step: Please return the object into the box.,56.3,OPEN,-0.336,-0.277,1.1,-0.334,-1.14,2.014,145.0,0.0,-137.7,1,0.103,-0.7,2.383,841.3,658.0,1275.3,974.5,-0.351,-1.176,2.051,564.0,215.0,654.0,285.0,EXTRACTED,0,0.054
46,8.811,2026-09-10T08:30:36.432098Z,8.3,2,OBJECT_EXTRACTED,EXTRACT COMPONENT BOX,NONE,Object extracted. Next step: Please return the object into the box.,56.1,OPEN,-0.34,-0.277,1.1,-0.337,-1.14,2.014,145.0,0.0,-137.7,1,0.103,-0.7,2.384,840.9,657.9,1276.7,975.2,-0.355,-1.176,2.051,560.0,215.0,650.0,285.0,EXTRACTED,0,0.055
47,8.939,2026-09-10T08:30:36.559609Z,7.6,2,OBJECT_EXTRACTED,IDLE,NONE,Object extracted. Next step: Please return the object into the box.,55.9,OPEN,0.096,0.106,1.1,-0.12,-0.974,2.11,145.0,0.0,-137.7,1,0.103,-0.701,2.383,840.9,656.2,1275.6,975.4,0.1,-0.83,2.251,1015.0,615.0,1105.0,685.0,DOCKED,1,0.298
48,9.049,2026-09-10T08:30:36.669995Z,8.3,2,OBJECT_EXTRACTED,APPROACH COMPONENT BOX,NONE,Object extracted. Next step: Please return the object into the box.,56.3,OPEN,0.095,0.108,1.1,0.198,-0.731,2.25,145.0,0.0,-137.7,1,0.103,-0.702,2.383,841.4,654.3,1275.7,975.2,0.099,-0.827,2.252,1014.0,618.0,1104.0,688.0,APPROACHED,1,0.138
49,9.164,2026-09-10T08:30:36.784772Z,8.8,2,OBJECT_EXTRACTED,CONTACT COMPONENT BOX,NONE,Object extracted. Next step: Please return the object into the box.,56.8,OPEN,0.095,0.107,1.1,0.103,-0.801,2.21,145.0,0.0,-137.7,1,0.102,-0.702,2.383,840.6,654.4,1274.3,975.4,0.098,-0.795,2.329,915.5,653.2,1192.8,769.4,GRASPED,1,0.119
50,9.276,2026-09-10T08:30:36.897066Z,8.7,2,OBJECT_EXTRACTED,APPROACH COMPONENT BOX,NONE,Object extracted. Next step: Please return the object into the box.,56.0,OPEN,0.095,0.107,1.1,0.056,-0.838,2.188,145.0,0.0,-137.7,1,0.102,-0.701,2.383,840.6,655.6,1274.7,975.3,0.099,-0.795,2.329,918.0,653.1,1191.2,769.7,APPROACHED,1,0.153
51,9.374,2026-09-10T08:30:36.994520Z,9.3,2,OBJECT_EXTRACTED,APPROACH COMPONENT BOX,NONE,Object extracted. Next step: Please return the object into the box.,55.3,OPEN,0.095,0.107,1.1,0.076,-0.822,2.198,145.0,0.0,-137.7,1,0.103,-0.7,2.383,841.9,657.3,1276.1,975.2,0.1,-0.794,2.329,920.8,655.9,1191.1,770.1,APPROACHED,1,0.137
52,9.471,2026-09-10T08:30:37.091522Z,10.1,2,OBJECT_EXTRACTED,APPROACH COMPONENT BOX,NONE,Object extracted. Next step: Please return the object into the box.,55.3,OPEN,0.098,0.107,1.1,0.087,-0.815,2.202,145.0,0.0,-137.7,1,0.102,-0.701,2.383,840.6,656.5,1275.0,975.3,0.099,-0.794,2.329,918.2,654.3,1191.1,769.9,APPROACHED,1,0.129
53,9.579,2026-09-10T08:30:37.200074Z,10.5,2,OBJECT_EXTRACTED,IDLE,NONE,Object extracted. Next step: Please return the object into the box.,55.2,OPEN,-0.572,-0.347,1.1,-0.244,-1.009,2.09,145.0,0.0,-137.7,1,0.102,-0.701,2.383,841.5,655.3,1274.0,974.8,0.099,-0.795,2.329,918.0,652.7,1192.3,769.9,DOCKED,1,0.47
54,9.677,2026-09-10T08:30:37.298133Z,9.3,2,OBJECT_EXTRACTED,IDLE,NONE,Object extracted. Next step: Please return the object into the box.,55.3,OPEN,0.096,0.105,1.1,-0.361,-1.077,2.05,145.0,0.0,-137.7,1,0.103,-0.701,2.383,841.8,655.9,1274.8,974.8,0.1,-0.83,2.251,1015.0,615.0,1105.0,685.0,DOCKED,1,0.561
55,9.788,2026-09-10T08:30:37.408803Z,9.8,2,OBJECT_EXTRACTED,APPROACH COMPONENT BOX,NONE,Object extracted. Next step: Please return the object into the box.,55.3,OPEN,0.096,0.108,1.1,0.317,-0.678,2.281,145.0,0.0,-137.7,1,0.103,-0.701,2.383,841.4,655.9,1275.3,975.1,0.099,-0.795,2.329,916.5,653.4,1192.5,770.1,APPROACHED,1,0.253
56,9.907,2026-09-10T08:30:37.527486Z,8.0,2,OBJECT_EXTRACTED,IDLE,NONE,Object extracted. Next step: Please return the object into the box.,54.8,OPEN,0.095,0.105,1.1,0.354,-0.655,2.294,145.0,0.0,-137.7,1,0.102,-0.701,2.383,841.3,654.9,1275.0,975.2,0.099,-0.831,2.25,1014.0,614.0,1104.0,684.0,DOCKED,1,0.313
57,10.045,2026-09-10T08:30:37.665944Z,8.8,2,OBJECT_EXTRACTED,IDLE,NONE,Object extracted. Next step: Please return the object into the box.,55.0,OPEN,-0.57,-0.347,1.1,0.006,-0.863,2.174,145.0,0.0,-137.7,1,0.103,-0.702,2.383,841.2,654.3,1275.8,975.2,-0.401,-0.785,2.277,142.0,323.0,976.0,1080.0,RELEASED,0,0.426
58,10.211,2026-09-10T08:30:37.831590Z,7.0,2,OBJECT_EXTRACTED,IDLE,NONE,Object extracted. Next step: Please return the object into the box.,54.8,OPEN,-0.571,-0.347,1.1,-0.42,-1.114,2.029,145.0,0.0,-137.7,1,0.103,-0.701,2.383,842.0,655.5,1274.6,974.7,0.098,-0.795,2.329,915.8,653.1,1191.6,770.2,DOCKED,1,0.678
59,10.342,2026-09-10T08:30:37.963180Z,6.0,2,OBJECT_EXTRACTED,CONTACT COMPONENT BOX,NONE,Object extracted. Next step: Please return the object into the box.,55.6,OPEN,0.097,0.107,1.1,0.035,-0.846,2.184,145.0,0.0,-137.7,1,0.103,-0.701,2.383,841.8,654.8,1275.3,975.2,0.101,-0.829,2.251,1016.0,616.0,1106.0,686.0,GRASPED,1,0.096
60,10.445,2026-09-10T08:30:38.065969Z,9.2,3,OBJECT_RETURNED,IDLE,NONE,Object returned. Next step: Please close the box.,54.6,OPEN,0.094,0.106,1.1,0.571,-0.53,2.367,145.0,0.0,-137.7,1,0.103,-0.701,2.383,842.0,656.9,1275.5,974.9,0.099,-0.794,2.329,917.3,655.2,1192.7,770.7,DOCKED,1,0.542
61,10.573,2026-09-10T08:30:38.194032Z,8.7,3,OBJECT_RETURNED,IDLE,NONE,Object returned. Next step: Please close the box.,54.8,OPEN,-0.572,-0.347,1.1,0.155,-0.774,2.226,145.0,0.0,-137.7,1,0.102,-0.702,2.383,841.2,654.2,1274.8,975.0,-0.454,-0.627,2.368,102.0,688.0,910.0,1080.0,RELEASED,0,0.642
62,10.697,2026-09-10T08:30:38.317230Z,7.7,3,OBJECT_RETURNED,CONTACT COMPONENT BOX,NONE,Object returned. Next step: Please close the box.,54.5,OPEN,0.095,0.107,1.1,0.085,-0.814,2.203,145.0,0.0,-137.7,1,0.102,-0.702,2.383,840.9,654.3,1274.3,975.3,0.098,-0.828,2.252,1013.0,617.0,1103.0,687.0,GRASPED,1,0.053
63,10.8,2026-09-10T08:30:38.421184Z,8.1,3,OBJECT_RETURNED,IDLE,NONE,Object returned. Next step: Please close the box.,54.4,OPEN,0.092,0.105,1.1,0.756,-0.419,2.431,145.0,0.0,-137.7,1,0.102,-0.702,2.383,841.4,654.4,1273.1,975.4,0.096,-0.831,2.25,1011.0,614.0,1101.0,684.0,DOCKED,1,0.799
64,10.916,2026-09-10T08:30:38.537005Z,9.0,3,OBJECT_RETURNED,IDLE,NONE,Object returned. Next step: Please close the box.,53.9,OPEN,0.092,0.106,1.1,0.641,-0.486,2.392,145.0,0.0,-137.7,1,0.103,-0.701,2.383,843.1,655.4,1273.8,975.7,0.095,-0.83,2.251,1010.0,615.0,1100.0,685.0,DOCKED,1,0.661
65,11.025,2026-09-10T08:30:38.645886Z,9.2,3,OBJECT_RETURNED,IDLE,NONE,Object returned. Next step: Please close the box.,54.7,OPEN,0.091,0.105,1.1,0.561,-0.532,2.366,145.0,0.0,-137.7,1,0.103,-0.702,2.383,842.4,654.0,1275.0,975.6,0.094,-0.83,2.251,1009.0,615.0,1099.0,685.0,DOCKED,1,0.566
66,11.142,2026-09-10T08:30:38.762906Z,9.5,3,OBJECT_RETURNED,IDLE,NONE,Object returned. Next step: Please close the box.,55.8,OPEN,0.092,0.106,1.1,0.501,-0.568,2.345,145.0,0.0,-137.7,1,0.103,-0.702,2.382,842.2,653.0,1275.5,975.7,0.097,-0.796,2.328,912.2,652.7,1193.7,769.2,DOCKED,1,0.464
67,11.279,2026-09-10T08:30:38.899611Z,7.6,3,OBJECT_RETURNED,IDLE,NONE,Object returned. Next step: Please close the box.,57.5,OPEN,0.09,0.105,1.1,0.491,-0.574,2.342,145.0,0.0,-137.7,1,0.103,-0.703,2.382,842.4,652.0,1274.4,975.4,0.097,-0.796,2.328,913.5,651.6,1193.1,769.1,DOCKED,1,0.452
68,11.379,2026-09-10T08:30:38.999239Z,8.3,3,OBJECT_RETURNED,IDLE,NONE,Object returned. Next step: Please close the box.,58.1,OPEN,0.1,0.107,1.1,0.449,-0.601,2.327,145.0,0.0,-137.7,1,0.103,-0.702,2.382,842.7,652.6,1273.9,976.2,0.097,-0.796,2.328,914.0,651.3,1192.2,769.5,DOCKED,1,0.403
69,11.476,2026-09-10T08:30:39.096230Z,10.4,3,OBJECT_RETURNED,IDLE,NONE,Object returned. Next step: Please close the box.,57.4,OPEN,0.09,0.105,1.1,0.386,-0.639,2.304,145.0,0.0,-137.7,1,0.103,-0.702,2.383,842.2,653.6,1274.8,975.7,0.096,-0.795,2.329,922.2,653.3,1182.4,770.6,DOCKED,1,0.33
70,11.586,2026-09-10T08:30:39.206217Z,10.3,3,OBJECT_RETURNED,APPROACH COMPONENT BOX,NONE,Object returned. Next step: Please close the box.,56.9,OPEN,0.093,0.106,1.1,0.341,-0.662,2.29,145.0,0.0,-137.7,1,0.103,-0.702,2.383,842.1,654.1,1275.3,975.4,0.099,-0.794,2.329,922.5,653.7,1186.8,771.1,APPROACHED,1,0.279
71,11.687,2026-09-10T08:30:39.307324Z,8.9,3,OBJECT_RETURNED,APPROACH COMPONENT BOX,NONE,Object returned. Next step: Please close the box.,55.6,OPEN,0.098,0.108,1.1,0.333,-0.668,2.287,145.0,0.0,-137.7,1,0.103,-0.701,2.383,841.8,654.6,1275.2,975.6,0.099,-0.795,2.329,922.1,652.5,1187.6,770.8,APPROACHED,1,0.27
72,11.788,2026-09-10T08:30:39.408729Z,9.8,3,OBJECT_RETURNED,APPROACH COMPONENT BOX,NONE,Object returned. Next step: Please close the box.,55.1,OPEN,0.09,0.108,1.1,0.305,-0.684,2.278,145.0,0.0,-137.7,1,0.103,-0.701,2.383,841.8,655.0,1275.8,975.9,0.099,-0.795,2.329,921.4,651.9,1188.9,771.1,APPROACHED,1,0.239
73,11.885,2026-09-10T08:30:39.506185Z,10.1,3,OBJECT_RETURNED,APPROACH COMPONENT BOX,NONE,Object returned. Next step: Please close the box.,54.0,OPEN,0.093,0.106,1.1,0.277,-0.699,2.269,145.0,0.0,-137.7,1,0.103,-0.702,2.382,842.5,654.2,1275.7,975.0,0.101,-0.796,2.328,922.4,651.0,1190.8,770.7,APPROACHED,1,0.209
74,11.988,2026-09-10T08:30:39.608618Z,9.7,3,OBJECT_RETURNED,APPROACH COMPONENT BOX,NONE,Object returned. Next step: Please close the box.,53.9,OPEN,0.095,0.107,1.1,0.265,-0.709,2.263,145.0,0.0,-137.7,1,0.103,-0.702,2.382,842.5,654.0,1275.2,974.9,0.104,-0.795,2.329,923.6,651.8,1195.1,770.8,APPROACHED,1,0.194
75,12.13,2026-09-10T08:30:39.751005Z,8.1,3,OBJECT_RETURNED,APPROACH COMPONENT BOX,NONE,Object returned. Next step: Please close the box.,54.0,OPEN,0.096,0.107,1.1,0.263,-0.71,2.262,145.0,0.0,-137.7,1,0.103,-0.702,2.383,842.5,654.6,1274.6,975.1,0.101,-0.795,2.329,920.4,653.9,1192.4,769.6,APPROACHED,1,0.195
76,12.26,2026-09-10T08:30:39.880220Z,7.1,3,OBJECT_RETURNED,APPROACH COMPONENT BOX,NONE,Object returned. Next step: Please close the box.,52.9,OPEN,0.097,0.107,1.1,0.258,-0.713,2.26,145.0,0.0,-137.7,1,0.103,-0.702,2.383,842.7,654.3,1274.9,975.0,0.102,-0.795,2.329,920.4,653.3,1194.9,770.1,APPROACHED,1,0.189
77,12.386,2026-09-10T08:30:40.006511Z,8.8,3,OBJECT_RETURNED,CONTACT COMPONENT BOX,NONE,Object returned. Next step: Please close the box.,52.0,OPEN,0.095,0.108,1.1,0.159,-0.77,2.228,145.0,0.0,-137.7,1,0.103,-0.702,2.382,843.1,653.4,1274.7,974.9,0.105,-0.795,2.329,923.9,653.4,1197.0,770.3,GRASPED,1,0.118
78,12.486,2026-09-10T08:30:40.106291Z,8.5,3,OBJECT_RETURNED,CONTACT COMPONENT BOX,NONE,Object returned. Next step: Please close the box.,51.6,OPEN,0.093,0.107,1.1,0.11,-0.797,2.212,145.0,0.0,-137.7,1,0.103,-0.703,2.382,843.9,652.6,1273.9,975.1,0.105,-0.795,2.329,923.9,652.8,1196.5,770.0,GRASPED,1,0.117
79,12.584,2026-09-10T08:30:40.204747Z,9.9,3,OBJECT_RETURNED,CONTACT COMPONENT BOX,NONE,Object returned. Next step: Please close the box.,51.0,OPEN,0.094,0.107,1.1,0.102,-0.802,2.209,145.0,0.0,-137.7,1,0.104,-0.703,2.382,844.2,651.8,1274.7,975.4,0.098,-0.828,2.252,1013.0,617.0,1103.0,687.0,GRASPED,1,0.05
80,12.699,2026-09-10T08:30:40.319814Z,9.7,3,OBJECT_RETURNED,APPROACH COMPONENT BOX,NONE,Object returned. Next step: Please close the box.,50.4,OPEN,0.093,0.106,1.1,0.098,-0.805,2.207,145.0,0.0,-137.7,1,0.103,-0.702,2.382,843.7,653.2,1274.4,975.3,0.103,-0.795,2.329,921.9,652.7,1196.0,770.4,APPROACHED,1,0.122
81,12.836,2026-09-10T08:30:40.456921Z,9.1,3,OBJECT_RETURNED,IDLE,NONE,Object returned. Next step: Please close the box.,50.7,OPEN,-0.495,-0.347,1.1,-0.204,-1.007,2.091,145.0,0.0,-137.7,1,0.103,-0.701,2.383,844.1,654.7,1274.2,975.7,-0.419,-0.658,2.35,96.0,616.0,986.0,1080.0,RELEASED,0,0.485
82,13.039,2026-09-10T08:30:40.659373Z,5.8,3,OBJECT_RETURNED,IDLE,NONE,Object returned. Next step: Please close the box.,50.2,OPEN,-0.486,-0.347,1.1,-0.597,-1.272,1.937,145.0,0.0,-137.7,1,0.104,-0.701,2.383,844.2,654.2,1275.7,975.8,-0.401,-0.658,2.35,141.0,616.0,976.0,1080.0,RELEASED,0,0.765
83,13.182,2026-09-10T08:30:40.802646Z,5.1,3,OBJECT_RETURNED,IDLE,NONE,Object returned. Next step: Please close the box.,50.2,OPEN,-0.479,-0.347,1.1,-0.493,-1.209,1.974,145.0,0.0,-137.7,1,0.104,-0.701,2.383,844.1,655.2,1274.9,975.3,0.105,-0.794,2.33,925.1,654.8,1196.1,771.3,DOCKED,1,0.81
84,13.33,2026-09-10T08:30:40.950266Z,7.5,3,OBJECT_RETURNED,IDLE,NONE,Object returned. Next step: Please close the box.,50.1,OPEN,-0.468,-0.347,1.1,-0.479,-1.204,1.977,145.0,0.0,-137.7,1,0.104,-0.701,2.383,843.8,655.5,1275.9,975.2,-0.399,-0.631,2.365,136.0,678.0,986.0,1080.0,RELEASED,0,0.697
85,13.498,2026-09-10T08:30:41.118836Z,6.2,3,OBJECT_RETURNED,IDLE,NONE,Object returned. Next step: Please close the box.,50.7,OPEN,-0.45,-0.347,1.1,-0.461,-1.202,1.979,145.0,0.0,-137.7,1,0.104,-0.701,2.383,844.3,654.8,1275.1,975.9,-0.39,-0.618,2.373,156.0,710.0,984.0,1080.0,RELEASED,0,0.709
86,13.628,2026-09-10T08:30:41.248849Z,7.3,3,OBJECT_RETURNED,IDLE,NONE,Object returned. Next step: Please close the box.,51.1,OPEN,-0.335,-0.347,1.1,-0.392,-1.201,1.979,145.0,0.0,-137.7,1,0.103,-0.701,2.383,843.9,654.6,1274.4,975.8,-0.389,-0.586,2.392,166.0,784.0,976.0,1080.0,RELEASED,0,0.741
87,13.753,2026-09-10T08:30:41.374097Z,7.9,3,OBJECT_RETURNED,IDLE,NONE,Object returned. Next step: Please close the box.,52.1,OPEN,-0.336,-0.347,1.1,-0.308,-1.2,1.98,145.0,0.0,-137.7,1,0.104,-0.702,2.383,844.3,654.4,1274.6,975.0,-0.435,-0.606,2.38,142.0,737.0,908.0,1080.0,RELEASED,0,0.728
88,13.863,2026-09-10T08:30:41.483652Z,7.9,3,OBJECT_RETURNED,IDLE,NONE,Object returned. Next step: Please close the box.,52.6,OPEN,-0.34,-0.347,1.1,-0.325,-1.2,1.98,145.0,0.0,-137.7,1,0.104,-0.702,2.383,844.2,654.2,1274.3,975.1,0.104,-0.795,2.329,926.5,653.4,1193.1,770.6,DOCKED,1,0.686
89,13.987,2026-09-10T08:30:41.607686Z,9.4,3,OBJECT_RETURNED,IDLE,NONE,Object returned. Next step: Please close the box.,53.3,OPEN,-0.338,-0.347,1.1,-0.334,-1.2,1.98,145.0,0.0,-137.7,1,0.103,-0.702,2.382,843.8,653.2,1274.5,975.0,-0.51,-0.62,2.372,136.0,704.0,764.0,1080.0,RELEASED,0,0.722
90,14.098,2026-09-10T08:30:41.718899Z,7.7,3,OBJECT_RETURNED,IDLE,NONE,Object returned. Next step: Please close the box.,54.5,OPEN,-0.337,-0.347,1.1,-0.336,-1.2,1.98,145.0,0.0,-137.7,1,0.103,-0.702,2.382,844.2,652.8,1274.1,975.2,0.105,-0.793,2.33,926.4,653.5,1195.7,773.3,DOCKED,1,0.695
91,14.234,2026-09-10T08:30:41.854917Z,8.2,3,OBJECT_RETURNED,IDLE,NONE,Object returned. Next step: Please close the box.,56.3,OPEN,-0.338,-0.347,1.1,-0.337,-1.2,1.979,145.0,0.0,-137.7,1,0.103,-0.701,2.383,843.4,654.1,1274.1,976.4,0.097,-0.794,2.329,923.8,653.6,1182.7,772.2,DOCKED,1,0.69
92,14.361,2026-09-10T08:30:41.982096Z,7.4,3,OBJECT_RETURNED,IDLE,NONE,Object returned. Next step: Please close the box.,56.8,OPEN,-0.34,-0.347,1.1,-0.338,-1.2,1.979,145.0,0.0,-137.7,1,0.105,-0.701,2.383,845.1,653.8,1275.6,976.2,0.106,-0.794,2.329,927.5,654.4,1196.5,770.4,DOCKED,1,0.697
93,14.496,2026-09-10T08:30:42.116881Z,7.7,3,OBJECT_RETURNED,IDLE,NONE,Object returned. Next step: Please close the box.,56.2,OPEN,-0.337,-0.347,1.1,-0.338,-1.201,1.979,145.0,0.0,-137.7,1,0.103,-0.701,2.383,843.9,653.9,1273.8,976.2,0.108,-0.794,2.329,929.1,655.5,1197.6,770.4,DOCKED,1,0.698
94,14.606,2026-09-10T08:30:42.226939Z,8.3,3,OBJECT_RETURNED,IDLE,NONE,Object returned. Next step: Please close the box.,63.4,OPEN,-0.337,-0.347,1.1,-0.335,-1.201,1.979,145.0,0.0,-137.7,1,0.103,-0.701,2.383,843.1,655.3,1274.4,975.6,0.105,-0.794,2.329,927.6,654.7,1194.4,770.3,DOCKED,1,0.694
95,14.729,2026-09-10T08:30:42.349338Z,8.0,3,OBJECT_RETURNED,IDLE,NONE,Object returned. Next step: Please close the box.,68.8,OPEN,0.095,0.108,1.1,-0.118,-1.002,2.094,145.0,0.0,-137.7,1,0.103,-0.702,2.382,843.1,653.3,1275.3,975.4,0.108,-0.795,2.329,929.3,653.5,1198.4,770.7,DOCKED,1,0.387
96,14.848,2026-09-10T08:30:42.468604Z,8.5,3,OBJECT_RETURNED,APPROACH COMPONENT BOX,NONE,Object returned. Next step: Please close the box.,72.9,OPEN,0.099,0.107,1.1,0.204,-0.71,2.262,145.0,0.0,-137.7,1,0.103,-0.701,2.383,843.2,654.9,1274.0,975.8,0.107,-0.794,2.329,929.2,654.5,1195.5,771.0,APPROACHED,1,0.145
97,14.97,2026-09-10T08:30:42.590857Z,8.9,3,OBJECT_RETURNED,APPROACH CONTAINER LID,NONE,Object returned. Next step: Please close the box.,75.9,OPEN,-0.336,-0.347,1.1,-0.06,-0.952,2.123,145.0,0.0,-137.7,1,0.103,-0.701,2.383,844.0,655.1,1274.1,975.9,0.107,-0.794,2.329,929.1,654.5,1196.5,770.8,DOCKED,1,0.309
98,15.071,2026-09-10T08:30:42.692145Z,8.3,3,OBJECT_RETURNED,IDLE,NONE,Object returned. Next step: Please close the box.,78.2,OPEN,0.096,0.108,1.1,-0.213,-1.088,2.045,145.0,0.0,-137.7,1,0.104,-0.701,2.383,844.0,654.7,1274.7,976.2,0.105,-0.794,2.329,927.0,654.1,1194.9,770.2,DOCKED,1,0.518
99,15.184,2026-09-10T08:30:42.804901Z,9.8,3,OBJECT_RETURNED,CONTACT COMPONENT BOX,NONE,Object returned. Next step: Please close the box.,71.5,OPEN,0.098,0.108,1.1,0.164,-0.746,2.242,145.0,0.0,-137.7,1,0.103,-0.702,2.383,843.7,654.2,1274.4,975.7,0.107,-0.795,2.329,929.6,653.6,1195.4,770.1,GRASPED,1,0.114
100,15.285,2026-09-10T08:30:42.906157Z,10.6,3,OBJECT_RETURNED,IDLE,NONE,Object returned. Next step: Please close the box.,65.8,OPEN,-0.335,-0.347,1.1,-0.076,-0.965,2.116,145.0,0.0,-137.7,1,0.104,-0.701,2.383,844.1,654.1,1275.0,976.3,0.106,-0.795,2.329,928.0,653.8,1195.8,770.4,DOCKED,1,0.329
101,15.382,2026-09-10T08:30:43.002997Z,9.3,3,OBJECT_RETURNED,IDLE,NONE,Object returned. Next step: Please close the box.,70.6,OPEN,0.098,0.107,1.1,-0.127,-1.011,2.089,145.0,0.0,-137.7,1,0.104,-0.701,2.383,843.7,654.4,1274.9,975.8,0.106,-0.795,2.329,927.0,653.4,1195.8,770.6,DOCKED,1,0.399
102,15.488,2026-09-10T08:30:43.108270Z,10.8,3,OBJECT_RETURNED,APPROACH COMPONENT BOX,NONE,Object returned. Next step: Please close the box.,74.2,OPEN,-0.336,-0.347,1.1,0.049,-0.85,2.182,145.0,0.0,-137.7,1,0.103,-0.702,2.382,843.5,653.5,1274.9,975.7,0.107,-0.795,2.329,928.5,652.5,1196.7,770.0,APPROACHED,1,0.167
103,15.59,2026-09-10T08:30:43.210828Z,9.7,3,OBJECT_RETURNED,APPROACH CONTAINER LID,NONE,Object returned. Next step: Please close the box.,76.9,OPEN,0.098,0.109,1.1,-0.05,-0.94,2.13,145.0,0.0,-137.7,1,0.104,-0.701,2.383,844.3,655.3,1274.4,975.4,0.106,-0.794,2.329,928.7,654.8,1195.3,770.6,DOCKED,1,0.292
104,15.691,2026-09-10T08:30:43.311583Z,9.8,3,OBJECT_RETURNED,CONTACT COMPONENT BOX,NONE,Object returned. Next step: Please close the box.,71.1,OPEN,-0.337,-0.347,1.1,0.124,-0.781,2.221,145.0,0.0,-137.7,1,0.103,-0.702,2.383,844.1,653.3,1274.3,976.4,0.105,-0.795,2.329,926.7,653.0,1195.1,770.0,GRASPED,1,0.11
105,15.785,2026-09-10T08:30:43.405909Z,10.1,3,OBJECT_RETURNED,IDLE,NONE,Object returned. Next step: Please close the box.,66.5,OPEN,-0.334,-0.347,1.1,-0.213,-1.089,2.043,145.0,0.0,-137.7,1,0.104,-0.701,2.383,844.0,654.3,1274.4,976.2,0.107,-0.794,2.329,928.9,655.6,1196.4,770.2,DOCKED,1,0.521
106,15.904,2026-09-10T08:30:43.524772Z,8.8,3,OBJECT_RETURNED,IDLE,NONE,Object returned. Next step: Please close the box.,62.7,OPEN,-0.336,-0.347,1.1,-0.181,-1.06,2.06,145.0,0.0,-137.7,1,0.103,-0.702,2.383,843.8,653.4,1274.5,976.5,0.105,-0.794,2.329,926.6,654.6,1195.3,770.0,DOCKED,1,0.475
107,16.047,2026-09-10T08:30:43.667823Z,9.1,3,OBJECT_RETURNED,IDLE,NONE,Object returned. Next step: Please close the box.,59.5,OPEN,-0.337,-0.347,1.1,-0.18,-1.057,2.062,145.0,0.0,-137.7,1,0.103,-0.702,2.382,843.8,653.2,1273.1,975.1,-0.401,-0.61,2.378,166.0,728.0,952.0,1080.0,RELEASED,0,0.591
108,16.168,2026-09-10T08:30:43.788762Z,6.5,3,OBJECT_RETURNED,IDLE,NONE,Object returned. Next step: Please close the box.,56.7,OPEN,-0.336,-0.347,1.1,-0.274,-1.144,2.012,145.0,0.0,-137.7,1,0.104,-0.702,2.383,844.5,654.0,1274.6,975.5,0.105,-0.795,2.329,927.1,653.3,1195.1,770.2,DOCKED,1,0.605
109,16.287,2026-09-10T08:30:43.907317Z,8.9,3,OBJECT_RETURNED,IDLE,NONE,Object returned. Next step: Please close the box.,55.0,OPEN,-0.336,-0.347,1.1,-0.307,-1.175,1.994,145.0,0.0,-137.7,1,0.103,-0.702,2.382,843.9,653.0,1273.0,975.2,0.107,-0.796,2.328,925.2,650.1,1199.2,771.3,DOCKED,1,0.653
110,16.397,2026-09-10T08:30:44.018118Z,8.3,3,OBJECT_RETURNED,IDLE,NONE,Object returned. Next step: Please close the box.,53.0,OPEN,-0.329,-0.347,1.1,-0.319,-1.188,1.986,145.0,0.0,-137.7,1,0.103,-0.702,2.382,844.1,653.9,1273.6,975.3,0.106,-0.796,2.328,926.4,651.9,1196.5,769.9,DOCKED,1,0.672
111,16.536,2026-09-10T08:30:44.156216Z,9.4,3,OBJECT_RETURNED,IDLE,NONE,Object returned. Next step: Please close the box.,51.9,OPEN,-0.336,-0.347,1.1,-0.324,-1.194,1.983,145.0,0.0,-137.7,1,0.103,-0.702,2.382,842.8,652.7,1273.9,975.1,-0.391,-0.586,2.391,134.0,782.0,1004.0,1080.0,RELEASED,0,0.736
112,16.633,2026-09-10T08:30:44.253379Z,7.3,3,OBJECT_RETURNED,IDLE,NONE,Object returned. Next step: Please close the box.,60.2,OPEN,-0.334,-0.347,1.1,-0.331,-1.198,1.981,145.0,0.0,-137.7,1,0.103,-0.702,2.383,843.7,654.2,1274.5,975.3,0.106,-0.795,2.329,925.4,652.5,1197.7,770.0,DOCKED,1,0.689
113,16.751,2026-09-10T08:30:44.371309Z,10.4,3,OBJECT_RETURNED,IDLE,NONE,Object returned. Next step: Please close the box.,57.3,OPEN,-0.338,-0.347,1.1,-0.331,-1.2,1.98,145.0,0.0,-137.7,1,0.104,-0.702,2.383,843.8,654.2,1275.3,975.5,-0.428,-0.626,2.368,90.0,690.0,974.0,1080.0,RELEASED,0,0.699
114,16.874,2026-09-10T08:30:44.494213Z,8.6,3,OBJECT_RETURNED,IDLE,NONE,Object returned. Next step: Please close the box.,54.4,OPEN,-0.338,-0.347,1.1,-0.333,-1.2,1.979,145.0,0.0,-137.7,1,0.104,-0.701,2.383,844.4,655.1,1274.7,976.1,-0.392,-0.594,2.387,132.0,764.0,1004.0,1080.0,RELEASED,0,0.733
115,16.992,2026-09-10T08:30:44.613163Z,8.3,3,OBJECT_RETURNED,IDLE,NONE,Object returned. Next step: Please close the box.,52.3,OPEN,-0.336,-0.347,1.1,-0.332,-1.201,1.979,145.0,0.0,-137.7,1,0.105,-0.701,2.383,844.4,654.8,1276.6,975.5,-0.419,-0.625,2.369,78.0,692.0,1004.0,1080.0,RELEASED,0,0.701
116,17.175,2026-09-10T08:30:44.795676Z,7.8,3,OBJECT_RETURNED,IDLE,NONE,Object returned. Next step: Please close the box.,51.8,OPEN,-0.333,-0.347,1.1,-0.332,-1.201,1.979,145.0,0.0,-137.7,1,0.104,-0.702,2.382,844.0,653.0,1276.0,975.4,-0.461,-0.648,2.356,142.0,640.0,856.0,1080.0,RELEASED,0,0.681
117,17.376,2026-09-10T08:30:44.996935Z,4.6,3,OBJECT_RETURNED,IDLE,NONE,Object returned. Next step: Please close the box.,52.3,OPEN,-0.334,-0.347,1.1,-0.333,-1.201,1.979,145.0,0.0,-137.7,1,0.105,-0.703,2.382,844.6,651.1,1276.2,975.1,-0.465,-0.596,2.386,131.0,759.0,858.0,1080.0,RELEASED,0,0.74
118,17.53,2026-09-10T08:30:45.150559Z,5.7,3,OBJECT_RETURNED,IDLE,NONE,Object returned. Next step: Please close the box.,52.0,OPEN,-0.337,-0.347,1.1,-0.335,-1.201,1.979,145.0,0.0,-137.7,1,0.105,-0.704,2.381,844.6,648.7,1276.1,975.0,-0.405,-0.618,2.373,150.0,710.0,960.0,1080.0,RELEASED,0,0.707
119,17.642,2026-09-10T08:30:45.262792Z,7.4,3,OBJECT_RETURNED,IDLE,NONE,Object returned. Next step: Please close the box.,60.2,OPEN,-0.338,-0.347,1.1,-0.337,-1.201,1.979,145.0,0.0,-137.7,1,0.106,-0.702,2.382,846.0,653.1,1277.6,974.8,-0.405,-0.649,2.355,140.0,638.0,970.0,1080.0,RELEASED,0,0.671
120,17.762,2026-09-10T08:30:45.382289Z,8.9,3,OBJECT_RETURNED,IDLE,NONE,Object returned. Next step: Please close the box.,66.0,OPEN,-0.339,-0.347,1.1,-0.337,-1.201,1.979,145.0,0.0,-137.7,1,0.105,-0.705,2.381,845.1,647.8,1276.3,974.9,-0.408,-0.655,2.352,96.0,624.0,1008.0,1080.0,RELEASED,0,0.665
121,17.927,2026-09-10T08:30:45.547978Z,7.1,3,OBJECT_RETURNED,IDLE,NONE,Object returned. Next step: Please close the box.,70.8,OPEN,-0.335,-0.347,1.1,-0.336,-1.201,1.979,145.0,0.0,-137.7,1,0.104,-0.695,2.387,843.7,670.9,1274.8,974.2,-0.406,-0.59,2.389,132.0,774.0,976.0,1080.0,RELEASED,0,0.739
122,18.079,2026-09-10T08:30:45.699423Z,6.4,3,OBJECT_RETURNED,IDLE,NONE,Object returned. Next step: Please close the box.,74.3,OPEN,-0.335,-0.347,1.1,-0.334,-1.201,1.979,145.0,0.0,-137.7,1,0.105,-0.701,2.383,844.6,657.0,1275.7,974.6,-0.406,-0.597,2.385,132.0,758.0,976.0,1080.0,RELEASED,0,0.732
123,18.216,2026-09-10T08:30:45.837185Z,6.5,3,OBJECT_RETURNED,IDLE,NONE,Object returned. Next step: Please close the box.,76.9,OPEN,-0.339,-0.347,1.1,-0.336,-1.2,1.98,145.0,0.0,-137.7,1,0.105,-0.704,2.381,845.0,649.7,1277.1,975.0,-0.409,-0.605,2.381,126.0,740.0,976.0,1080.0,RELEASED,0,0.722
124,18.356,2026-09-10T08:30:45.976977Z,7.5,3,OBJECT_RETURNED,IDLE,NONE,Object returned. Next step: Please close the box.,78.9,OPEN,-0.339,-0.347,1.1,-0.34,-1.2,1.98,145.0,0.0,-137.7,1,0.105,-0.7,2.383,844.4,657.9,1276.3,974.7,-0.384,-0.599,2.384,150.0,752.0,1002.0,1080.0,RELEASED,0,0.725
125,18.497,2026-09-10T08:30:46.117615Z,7.1,3,OBJECT_RETURNED,IDLE,NONE,Object returned. Next step: Please close the box.,80.4,OPEN,-0.337,-0.347,1.1,-0.338,-1.2,1.98,145.0,0.0,-137.7,1,0.103,-0.697,2.385,843.0,665.6,1274.9,974.3,-0.398,-0.628,2.368,136.0,687.0,988.0,1080.0,RELEASED,0,0.694
126,18.62,2026-09-10T08:30:46.240578Z,7.4,3,OBJECT_RETURNED,IDLE,NONE,Object returned. Next step: Please close the box.,79.0,OPEN,-0.337,-0.347,1.1,-0.337,-1.201,1.979,145.0,0.0,-137.7,1,0.105,-0.7,2.383,843.5,657.8,1277.4,974.6,-0.393,-0.627,2.368,144.0,688.0,990.0,1080.0,RELEASED,0,0.695
127,18.738,2026-09-10T08:30:46.359088Z,8.6,3,OBJECT_RETURNED,IDLE,NONE,Object returned. Next step: Please close the box.,78.2,OPEN,-0.337,-0.347,1.1,-0.337,-1.201,1.979,145.0,0.0,-137.7,1,0.106,-0.71,2.378,845.0,636.0,1279.1,975.2,-0.389,-0.619,2.372,150.0,706.0,992.0,1080.0,RELEASED,0,0.704
128,18.859,2026-09-10T08:30:46.479429Z,8.3,3,OBJECT_RETURNED,IDLE,NONE,Object returned. Next step: Please close the box.,79.9,OPEN,-0.336,-0.347,1.1,-0.337,-1.201,1.979,145.0,0.0,-137.7,1,0.104,-0.697,2.385,842.0,666.4,1276.5,974.1,-0.391,-0.618,2.373,151.0,710.0,988.0,1080.0,RELEASED,0,0.706
129,18.982,2026-09-10T08:30:46.602955Z,8.0,3,OBJECT_RETURNED,IDLE,NONE,Object returned. Next step: Please close the box.,81.2,OPEN,-0.339,-0.347,1.1,-0.338,-1.201,1.979,145.0,0.0,-137.7,1,0.105,-0.697,2.386,844.3,666.2,1276.5,974.7,-0.392,-0.619,2.372,122.0,706.0,1014.0,1080.0,RELEASED,0,0.704
130,19.099,2026-09-10T08:30:46.719301Z,8.3,3,OBJECT_RETURNED,IDLE,NONE,Object returned. Next step: Please close the box.,82.1,OPEN,-0.336,-0.347,1.1,-0.339,-1.201,1.979,145.0,0.0,-137.7,1,0.104,-0.697,2.385,842.0,666.4,1277.0,974.3,-0.404,-0.62,2.372,122.0,704.0,990.0,1080.0,RELEASED,0,0.704
131,19.22,2026-09-10T08:30:46.840955Z,8.6,3,OBJECT_RETURNED,IDLE,NONE,Object returned. Next step: Please close the box.,82.9,OPEN,-0.333,-0.347,1.1,-0.334,-1.2,1.979,145.0,0.0,-137.7,1,0.104,-0.697,2.386,841.0,666.7,1278.2,974.2,-0.406,-0.62,2.372,122.0,704.0,986.0,1080.0,RELEASED,0,0.704
132,19.339,2026-09-10T08:30:46.960069Z,8.3,3,OBJECT_RETURNED,IDLE,NONE,Object returned. Next step: Please close the box.,83.4,OPEN,-0.336,-0.347,1.1,-0.335,-1.201,1.979,145.0,0.0,-137.7,1,0.104,-0.699,2.384,841.6,662.0,1278.4,974.2,-0.427,-0.62,2.372,96.0,704.0,970.0,1080.0,RELEASED,0,0.707
133,19.453,2026-09-10T08:30:47.074020Z,8.5,3,OBJECT_RETURNED,IDLE,NONE,Object returned. Next step: Please close the box.,83.8,OPEN,-0.336,-0.347,1.1,-0.338,-1.2,1.979,145.0,0.0,-137.7,1,0.105,-0.698,2.385,842.2,664.2,1279.8,974.4,-0.395,-0.595,2.386,152.0,762.0,978.0,1080.0,RELEASED,0,0.732
134,19.57,2026-09-10T08:30:47.190418Z,8.8,3,OBJECT_RETURNED,IDLE,NONE,Object returned. Next step: Please close the box.,84.1,OPEN,-0.339,-0.347,1.1,-0.34,-1.201,1.979,145.0,0.0,-137.7,1,0.105,-0.694,2.387,842.4,673.0,1279.0,974.4,-0.422,-0.621,2.371,90.0,702.0,986.0,1080.0,RELEASED,0,0.705
135,19.682,2026-09-10T08:30:47.302789Z,8.5,3,OBJECT_RETURNED,IDLE,NONE,Object returned. Next step: Please close the box.,84.3,OPEN,-0.339,-0.347,1.1,-0.342,-1.2,1.979,145.0,0.0,-137.7,1,0.107,-0.7,2.383,844.0,657.8,1280.7,974.7,-0.424,-0.648,2.356,96.0,640.0,976.0,1080.0,RELEASED,0,0.674
136,19.828,2026-09-10T08:30:47.448904Z,7.5,3,OBJECT_RETURNED,IDLE,NONE,Object returned. Next step: Please close the box.,82.0,OPEN,-0.334,-0.347,1.1,-0.34,-1.2,1.978,145.0,0.0,-137.7,1,0.105,-0.71,2.378,840.9,636.7,1279.7,975.5,-0.401,-0.637,2.362,130.0,664.0,988.0,1080.0,RELEASED,0,0.684
137,19.964,2026-09-10T08:30:47.584978Z,7.6,3,OBJECT_RETURNED,IDLE,NONE,Object returned. Next step: Please close the box.,80.4,OPEN,-0.334,-0.347,1.1,-0.337,-1.2,1.979,145.0,0.0,-137.7,1,0.106,-0.709,2.378,841.6,638.0,1281.1,975.5,-0.427,-0.857,2.235,80.0,158.0,986.0,1080.0,RELEASED,0,0.438
138,20.084,2026-09-10T08:30:47.705096Z,7.5,3,OBJECT_RETURNED,IDLE,NONE,Object returned. Next step: Please close the box.,81.5,OPEN,-0.336,-0.347,1.1,-0.338,-1.2,1.979,145.0,0.0,-137.7,1,0.106,-0.703,2.382,843.0,650.2,1279.6,975.4,-0.4,-0.605,2.38,92.0,738.0,1028.0,1080.0,RELEASED,0,0.72
139,20.17,2026-09-10T08:30:47.790751Z,8.7,3,OBJECT_RETURNED,IDLE,NONE,Object returned. Next step: Please close the box.,81.6,OPEN,0.086,0.103,1.1,-0.115,-0.996,2.097,145.0,0.0,-137.7,1,0.105,-0.706,2.38,843.0,645.0,1279.0,975.2,0.089,-0.832,2.249,1004.0,612.0,1094.0,682.0,DOCKED,1,0.303
140,20.276,2026-09-10T08:30:47.896681Z,11.5,3,OBJECT_RETURNED,APPROACH COMPONENT BOX,NONE,Object returned. Next step: Please close the box.,82.4,OPEN,0.09,0.126,1.1,0.274,-0.629,2.309,145.0,0.0,-137.7,1,0.104,-0.704,2.381,842.5,649.0,1277.2,975.1,0.108,-0.805,2.323,924.8,632.2,1202.2,767.6,APPROACHED,1,0.243
141,20.362,2026-09-10T08:30:47.982848Z,9.9,3,OBJECT_RETURNED,APPROACH COMPONENT BOX,NONE,Object returned. Next step: Please close the box.,83.1,OPEN,0.095,0.15,1.1,0.281,-0.602,2.325,145.0,0.0,-137.7,1,0.104,-0.703,2.382,843.8,650.8,1276.0,975.2,0.109,-0.797,2.328,926.6,649.2,1202.4,770.4,APPROACHED,1,0.26
142,20.459,2026-09-10T08:30:48.079611Z,10.3,3,OBJECT_RETURNED,APPROACH COMPONENT BOX,NONE,Object returned. Next step: Please close the box.,83.5,OPEN,0.091,0.108,1.1,0.183,-0.708,2.264,145.0,0.0,-137.7,1,0.104,-0.702,2.383,844.8,654.7,1274.5,975.2,0.11,-0.79,2.332,925.1,654.7,1206.4,779.7,APPROACHED,1,0.129
143,20.56,2026-09-10T08:30:48.180433Z,11.3,3,OBJECT_RETURNED,CONTACT COMPONENT BOX,NONE,Object returned. Next step: Please close the box.,83.9,OPEN,0.078,0.115,1.1,0.124,-0.782,2.221,145.0,0.0,-137.7,1,0.104,-0.7,2.384,843.6,657.3,1275.8,976.1,0.109,-0.788,2.333,924.4,655.5,1204.1,783.7,GRASPED,1,0.113
144,20.664,2026-09-10T08:30:48.284710Z,9.6,3,OBJECT_RETURNED,APPROACH COMPONENT BOX,NONE,Object returned. Next step: Please close the box.,84.2,OPEN,0.071,0.114,1.1,0.083,-0.801,2.21,145.0,0.0,-137.7,1,0.105,-0.698,2.385,843.9,661.0,1276.4,976.6,0.111,-0.785,2.335,924.5,658.3,1208.0,787.4,APPROACHED,1,0.129
145,20.75,2026-09-10T08:30:48.370778Z,9.6,3,OBJECT_RETURNED,APPROACH COMPONENT BOX,NONE,Object returned. Next step: Please close the box.,84.4,OPEN,0.095,0.108,1.1,0.08,-0.816,2.201,145.0,0.0,-137.7,1,0.106,-0.699,2.384,845.1,659.1,1277.1,976.3,0.111,-0.787,2.333,924.8,656.4,1208.5,783.8,APPROACHED,1,0.139
146,20.843,2026-09-10T08:30:48.464206Z,11.7,3,OBJECT_RETURNED,APPROACH COMPONENT BOX,NONE,Object returned. Next step: Please close the box.,84.5,OPEN,0.079,0.113,1.1,0.085,-0.821,2.198,145.0,0.0,-137.7,1,0.106,-0.699,2.384,845.1,659.6,1278.0,976.0,0.107,-0.786,2.334,921.7,660.1,1203.5,783.0,APPROACHED,1,0.142
147,20.934,2026-09-10T08:30:48.554358Z,10.3,3,OBJECT_RETURNED,APPROACH COMPONENT BOX,NONE,Object returned. Next step: Please close the box.,84.7,OPEN,0.099,0.108,1.1,0.081,-0.823,2.197,145.0,0.0,-137.7,1,0.107,-0.7,2.384,845.9,657.3,1278.8,976.1,0.109,-0.789,2.332,922.8,657.7,1205.5,779.1,APPROACHED,1,0.142
148,21.017,2026-09-10T08:30:48.637492Z,11.7,3,OBJECT_RETURNED,APPROACH COMPONENT BOX,NONE,Object returned. Next step: Please close the box.,84.7,OPEN,0.099,0.109,1.1,0.098,-0.826,2.195,145.0,0.0,-137.7,1,0.106,-0.701,2.383,844.0,655.9,1279.4,976.1,0.11,-0.789,2.332,923.5,656.0,1206.9,779.9,APPROACHED,1,0.142
149,21.103,2026-09-10T08:30:48.724126Z,11.9,3,OBJECT_RETURNED,APPROACH COMPONENT BOX,NONE,Object returned. Next step: Please close the box.,84.8,OPEN,0.098,0.109,1.1,0.096,-0.825,2.196,145.0,0.0,-137.7,1,0.109,-0.7,2.384,845.0,656.1,1283.4,977.0,0.11,-0.789,2.332,922.2,656.5,1207.8,779.9,APPROACHED,1,0.141
150,21.195,2026-09-10T08:30:48.815492Z,11.5,3,OBJECT_RETURNED,APPROACH COMPONENT BOX,NONE,Object returned. Next step: Please close the box.,84.9,OPEN,0.097,0.109,1.1,0.094,-0.824,2.196,145.0,0.0,-137.7,1,0.11,-0.702,2.383,845.0,652.8,1285.3,976.7,0.111,-0.792,2.331,924.7,654.3,1208.0,776.1,APPROACHED,1,0.139
151,21.295,2026-09-10T08:30:48.915215Z,10.1,3,OBJECT_RETURNED,APPROACH COMPONENT BOX,NONE,Object returned. Next step: Please close the box.,84.8,OPEN,0.094,0.109,1.1,0.094,-0.814,2.202,145.0,0.0,-137.7,1,0.108,-0.703,2.382,845.4,649.7,1281.9,977.2,0.108,-0.794,2.329,921.2,651.7,1205.6,772.6,APPROACHED,1,0.129
152,21.389,2026-09-10T08:30:49.009373Z,10.1,3,OBJECT_RETURNED,APPROACH COMPONENT BOX,NONE,Object returned. Next step: Please close the box.,84.8,OPEN,0.097,0.108,1.1,0.096,-0.81,2.205,145.0,0.0,-137.7,1,0.108,-0.702,2.383,842.4,652.9,1284.9,976.8,0.109,-0.793,2.33,923.4,653.8,1205.8,772.9,APPROACHED,1,0.127
153,21.497,2026-09-10T08:30:49.117929Z,11.6,3,OBJECT_RETURNED,APPROACH COMPONENT BOX,NONE,Object returned. Next step: Please close the box.,84.9,OPEN,0.098,0.108,1.1,0.1,-0.808,2.206,145.0,0.0,-137.7,1,0.108,-0.702,2.382,843.0,651.5,1284.8,976.4,0.112,-0.795,2.329,926.7,650.7,1207.6,772.9,APPROACHED,1,0.125
154,21.587,2026-09-10T08:30:49.207532Z,9.1,3,OBJECT_RETURNED,APPROACH COMPONENT BOX,NONE,Object returned. Next step: Please close the box.,84.9,OPEN,0.1,0.109,1.1,0.102,-0.807,2.206,145.0,0.0,-137.7,1,0.111,-0.702,2.382,844.9,652.2,1287.6,976.7,0.11,-0.792,2.33,923.0,654.6,1207.4,774.7,APPROACHED,1,0.125
155,21.67,2026-09-10T08:30:49.290601Z,11.7,3,OBJECT_RETURNED,APPROACH COMPONENT BOX,NONE,Object returned. Next step: Please close the box.,84.9,OPEN,0.105,0.093,1.1,0.103,-0.813,2.203,145.0,0.0,-137.7,1,0.109,-0.702,2.382,842.9,652.5,1285.5,975.3,0.108,-0.793,2.33,921.1,654.7,1205.8,773.4,APPROACHED,1,0.129
156,21.764,2026-09-10T08:30:49.384896Z,11.8,3,OBJECT_RETURNED,APPROACH COMPONENT BOX,NONE,Object returned. Next step: Please close the box.,85.0,OPEN,0.094,0.109,1.1,0.101,-0.816,2.201,145.0,0.0,-137.7,1,0.108,-0.702,2.382,841.1,652.6,1286.7,975.6,0.108,-0.792,2.331,923.3,656.9,1204.0,773.2,APPROACHED,1,0.132
157,21.849,2026-09-10T08:30:49.470189Z,10.3,3,OBJECT_RETURNED,APPROACH COMPONENT BOX,NONE,Object returned. Next step: Please close the box.,85.0,OPEN,0.094,0.109,1.1,0.092,-0.806,2.207,145.0,0.0,-137.7,1,0.109,-0.702,2.382,841.3,652.9,1287.8,975.3,0.108,-0.792,2.331,921.0,656.5,1206.2,773.8,APPROACHED,1,0.125
158,21.94,2026-09-10T08:30:49.560852Z,11.5,3,OBJECT_RETURNED,APPROACH COMPONENT BOX,NONE,Object returned. Next step: Please close the box.,85.0,OPEN,0.099,0.109,1.1,0.096,-0.809,2.206,145.0,0.0,-137.7,1,0.107,-0.702,2.383,839.6,654.2,1286.3,975.7,0.11,-0.792,2.33,921.6,655.1,1209.7,774.2,APPROACHED,1,0.127
159,22.036,2026-09-10T08:30:49.656714Z,10.6,3,OBJECT_RETURNED,APPROACH COMPONENT BOX,NONE,Object returned. Next step: Please close the box.,85.0,OPEN,0.1,0.11,1.1,0.102,-0.81,2.205,145.0,0.0,-137.7,1,0.11,-0.703,2.382,843.7,651.4,1287.6,976.1,0.112,-0.793,2.33,924.2,654.8,1210.8,773.2,APPROACHED,1,0.127
160,22.116,2026-09-10T08:30:49.736491Z,11.7,3,OBJECT_RETURNED,APPROACH COMPONENT BOX,NONE,Object returned. Next step: Please close the box.,85.0,OPEN,0.1,0.11,1.1,0.102,-0.81,2.205,145.0,0.0,-137.7,1,0.109,-0.703,2.382,840.1,649.9,1289.2,975.9,0.11,-0.792,2.33,920.3,656.0,1211.0,772.8,APPROACHED,1,0.127
161,22.213,2026-09-10T08:30:49.834130Z,11.7,3,OBJECT_RETURNED,APPROACH COMPONENT BOX,NONE,Object returned. Next step: Please close the box.,85.0,OPEN,0.093,0.11,1.1,0.097,-0.807,2.206,145.0,0.0,-137.7,1,0.109,-0.702,2.382,842.0,652.6,1287.4,975.7,0.108,-0.792,2.33,919.0,656.5,1208.1,772.9,APPROACHED,1,0.125
162,22.31,2026-09-10T08:30:49.930577Z,9.9,3,OBJECT_RETURNED,APPROACH COMPONENT BOX,NONE,Object returned. Next step: Please close the box.,85.0,OPEN,0.096,0.11,1.1,0.094,-0.806,2.207,145.0,0.0,-137.7,1,0.108,-0.702,2.382,839.2,652.9,1288.0,975.2,0.107,-0.791,2.331,918.6,657.8,1206.9,774.7,APPROACHED,1,0.126
163,22.415,2026-09-10T08:30:50.035651Z,10.1,3,OBJECT_RETURNED,APPROACH COMPONENT BOX,NONE,Object returned. Next step: Please close the box.,85.0,OPEN,0.094,0.11,1.1,0.096,-0.806,2.207,145.0,0.0,-137.7,1,0.108,-0.701,2.383,841.5,655.3,1285.2,976.1,0.105,-0.79,2.332,919.2,658.3,1202.5,775.6,APPROACHED,1,0.126
164,22.545,2026-09-10T08:30:50.165334Z,8.4,3,OBJECT_RETURNED,APPROACH COMPONENT BOX,NONE,Object returned. Next step: Please close the box.,85.0,OPEN,0.096,0.109,1.1,0.096,-0.806,2.207,145.0,0.0,-137.7,1,0.108,-0.701,2.383,843.7,655.3,1283.9,976.1,0.109,-0.791,2.331,924.9,656.8,1204.1,775.9,APPROACHED,1,0.126
165,22.659,2026-09-10T08:30:50.279839Z,8.2,3,OBJECT_RETURNED,APPROACH COMPONENT BOX,NONE,Object returned. Next step: Please close the box.,85.0,OPEN,0.092,0.109,1.1,0.095,-0.807,2.207,145.0,0.0,-137.7,1,0.107,-0.701,2.383,840.9,654.6,1284.5,976.4,0.104,-0.792,2.33,917.0,654.4,1201.4,774.8,APPROACHED,1,0.125
166,22.834,2026-09-10T08:30:50.454435Z,6.3,3,OBJECT_RETURNED,APPROACH COMPONENT BOX,NONE,Object returned. Next step: Please close the box.,85.0,OPEN,0.093,0.109,1.1,0.092,-0.807,2.207,145.0,0.0,-137.7,1,0.108,-0.701,2.383,844.6,654.4,1283.3,976.4,0.104,-0.792,2.33,918.3,654.0,1201.4,775.7,APPROACHED,1,0.125
167,22.991,2026-09-10T08:30:50.611304Z,6.8,3,OBJECT_RETURNED,APPROACH COMPONENT BOX,NONE,Object returned. Next step: Please close the box.,85.0,OPEN,0.102,0.121,1.1,0.097,-0.801,2.21,145.0,0.0,-137.7,1,0.107,-0.699,2.384,843.5,658.2,1281.7,976.7,0.108,-0.79,2.332,925.6,655.6,1202.0,778.9,APPROACHED,1,0.122
168,23.139,2026-09-10T08:30:50.759412Z,6.5,3,OBJECT_RETURNED,CONTACT COMPONENT BOX,NONE,Object returned. Next step: Please close the box.,85.0,OPEN,0.101,0.121,1.1,0.103,-0.793,2.215,145.0,0.0,-137.7,1,0.107,-0.699,2.384,845.2,660.5,1280.0,975.7,0.108,-0.787,2.333,923.3,657.1,1204.2,782.7,GRASPED,1,0.118
169,23.252,2026-09-10T08:30:50.872599Z,7.4,3,OBJECT_RETURNED,CONTACT COMPONENT BOX,NONE,Object returned. Next step: Please close the box.,85.0,OPEN,0.103,0.121,1.1,0.102,-0.795,2.214,145.0,0.0,-137.7,1,0.107,-0.698,2.384,846.4,660.6,1279.1,976.0,0.109,-0.788,2.333,922.9,654.9,1206.4,784.0,GRASPED,1,0.119
170,23.374,2026-09-10T08:30:50.994529Z,9.2,3,OBJECT_RETURNED,APPROACH COMPONENT BOX,NONE,Object returned. Next step: Please close the box.,85.0,OPEN,0.102,0.122,1.1,0.102,-0.795,2.214,145.0,0.0,-137.7,1,0.106,-0.697,2.385,846.9,662.9,1276.0,976.0,0.11,-0.786,2.334,925.1,654.3,1205.0,788.6,APPROACHED,1,0.121
171,23.483,2026-09-10T08:30:51.103840Z,8.2,3,OBJECT_RETURNED,APPROACH COMPONENT BOX,NONE,Object returned. Next step: Please close the box.,85.0,OPEN,0.104,0.12,1.1,0.101,-0.795,2.214,145.0,0.0,-137.7,1,0.106,-0.698,2.385,846.2,661.9,1276.6,976.3,0.112,-0.784,2.335,927.1,655.5,1206.8,792.8,APPROACHED,1,0.122
172,23.569,2026-09-10T08:30:51.189847Z,10.0,3,OBJECT_RETURNED,APPROACH COMPONENT BOX,NONE,Object returned. Next step: Please close the box.,85.0,OPEN,0.101,0.119,1.1,0.101,-0.797,2.213,145.0,0.0,-137.7,1,0.104,-0.7,2.383,844.2,656.8,1275.8,975.8,0.111,-0.786,2.334,925.2,652.8,1206.7,791.0,APPROACHED,1,0.122
173,23.683,2026-09-10T08:30:51.303493Z,11.3,3,OBJECT_RETURNED,APPROACH COMPONENT BOX,NONE,Object returned. Next step: Please close the box.,85.0,OPEN,0.085,0.118,1.1,0.09,-0.798,2.212,145.0,0.0,-137.7,1,0.104,-0.702,2.383,844.2,654.6,1274.7,974.9,0.111,-0.79,2.332,928.6,650.6,1204.1,784.3,APPROACHED,1,0.122
174,23.81,2026-09-10T08:30:51.430459Z,7.8,3,OBJECT_RETURNED,APPROACH COMPONENT BOX,NONE,Object returned. Next step: Please close the box.,85.0,OPEN,0.087,0.12,1.1,0.079,-0.798,2.212,145.0,0.0,-137.7,1,0.104,-0.701,2.383,844.3,656.5,1275.3,975.3,0.112,-0.787,2.333,926.3,652.9,1208.0,787.6,APPROACHED,1,0.126
175,23.902,2026-09-10T08:30:51.522640Z,9.0,3,OBJECT_RETURNED,APPROACH COMPONENT BOX,NONE,Object returned. Next step: Please close the box.,85.0,OPEN,0.096,0.09,1.1,0.089,-0.811,2.205,145.0,0.0,-137.7,1,0.104,-0.702,2.382,843.8,653.8,1275.3,975.3,0.11,-0.79,2.332,927.5,649.5,1203.9,784.3,APPROACHED,1,0.13
176,24.019,2026-09-10T08:30:51.639403Z,10.8,3,OBJECT_RETURNED,CONTACT COMPONENT BOX,NONE,Object returned. Next step: Please close the box.,85.0,OPEN,0.095,0.169,1.1,0.098,-0.795,2.214,145.0,0.0,-137.7,1,0.105,-0.703,2.382,844.6,652.5,1275.8,974.8,0.109,-0.79,2.331,925.2,650.5,1203.6,783.0,GRASPED,1,0.118
177,24.111,2026-09-10T08:30:51.731973Z,8.6,3,OBJECT_RETURNED,CONTACT COMPONENT BOX,NONE,Object returned. Next step: Please close the box.,85.0,OPEN,0.096,0.168,1.1,0.098,-0.743,2.243,145.0,0.0,-137.7,1,0.104,-0.702,2.382,843.9,653.2,1275.2,975.4,0.11,-0.792,2.33,925.7,647.3,1204.9,782.3,GRASPED,1,0.101
178,24.201,2026-09-10T08:30:51.821238Z,10.8,3,OBJECT_RETURNED,CONTACT COMPONENT BOX,NONE,Object returned. Next step: Please close the box.,85.0,OPEN,0.098,0.087,1.1,0.1,-0.795,2.213,145.0,0.0,-137.7,1,0.104,-0.703,2.382,844.8,651.6,1274.6,974.2,0.112,-0.794,2.329,927.7,643.5,1206.4,782.0,GRASPED,1,0.117
179,24.314,2026-09-10T08:30:51.934560Z,11.4,3,OBJECT_RETURNED,APPROACH COMPONENT BOX,NONE,Object returned. Next step: Please close the box.,84.2,OPEN,0.103,0.109,1.1,0.104,-0.842,2.186,145.0,0.0,-137.7,1,0.104,-0.705,2.381,844.3,648.2,1275.7,974.5,0.114,-0.799,2.326,930.4,633.3,1208.5,781.0,APPROACHED,1,0.147
180,24.404,2026-09-10T08:30:52.024674Z,8.5,3,OBJECT_RETURNED,APPROACH COMPONENT BOX,NONE,Object returned. Next step: Please close the box.,84.4,OPEN,0.098,0.079,1.1,0.106,-0.84,2.188,145.0,0.0,-137.7,1,0.104,-0.702,2.383,845.2,654.5,1274.2,975.4,0.113,-0.789,2.332,928.9,652.6,1207.7,783.7,APPROACHED,1,0.153
181,24.535,2026-09-10T08:30:52.155811Z,9.2,3,OBJECT_RETURNED,APPROACH COMPONENT BOX,NONE,Object returned. Next step: Please close the box.,84.5,OPEN,0.114,0.086,1.1,0.109,-0.858,2.177,145.0,0.0,-137.7,1,0.105,-0.702,2.382,845.7,653.9,1274.8,975.2,0.113,-0.789,2.332,928.2,653.8,1207.6,781.6,APPROACHED,1,0.169
182,24.652,2026-09-10T08:30:52.272318Z,8.0,3,OBJECT_RETURNED,APPROACH COMPONENT BOX,NONE,Object returned. Next step: Please close the box.,84.6,OPEN,0.098,0.11,1.1,0.11,-0.843,2.186,145.0,0.0,-137.7,1,0.104,-0.702,2.382,845.2,653.9,1273.8,975.0,0.112,-0.789,2.332,929.1,655.9,1206.4,781.5,APPROACHED,1,0.156
183,24.761,2026-09-10T08:30:52.382002Z,9.1,3,OBJECT_RETURNED,APPROACH COMPONENT BOX,NONE,Object returned. Next step: Please close the box.,84.7,OPEN,0.092,0.109,1.1,0.091,-0.826,2.196,145.0,0.0,-137.7,1,0.104,-0.702,2.382,844.6,653.6,1274.1,975.5,0.111,-0.789,2.332,926.5,654.2,1206.8,781.1,APPROACHED,1,0.143
184,24.855,2026-09-10T08:30:52.475320Z,9.6,3,OBJECT_RETURNED,APPROACH COMPONENT BOX,NONE,Object returned. Next step: Please close the box.,84.8,OPEN,0.092,0.11,1.1,0.088,-0.826,2.196,145.0,0.0,-137.7,1,0.105,-0.701,2.383,845.8,655.5,1274.6,975.7,0.111,-0.787,2.333,924.2,655.9,1209.1,784.4,APPROACHED,1,0.145
185,24.956,2026-09-10T08:30:52.577192Z,10.1,3,OBJECT_RETURNED,APPROACH COMPONENT BOX,NONE,Object returned. Next step: Please close the box.,84.9,OPEN,0.098,0.111,1.1,0.092,-0.823,2.198,145.0,0.0,-137.7,1,0.105,-0.701,2.383,846.1,654.7,1275.2,975.7,0.113,-0.788,2.333,930.5,656.4,1205.8,781.5,APPROACHED,1,0.141
186,25.066,2026-09-10T08:30:52.686683Z,10.1,3,OBJECT_RETURNED,APPROACH COMPONENT BOX,NONE,Object returned. Next step: Please close the box.,84.9,OPEN,0.1,0.111,1.1,0.098,-0.821,2.199,145.0,0.0,-137.7,1,0.105,-0.701,2.383,846.7,654.8,1274.8,975.7,0.112,-0.789,2.332,929.8,656.8,1205.2,780.3,APPROACHED,1,0.138
187,25.162,2026-09-10T08:30:52.782924Z,9.4,3,OBJECT_RETURNED,APPROACH COMPONENT BOX,NONE,Object returned. Next step: Please close the box.,84.9,OPEN,0.102,0.108,1.1,0.101,-0.821,2.199,145.0,0.0,-137.7,1,0.105,-0.701,2.383,846.8,654.8,1273.6,975.4,0.112,-0.788,2.333,928.7,657.4,1205.7,781.8,APPROACHED,1,0.139
188,25.262,2026-09-10T08:30:52.882998Z,10.3,3,OBJECT_RETURNED,APPROACH COMPONENT BOX,NONE,Object returned. Next step: Please close the box.,84.9,OPEN,0.103,0.106,1.1,0.103,-0.822,2.198,145.0,0.0,-137.7,1,0.104,-0.701,2.383,846.7,655.2,1273.1,975.5,0.113,-0.787,2.333,931.6,657.7,1205.0,782.0,APPROACHED,1,0.14
189,25.36,2026-09-10T08:30:52.980828Z,10.2,3,OBJECT_RETURNED,APPROACH COMPONENT BOX,NONE,Object returned. Next step: Please close the box.,85.0,OPEN,0.099,0.107,1.1,0.1,-0.822,2.198,145.0,0.0,-137.7,1,0.105,-0.702,2.383,846.3,654.2,1274.5,975.4,0.115,-0.787,2.333,929.0,654.7,1211.0,785.2,APPROACHED,1,0.14
190,25.462,2026-09-10T08:30:53.083120Z,9.9,3,OBJECT_RETURNED,APPROACH COMPONENT BOX,NONE,Object returned. Next step: Please close the box.,85.0,OPEN,0.103,0.105,1.1,0.1,-0.821,2.198,145.0,0.0,-137.7,1,0.106,-0.702,2.382,846.9,654.1,1275.5,974.8,0.112,-0.787,2.334,926.6,657.0,1208.6,784.7,APPROACHED,1,0.14
191,25.567,2026-09-10T08:30:53.187223Z,10.7,3,OBJECT_RETURNED,CONTACT COMPONENT BOX,NONE,Object returned. Next step: Please close the box.,85.0,OPEN,0.1,0.166,1.1,0.101,-0.792,2.215,145.0,0.0,-137.7,1,0.105,-0.702,2.383,846.7,654.1,1274.1,975.2,0.113,-0.786,2.334,927.8,656.6,1208.2,785.7,GRASPED,1,0.119
192,25.669,2026-09-10T08:30:53.289340Z,9.3,3,OBJECT_RETURNED,CONTACT COMPONENT BOX,NONE,Object returned. Next step: Please close the box.,85.0,OPEN,0.098,0.166,1.1,0.097,-0.747,2.241,145.0,0.0,-137.7,1,0.105,-0.702,2.382,846.3,653.3,1274.1,975.4,0.11,-0.786,2.334,926.0,656.9,1204.3,785.0,GRASPED,1,0.102
193,25.776,2026-09-10T08:30:53.396723Z,9.0,3,OBJECT_RETURNED,CONTACT COMPONENT BOX,NONE,Object returned. Next step: Please close the box.,85.0,OPEN,0.098,0.166,1.1,0.096,-0.753,2.237,145.0,0.0,-137.7,1,0.104,-0.702,2.382,845.2,652.7,1274.3,975.5,0.11,-0.787,2.334,925.0,656.3,1206.0,785.2,GRASPED,1,0.103
194,25.883,2026-09-10T08:30:53.503977Z,9.9,3,OBJECT_RETURNED,GRASP COMPONENT BOX,NONE,Object returned. Next step: Please close the box.,85.0,OPEN,0.098,0.166,1.1,0.097,-0.756,2.236,145.0,0.0,-137.7,1,0.105,-0.702,2.382,845.6,652.7,1275.0,975.5,0.108,-0.787,2.333,924.3,655.8,1203.1,785.5,GRASPED,1,0.103
195,25.974,2026-09-10T08:30:53.595011Z,9.6,3,OBJECT_RETURNED,GRASP COMPONENT BOX,NONE,Object returned. Next step: Please close the box.,85.0,OPEN,0.097,0.165,1.1,0.097,-0.756,2.236,145.0,0.0,-137.7,1,0.104,-0.702,2.383,845.0,653.7,1275.2,975.9,0.109,-0.786,2.334,923.4,655.7,1205.8,786.2,GRASPED,1,0.103
196,26.087,2026-09-10T08:30:53.707288Z,9.3,3,OBJECT_RETURNED,GRASP COMPONENT BOX,NONE,Object returned. Next step: Please close the box.,85.0,OPEN,0.097,0.165,1.1,0.097,-0.757,2.235,145.0,0.0,-137.7,1,0.104,-0.702,2.382,845.0,653.1,1275.1,975.1,0.108,-0.787,2.333,923.6,655.6,1203.9,785.4,GRASPED,1,0.103
197,26.198,2026-09-10T08:30:53.818289Z,10.0,3,OBJECT_RETURNED,GRASP COMPONENT BOX,NONE,Object returned. Next step: Please close the box.,85.0,OPEN,0.097,0.165,1.1,0.097,-0.757,2.235,145.0,0.0,-137.7,1,0.104,-0.702,2.382,844.3,652.8,1275.4,975.7,0.11,-0.787,2.333,924.7,655.1,1205.2,784.8,GRASPED,1,0.103
198,26.328,2026-09-10T08:30:53.948571Z,8.2,3,OBJECT_RETURNED,GRASP COMPONENT BOX,NONE,Object returned. Next step: Please close the box.,85.0,OPEN,0.098,0.165,1.1,0.097,-0.757,2.235,145.0,0.0,-137.7,1,0.104,-0.702,2.382,845.0,652.8,1274.8,975.2,0.11,-0.787,2.333,925.2,654.9,1205.2,785.0,GRASPED,1,0.103
199,26.437,2026-09-10T08:30:54.057474Z,7.8,3,OBJECT_RETURNED,GRASP COMPONENT BOX,NONE,Object returned. Next step: Please close the box.,85.0,OPEN,0.096,0.164,1.1,0.097,-0.757,2.235,145.0,0.0,-137.7,1,0.104,-0.702,2.382,844.5,652.6,1275.6,975.5,0.108,-0.787,2.333,923.6,654.7,1204.1,784.9,GRASPED,1,0.103
200,26.533,2026-09-10T08:30:54.153393Z,10.8,3,OBJECT_RETURNED,GRASP COMPONENT BOX,NONE,Object returned. Next step: Please close the box.,85.0,OPEN,0.096,0.164,1.1,0.096,-0.758,2.235,145.0,0.0,-137.7,1,0.104,-0.702,2.382,844.2,652.7,1275.3,975.2,0.109,-0.787,2.333,925.3,655.1,1204.5,785.1,GRASPED,1,0.104
201,26.635,2026-09-10T08:30:54.255997Z,10.2,3,OBJECT_RETURNED,GRASP COMPONENT BOX,NONE,Object returned. Next step: Please close the box.,85.0,OPEN,0.096,0.164,1.1,0.096,-0.758,2.235,145.0,0.0,-137.7,1,0.103,-0.703,2.382,843.2,652.4,1274.3,975.3,0.11,-0.788,2.333,925.1,653.4,1206.0,785.3,GRASPED,1,0.104
202,26.737,2026-09-10T08:30:54.357738Z,9.6,3,OBJECT_RETURNED,GRASP COMPONENT BOX,NONE,Object returned. Next step: Please close the box.,85.0,OPEN,0.096,0.164,1.1,0.096,-0.758,2.235,145.0,0.0,-137.7,1,0.103,-0.702,2.382,844.3,653.3,1273.3,975.3,0.111,-0.788,2.333,925.4,654.4,1206.5,785.3,GRASPED,1,0.104
203,26.838,2026-09-10T08:30:54.458594Z,9.9,3,OBJECT_RETURNED,GRASP COMPONENT BOX,NONE,Object returned. Next step: Please close the box.,85.0,OPEN,0.094,0.164,1.1,0.095,-0.758,2.235,145.0,0.0,-137.7,1,0.104,-0.703,2.382,844.5,652.1,1274.9,975.1,0.109,-0.789,2.332,923.9,652.2,1205.9,784.5,GRASPED,1,0.104
204,26.946,2026-09-10T08:30:54.566896Z,9.1,3,OBJECT_RETURNED,GRASP COMPONENT BOX,NONE,Object returned. Next step: Please close the box.,85.0,OPEN,0.094,0.163,1.1,0.095,-0.758,2.234,145.0,0.0,-137.7,1,0.104,-0.703,2.382,844.0,652.2,1274.9,974.9,0.109,-0.789,2.332,923.5,651.8,1205.9,784.9,GRASPED,1,0.104
205,27.04,2026-09-10T08:30:54.660241Z,9.9,3,OBJECT_RETURNED,GRASP COMPONENT BOX,NONE,Object returned. Next step: Please close the box.,85.0,OPEN,0.094,0.163,1.1,0.095,-0.759,2.234,145.0,0.0,-137.7,1,0.104,-0.703,2.382,844.3,651.9,1275.0,975.2,0.11,-0.79,2.331,924.5,650.0,1205.7,783.0,GRASPED,1,0.103
206,27.15,2026-09-10T08:30:54.770589Z,10.2,3,OBJECT_RETURNED,GRASP COMPONENT BOX,NONE,Object returned. Next step: Please close the box.,85.0,OPEN,0.094,0.163,1.1,0.094,-0.759,2.234,145.0,0.0,-137.7,1,0.103,-0.703,2.382,842.8,651.7,1273.8,975.2,0.109,-0.79,2.332,923.5,651.1,1206.0,783.5,GRASPED,1,0.103
207,27.248,2026-09-10T08:30:54.868498Z,9.4,3,OBJECT_RETURNED,GRASP COMPONENT BOX,NONE,Object returned. Next step: Please close the box.,85.0,OPEN,0.085,0.081,1.1,0.09,-0.794,2.214,145.0,0.0,-137.7,1,0.103,-0.703,2.382,843.0,650.9,1275.2,975.3,0.11,-0.791,2.331,924.1,648.4,1206.3,782.6,GRASPED,1,0.119
208,27.371,2026-09-10T08:30:54.992112Z,9.7,3,OBJECT_RETURNED,APPROACH COMPONENT BOX,NONE,Object returned. Next step: Please close the box.,85.0,OPEN,0.085,0.083,1.1,0.082,-0.852,2.18,145.0,0.0,-137.7,1,0.102,-0.703,2.382,842.7,651.4,1273.5,975.0,0.109,-0.791,2.331,923.3,650.4,1205.2,782.4,APPROACHED,1,0.165
209,27.475,2026-09-10T08:30:55.095305Z,8.1,3,OBJECT_RETURNED,APPROACH COMPONENT BOX,NONE,Object returned. Next step: Please close the box.,85.0,OPEN,0.088,0.084,1.1,0.084,-0.843,2.186,145.0,0.0,-137.7,1,0.104,-0.703,2.382,844.3,651.4,1274.8,975.5,0.11,-0.79,2.331,923.8,650.9,1206.7,782.6,APPROACHED,1,0.157
210,27.588,2026-09-10T08:30:55.208557Z,9.3,3,OBJECT_RETURNED,APPROACH COMPONENT BOX,NONE,Object returned. Next step: Please close the box.,85.0,OPEN,0.094,0.107,1.1,0.09,-0.828,2.195,145.0,0.0,-137.7,1,0.104,-0.703,2.382,844.6,651.2,1274.6,975.6,0.046,-0.786,2.334,906.7,663.5,1101.1,779.8,APPROACHED,1,0.152
211,27.751,2026-09-10T08:30:55.371945Z,7.2,3,OBJECT_RETURNED,APPROACH COMPONENT BOX,NONE,Object returned. Next step: Please close the box.,85.0,OPEN,0.091,0.107,1.1,0.093,-0.81,2.204,145.0,0.0,-137.7,1,0.105,-0.702,2.382,845.6,652.7,1275.0,975.2,0.109,-0.79,2.331,924.2,651.5,1204.8,781.5,APPROACHED,1,0.13
212,27.891,2026-09-10T08:30:55.511470Z,6.7,3,OBJECT_RETURNED,APPROACH COMPONENT BOX,NONE,Object returned. Next step: Please close the box.,85.0,OPEN,0.089,0.108,1.1,0.09,-0.811,2.204,145.0,0.0,-137.7,1,0.105,-0.703,2.382,844.9,651.5,1275.6,975.0,0.108,-0.791,2.331,924.1,651.1,1203.1,781.1,APPROACHED,1,0.13
213,28.021,2026-09-10T08:30:55.641745Z,7.2,3,OBJECT_RETURNED,APPROACH COMPONENT BOX,NONE,Object returned. Next step: Please close the box.,85.0,OPEN,0.092,0.109,1.1,0.091,-0.808,2.206,145.0,0.0,-137.7,1,0.105,-0.703,2.382,845.1,650.5,1275.2,975.5,0.111,-0.791,2.331,924.4,650.6,1207.7,782.1,APPROACHED,1,0.128
214,28.144,2026-09-10T08:30:55.764717Z,8.0,3,OBJECT_RETURNED,APPROACH COMPONENT BOX,NONE,Object returned. Next step: Please close the box.,85.0,OPEN,0.09,0.108,1.1,0.093,-0.807,2.206,145.0,0.0,-137.7,1,0.105,-0.703,2.382,845.2,650.7,1276.0,975.7,0.11,-0.791,2.331,924.6,651.2,1205.8,781.6,APPROACHED,1,0.128
215,28.263,2026-09-10T08:30:55.883320Z,8.3,3,OBJECT_RETURNED,APPROACH COMPONENT BOX,NONE,Object returned. Next step: Please close the box.,85.0,OPEN,0.092,0.109,1.1,0.092,-0.807,2.206,145.0,0.0,-137.7,1,0.104,-0.703,2.382,845.1,651.7,1274.6,975.7,0.111,-0.79,2.332,925.1,651.3,1207.3,782.5,APPROACHED,1,0.128
216,28.365,2026-09-10T08:30:55.985810Z,8.8,3,OBJECT_RETURNED,APPROACH COMPONENT BOX,NONE,Object returned. Next step: Please close the box.,85.0,OPEN,0.09,0.108,1.1,0.092,-0.807,2.206,145.0,0.0,-137.7,1,0.104,-0.703,2.382,844.0,651.0,1276.0,975.6,0.11,-0.79,2.331,924.1,651.3,1206.0,782.3,APPROACHED,1,0.127
217,28.46,2026-09-10T08:30:56.080953Z,10.3,3,OBJECT_RETURNED,APPROACH COMPONENT BOX,NONE,Object returned. Next step: Please close the box.,85.0,OPEN,0.094,0.109,1.1,0.092,-0.807,2.206,145.0,0.0,-137.7,1,0.105,-0.703,2.382,846.0,651.0,1275.9,975.8,0.111,-0.79,2.331,925.3,651.2,1208.0,781.9,APPROACHED,1,0.127
218,28.565,2026-09-10T08:30:56.185674Z,10.3,3,OBJECT_RETURNED,APPROACH COMPONENT BOX,NONE,Object returned. Next step: Please close the box.,84.9,OPEN,0.095,0.109,1.1,0.095,-0.806,2.207,145.0,0.0,-137.7,1,0.104,-0.703,2.382,845.0,650.4,1274.8,975.6,0.111,-0.791,2.331,925.9,650.9,1206.8,780.3,APPROACHED,1,0.126
219,28.662,2026-09-10T08:30:56.282217Z,9.7,3,OBJECT_RETURNED,APPROACH COMPONENT BOX,NONE,Object returned. Next step: Please close the box.,85.0,OPEN,0.093,0.109,1.1,0.094,-0.806,2.207,145.0,0.0,-137.7,1,0.104,-0.703,2.382,845.9,650.9,1274.3,975.5,0.111,-0.79,2.332,923.9,651.4,1208.4,782.3,APPROACHED,1,0.126
220,28.763,2026-09-10T08:30:56.384061Z,10.2,3,OBJECT_RETURNED,APPROACH COMPONENT BOX,NONE,Object returned. Next step: Please close the box.,85.0,OPEN,0.089,0.109,1.1,0.091,-0.807,2.207,145.0,0.0,-137.7,1,0.105,-0.703,2.382,845.9,651.2,1275.3,975.1,0.108,-0.791,2.331,923.5,651.4,1203.1,780.9,APPROACHED,1,0.126
221,28.87,2026-09-10T08:30:56.490669Z,9.8,3,OBJECT_RETURNED,APPROACH COMPONENT BOX,NONE,Object returned. Next step: Please close the box.,85.0,OPEN,0.096,0.109,1.1,0.093,-0.806,2.207,145.0,0.0,-137.7,1,0.104,-0.703,2.382,845.6,650.7,1274.2,975.2,0.11,-0.791,2.331,924.0,650.8,1206.7,781.7,APPROACHED,1,0.126
222,28.98,2026-09-10T08:30:56.600402Z,8.8,3,OBJECT_RETURNED,APPROACH COMPONENT BOX,NONE,Object returned. Next step: Please close the box.,85.0,OPEN,0.096,0.109,1.1,0.099,-0.806,2.207,145.0,0.0,-137.7,1,0.104,-0.703,2.382,844.8,651.2,1275.0,975.5,0.11,-0.791,2.331,924.3,650.6,1207.1,781.7,APPROACHED,1,0.125
223,29.076,2026-09-10T08:30:56.696271Z,9.8,3,OBJECT_RETURNED,APPROACH COMPONENT BOX,NONE,Object returned. Next step: Please close the box.,84.9,OPEN,0.093,0.107,1.1,0.097,-0.806,2.207,145.0,0.0,-137.7,1,0.105,-0.704,2.381,845.5,650.0,1274.8,975.1,0.111,-0.791,2.331,924.4,649.3,1209.2,782.1,APPROACHED,1,0.126
224,29.178,2026-09-10T08:30:56.799108Z,10.2,3,OBJECT_RETURNED,APPROACH COMPONENT BOX,NONE,Object returned. Next step: Please close the box.,84.9,OPEN,0.092,0.109,1.1,0.094,-0.806,2.206,145.0,0.0,-137.7,1,0.104,-0.704,2.382,845.5,650.5,1274.6,975.0,0.11,-0.792,2.331,924.4,649.4,1207.1,780.9,APPROACHED,1,0.126
225,29.277,2026-09-10T08:30:56.897414Z,9.7,3,OBJECT_RETURNED,APPROACH COMPONENT BOX,NONE,Object returned. Next step: Please close the box.,84.8,OPEN,0.097,0.109,1.1,0.096,-0.805,2.207,145.0,0.0,-137.7,1,0.104,-0.703,2.382,844.9,651.0,1274.8,975.3,0.11,-0.792,2.331,924.2,648.9,1207.3,781.2,APPROACHED,1,0.125
226,29.419,2026-09-10T08:30:57.039424Z,8.9,3,OBJECT_RETURNED,APPROACH COMPONENT BOX,NONE,Object returned. Next step: Please close the box.,84.6,OPEN,0.098,0.109,1.1,0.1,-0.805,2.207,145.0,0.0,-137.7,1,0.104,-0.703,2.382,844.9,650.2,1273.9,975.6,0.11,-0.792,2.33,923.9,648.3,1207.0,780.9,APPROACHED,1,0.124
227,29.58,2026-09-10T08:30:57.200584Z,7.1,3,OBJECT_RETURNED,APPROACH COMPONENT BOX,NONE,Object returned. Next step: Please close the box.,84.7,OPEN,0.097,0.109,1.1,0.101,-0.805,2.207,145.0,0.0,-137.7,1,0.104,-0.703,2.382,845.1,651.3,1274.1,975.0,0.111,-0.792,2.33,924.7,648.1,1207.2,781.2,APPROACHED,1,0.124
228,29.694,2026-09-10T08:30:57.314856Z,6.7,3,OBJECT_RETURNED,APPROACH COMPONENT BOX,NONE,Object returned. Next step: Please close the box.,84.7,OPEN,0.095,0.11,1.1,0.097,-0.805,2.208,145.0,0.0,-137.7,1,0.104,-0.703,2.382,845.1,650.8,1274.4,975.6,0.111,-0.792,2.331,924.8,648.7,1207.3,781.9,APPROACHED,1,0.125
229,29.792,2026-09-10T08:30:57.413048Z,9.2,3,OBJECT_RETURNED,APPROACH COMPONENT BOX,NONE,Object returned. Next step: Please close the box.,84.7,OPEN,0.094,0.11,1.1,0.096,-0.805,2.208,145.0,0.0,-137.7,1,0.104,-0.703,2.382,845.2,651.0,1273.5,975.3,0.11,-0.792,2.33,924.5,648.1,1206.7,781.0,APPROACHED,1,0.124
230,29.882,2026-09-10T08:30:57.502783Z,11.1,3,OBJECT_RETURNED,APPROACH COMPONENT BOX,NONE,Object returned. Next step: Please close the box.,84.8,OPEN,0.098,0.111,1.1,0.097,-0.804,2.208,145.0,0.0,-137.7,1,0.104,-0.702,2.382,844.8,651.7,1275.2,976.1,0.11,-0.791,2.331,925.4,649.9,1205.4,781.9,APPROACHED,1,0.125
231,29.977,2026-09-10T08:30:57.597420Z,10.8,3,OBJECT_RETURNED,APPROACH COMPONENT BOX,NONE,Object returned. Next step: Please close the box.,84.7,OPEN,0.098,0.111,1.1,0.1,-0.804,2.208,145.0,0.0,-137.7,1,0.104,-0.703,2.382,845.0,650.6,1274.7,975.6,0.11,-0.792,2.33,923.8,648.4,1206.7,780.5,APPROACHED,1,0.123
232,30.077,2026-09-10T08:30:57.697344Z,10.9,3,OBJECT_RETURNED,APPROACH COMPONENT BOX,NONE,Object returned. Next step: Please close the box.,84.8,OPEN,0.096,0.111,1.1,0.098,-0.804,2.208,145.0,0.0,-137.7,1,0.105,-0.703,2.382,845.6,651.6,1274.9,975.6,0.11,-0.79,2.332,924.3,651.7,1205.8,782.4,APPROACHED,1,0.125
233,30.168,2026-09-10T08:30:57.788479Z,9.5,3,OBJECT_RETURNED,APPROACH COMPONENT BOX,NONE,Object returned. Next step: Please close the box.,84.8,OPEN,0.095,0.111,1.1,0.096,-0.803,2.208,145.0,0.0,-137.7,1,0.104,-0.703,2.382,845.0,650.9,1274.8,975.3,0.11,-0.793,2.33,925.2,647.8,1206.3,780.7,APPROACHED,1,0.123
234,30.257,2026-09-10T08:30:57.877265Z,11.4,3,OBJECT_RETURNED,APPROACH COMPONENT BOX,NONE,Object returned. Next step: Please close the box.,84.8,OPEN,0.089,0.111,1.1,0.093,-0.804,2.208,145.0,0.0,-137.7,1,0.104,-0.703,2.382,844.6,651.0,1274.8,975.5,0.108,-0.791,2.331,923.5,649.9,1203.1,781.0,APPROACHED,1,0.124
235,30.371,2026-09-10T08:30:57.991530Z,11.8,3,OBJECT_RETURNED,CONTACT COMPONENT BOX,NONE,Object returned. Next step: Please close the box.,84.7,OPEN,0.094,0.162,1.1,0.091,-0.781,2.221,145.0,0.0,-137.7,1,0.104,-0.703,2.382,844.9,650.4,1273.8,975.3,0.11,-0.791,2.331,924.5,649.4,1205.7,782.0,GRASPED,1,0.112
236,30.472,2026-09-10T08:30:58.092691Z,8.1,3,OBJECT_RETURNED,CONTACT COMPONENT BOX,NONE,Object returned. Next step: Please close the box.,84.8,OPEN,0.094,0.162,1.1,0.096,-0.748,2.24,145.0,0.0,-137.7,1,0.103,-0.703,2.382,844.9,651.9,1273.0,975.2,0.11,-0.79,2.332,924.5,650.9,1206.9,782.9,GRASPED,1,0.102
237,30.57,2026-09-10T08:30:58.191086Z,9.8,3,OBJECT_RETURNED,CONTACT COMPONENT BOX,NONE,Object returned. Next step: Please close the box.,84.8,OPEN,0.095,0.162,1.1,0.095,-0.758,2.234,145.0,0.0,-137.7,1,0.104,-0.703,2.382,845.6,651.5,1274.1,975.6,0.11,-0.788,2.333,924.4,654.1,1206.6,784.0,GRASPED,1,0.104
238,30.676,2026-09-10T08:30:58.297058Z,10.9,3,OBJECT_RETURNED,GRASP COMPONENT BOX,NONE,Object returned. Next step: Please close the box.,84.8,OPEN,0.097,0.112,1.1,0.096,-0.782,2.221,145.0,0.0,-137.7,1,0.103,-0.703,2.382,844.0,651.5,1274.0,975.8,0.109,-0.789,2.332,924.3,653.1,1205.2,782.9,GRASPED,1,0.113
239,30.782,2026-09-10T08:30:58.402898Z,9.3,3,OBJECT_RETURNED,APPROACH COMPONENT BOX,NONE,Object returned. Next step: Please close the box.,84.8,OPEN,0.095,0.162,1.1,0.096,-0.797,2.212,145.0,0.0,-137.7,1,0.104,-0.703,2.382,844.5,651.2,1274.1,975.4,0.11,-0.79,2.332,925.6,651.5,1206.1,782.7,APPROACHED,1,0.12
240,30.882,2026-09-10T08:30:58.502943Z,9.8,3,OBJECT_RETURNED,GRASP COMPONENT BOX,NONE,Object returned. Next step: Please close the box.,84.9,OPEN,0.095,0.161,1.1,0.094,-0.758,2.235,145.0,0.0,-137.7,1,0.104,-0.703,2.382,844.8,651.7,1273.7,975.3,0.11,-0.789,2.332,925.3,652.9,1206.1,782.4,GRASPED,1,0.103
241,30.986,2026-09-10T08:30:58.606517Z,8.3,3,OBJECT_RETURNED,GRASP COMPONENT BOX,NONE,Object returned. Next step: Please close the box.,84.5,OPEN,0.094,0.161,1.1,0.094,-0.76,2.234,145.0,0.0,-137.7,1,0.103,-0.704,2.381,844.2,649.0,1273.4,975.2,0.111,-0.791,2.331,924.6,650.9,1207.7,781.3,GRASPED,1,0.104
242,31.087,2026-09-10T08:30:58.707807Z,11.9,3,OBJECT_RETURNED,GRASP COMPONENT BOX,NONE,Object returned. Next step: Please close the box.,84.6,OPEN,0.096,0.162,1.1,0.095,-0.76,2.234,145.0,0.0,-137.7,1,0.103,-0.703,2.382,844.1,651.2,1273.8,975.6,0.111,-0.791,2.331,926.7,650.9,1206.7,780.9,GRASPED,1,0.104
243,31.19,2026-09-10T08:30:58.811068Z,8.9,3,OBJECT_RETURNED,GRASP COMPONENT BOX,NONE,Object returned. Next step: Please close the box.,84.6,OPEN,0.096,0.161,1.1,0.096,-0.76,2.234,145.0,0.0,-137.7,1,0.103,-0.704,2.382,843.2,649.6,1274.8,976.0,0.114,-0.792,2.33,927.6,649.0,1210.3,780.7,GRASPED,1,0.104
244,31.29,2026-09-10T08:30:58.910984Z,9.6,3,OBJECT_RETURNED,GRASP COMPONENT BOX,NONE,Object returned. Next step: Please close the box.,84.6,OPEN,0.096,0.161,1.1,0.096,-0.76,2.233,145.0,0.0,-137.7,1,0.103,-0.704,2.382,843.2,649.9,1274.6,975.5,0.112,-0.791,2.331,926.4,650.9,1207.8,781.6,GRASPED,1,0.104
245,31.376,2026-09-10T08:30:58.996282Z,11.7,3,OBJECT_RETURNED,GRASP COMPONENT BOX,NONE,Object returned. Next step: Please close the box.,84.7,OPEN,0.095,0.161,1.1,0.096,-0.76,2.233,145.0,0.0,-137.7,1,0.103,-0.703,2.382,843.5,651.0,1274.3,975.2,0.111,-0.791,2.331,925.4,650.5,1207.6,782.3,GRASPED,1,0.104
246,31.466,2026-09-10T08:30:59.086432Z,11.8,3,OBJECT_RETURNED,GRASP COMPONENT BOX,NONE,Object returned. Next step: Please close the box.,84.8,OPEN,0.095,0.161,1.1,0.096,-0.76,2.233,145.0,0.0,-137.7,1,0.104,-0.703,2.382,845.5,651.8,1274.6,975.3,0.111,-0.789,2.332,926.1,652.6,1206.4,782.9,GRASPED,1,0.104
247,31.551,2026-09-10T08:30:59.171560Z,10.5,3,OBJECT_RETURNED,GRASP COMPONENT BOX,NONE,Object returned. Next step: Please close the box.,84.8,OPEN,0.097,0.162,1.1,0.096,-0.76,2.233,145.0,0.0,-137.7,1,0.105,-0.702,2.382,845.7,652.5,1274.7,975.7,0.112,-0.79,2.332,928.1,655.3,1205.8,779.7,GRASPED,1,0.104
248,31.633,2026-09-10T08:30:59.254136Z,12.1,3,OBJECT_RETURNED,GRASP COMPONENT BOX,NONE,Object returned. Next step: Please close the box.,84.9,OPEN,0.097,0.162,1.1,0.097,-0.76,2.234,145.0,0.0,-137.7,1,0.104,-0.702,2.382,845.2,653.1,1273.2,975.4,0.111,-0.789,2.332,927.0,655.3,1206.3,780.1,GRASPED,1,0.104
249,31.747,2026-09-10T08:30:59.368062Z,8.8,3,OBJECT_RETURNED,GRASP COMPONENT BOX,NONE,Object returned. Next step: Please close the box.,84.9,OPEN,0.097,0.161,1.1,0.097,-0.76,2.233,145.0,0.0,-137.7,1,0.105,-0.703,2.382,845.4,652.3,1275.5,974.9,0.112,-0.788,2.333,926.3,655.0,1208.9,783.3,GRASPED,1,0.104
250,31.832,2026-09-10T08:30:59.452776Z,11.6,3,OBJECT_RETURNED,GRASP COMPONENT BOX,NONE,Object returned. Next step: Please close the box.,84.9,OPEN,0.097,0.161,1.1,0.097,-0.76,2.233,145.0,0.0,-137.7,1,0.105,-0.703,2.382,845.6,652.2,1275.1,974.5,0.112,-0.789,2.332,926.6,654.0,1207.7,782.8,GRASPED,1,0.104
251,31.921,2026-09-10T08:30:59.541738Z,12.1,3,OBJECT_RETURNED,GRASP COMPONENT BOX,NONE,Object returned. Next step: Please close the box.,84.9,OPEN,0.096,0.161,1.1,0.096,-0.76,2.233,145.0,0.0,-137.7,1,0.105,-0.702,2.382,846.0,652.8,1274.4,975.0,0.109,-0.79,2.332,926.7,656.8,1203.0,778.4,GRASPED,1,0.104
252,31.999,2026-09-10T08:30:59.619228Z,12.0,3,OBJECT_RETURNED,GRASP COMPONENT BOX,NONE,Object returned. Next step: Please close the box.,85.0,OPEN,0.096,0.161,1.1,0.096,-0.761,2.233,145.0,0.0,-137.7,1,0.104,-0.703,2.382,845.1,651.7,1275.1,974.8,0.109,-0.789,2.332,925.3,654.6,1204.2,781.9,GRASPED,1,0.104
253,32.071,2026-09-10T08:30:59.692121Z,13.3,3,OBJECT_RETURNED,GRASP COMPONENT BOX,NONE,Object returned. Next step: Please close the box.,85.0,OPEN,0.095,0.109,1.1,0.096,-0.783,2.22,145.0,0.0,-137.7,1,0.104,-0.703,2.382,845.0,652.0,1274.7,974.6,0.109,-0.789,2.332,924.0,654.1,1204.5,782.4,GRASPED,1,0.113
254,32.159,2026-09-10T08:30:59.780163Z,13.0,3,OBJECT_RETURNED,APPROACH COMPONENT BOX,NONE,Object returned. Next step: Please close the box.,85.0,OPEN,0.097,0.161,1.1,0.096,-0.796,2.213,145.0,0.0,-137.7,1,0.104,-0.702,2.382,845.2,653.3,1274.8,975.3,0.109,-0.787,2.333,924.0,656.3,1204.9,783.8,APPROACHED,1,0.121
255,32.25,2026-09-10T08:30:59.870799Z,11.7,3,OBJECT_RETURNED,GRASP COMPONENT BOX,NONE,Object returned. Next step: Please close the box.,85.0,OPEN,0.098,0.161,1.1,0.098,-0.754,2.237,145.0,0.0,-137.7,1,0.104,-0.703,2.382,844.7,652.3,1274.6,975.2,0.111,-0.789,2.332,925.8,654.5,1206.2,782.6,GRASPED,1,0.102
256,32.349,2026-09-10T08:30:59.970137Z,10.1,3,OBJECT_RETURNED,GRASP COMPONENT BOX,NONE,Object returned. Next step: Please close the box.,85.0,OPEN,0.1,0.109,1.1,0.099,-0.78,2.222,145.0,0.0,-137.7,1,0.104,-0.703,2.382,844.5,652.4,1275.1,975.3,0.11,-0.788,2.333,924.6,654.3,1206.6,783.4,GRASPED,1,0.111
257,32.44,2026-09-10T08:31:00.060566Z,10.2,3,OBJECT_RETURNED,GRASP COMPONENT BOX,NONE,Object returned. Next step: Please close the box.,85.0,OPEN,0.096,0.161,1.1,0.098,-0.787,2.218,145.0,0.0,-137.7,1,0.105,-0.702,2.382,845.6,653.0,1275.1,975.8,0.109,-0.787,2.333,923.1,655.8,1205.6,784.0,GRASPED,1,0.116
258,32.521,2026-09-10T08:31:00.141375Z,12.1,3,OBJECT_RETURNED,GRASP COMPONENT BOX,NONE,Object returned. Next step: Please close the box.,85.0,OPEN,0.095,0.161,1.1,0.095,-0.749,2.24,145.0,0.0,-137.7,1,0.104,-0.703,2.382,844.5,652.0,1274.9,975.1,0.109,-0.789,2.332,923.6,654.0,1205.4,781.7,GRASPED,1,0.102
259,32.6,2026-09-10T08:31:00.220581Z,12.0,3,OBJECT_RETURNED,GRASP COMPONENT BOX,NONE,Object returned. Next step: Please close the box.,85.0,OPEN,0.095,0.161,1.1,0.095,-0.751,2.239,145.0,0.0,-137.7,1,0.105,-0.703,2.382,845.8,650.5,1275.1,975.5,0.109,-0.79,2.332,923.1,652.5,1205.7,781.8,GRASPED,1,0.102
260,32.681,2026-09-10T08:31:00.301517Z,12.3,3,OBJECT_RETURNED,GRASP COMPONENT BOX,NONE,Object returned. Next step: Please close the box.,85.0,OPEN,0.097,0.161,1.1,0.096,-0.756,2.236,145.0,0.0,-137.7,1,0.105,-0.703,2.382,845.4,651.2,1275.1,975.5,0.11,-0.79,2.332,925.5,653.0,1206.1,781.1,GRASPED,1,0.103
261,32.756,2026-09-10T08:31:00.376375Z,13.7,3,OBJECT_RETURNED,GRASP COMPONENT BOX,NONE,Object returned. Next step: Please close the box.,85.0,OPEN,0.096,0.161,1.1,0.097,-0.758,2.234,145.0,0.0,-137.7,1,0.105,-0.703,2.382,846.1,650.8,1275.5,975.9,0.11,-0.79,2.332,925.1,652.2,1206.3,782.5,GRASPED,1,0.103
262,32.837,2026-09-10T08:31:00.457935Z,12.1,3,OBJECT_RETURNED,GRASP COMPONENT BOX,NONE,Object returned. Next step: Please close the box.,85.0,OPEN,0.098,0.162,1.1,0.097,-0.759,2.234,145.0,0.0,-137.7,1,0.105,-0.703,2.382,845.9,651.2,1275.8,976.0,0.112,-0.788,2.333,925.9,654.3,1209.2,784.0,GRASPED,1,0.104
263,32.937,2026-09-10T08:31:00.557710Z,12.0,3,OBJECT_RETURNED,GRASP COMPONENT BOX,NONE,Object returned. Next step: Please close the box.,85.0,OPEN,0.097,0.11,1.1,0.097,-0.783,2.22,145.0,0.0,-137.7,1,0.105,-0.703,2.382,845.8,650.9,1275.7,975.4,0.11,-0.789,2.332,924.6,653.9,1207.0,782.2,GRASPED,1,0.113
264,33.061,2026-09-10T08:31:00.681404Z,8.8,3,OBJECT_RETURNED,APPROACH COMPONENT BOX,NONE,Object returned. Next step: Please close the box.,85.0,OPEN,0.098,0.111,1.1,0.097,-0.815,2.201,145.0,0.0,-137.7,1,0.105,-0.702,2.382,845.8,652.6,1276.2,975.4,0.109,-0.787,2.333,923.8,655.8,1205.9,783.8,APPROACHED,1,0.135
265,33.153,2026-09-10T08:31:00.773238Z,9.6,3,OBJECT_RETURNED,GRASP COMPONENT BOX,NONE,Object returned. Next step: Please close the box.,85.0,OPEN,0.095,0.161,1.1,0.097,-0.782,2.22,145.0,0.0,-137.7,1,0.105,-0.703,2.382,845.8,651.4,1275.3,975.4,0.108,-0.79,2.332,923.7,652.7,1204.2,781.8,GRASPED,1,0.112
266,33.25,2026-09-10T08:31:00.870775Z,9.7,3,OBJECT_RETURNED,GRASP COMPONENT BOX,NONE,Object returned. Next step: Please close the box.,85.0,OPEN,0.095,0.161,1.1,0.094,-0.74,2.245,145.0,0.0,-137.7,1,0.104,-0.703,2.382,845.0,652.4,1275.0,975.1,0.108,-0.789,2.332,923.2,653.9,1204.2,782.0,GRASPED,1,0.101
267,33.354,2026-09-10T08:31:00.974539Z,9.9,3,OBJECT_RETURNED,GRASP COMPONENT BOX,NONE,Object returned. Next step: Please close the box.,85.0,OPEN,0.097,0.161,1.1,0.095,-0.742,2.243,145.0,0.0,-137.7,1,0.105,-0.703,2.382,845.6,652.0,1276.5,975.6,0.109,-0.789,2.332,923.4,654.0,1205.8,782.8,GRASPED,1,0.101
268,33.444,2026-09-10T08:31:01.064445Z,10.5,3,OBJECT_RETURNED,GRASP COMPONENT BOX,NONE,Object returned. Next step: Please close the box.,85.0,OPEN,0.096,0.162,1.1,0.096,-0.743,2.243,145.0,0.0,-137.7,1,0.106,-0.702,2.382,846.7,653.0,1276.7,975.5,0.109,-0.788,2.333,923.9,655.0,1204.9,782.8,GRASPED,1,0.101
269,33.537,2026-09-10T08:31:01.157499Z,10.5,3,OBJECT_RETURNED,GRASP COMPONENT BOX,NONE,Object returned. Next step: Please close the box.,85.0,OPEN,0.096,0.161,1.1,0.095,-0.745,2.242,145.0,0.0,-137.7,1,0.105,-0.703,2.382,845.6,651.6,1275.7,974.5,0.11,-0.789,2.332,924.5,653.1,1206.8,782.4,GRASPED,1,0.101
270,33.632,2026-09-10T08:31:01.253124Z,10.7,3,OBJECT_RETURNED,GRASP COMPONENT BOX,NONE,Object returned. Next step: Please close the box.,85.0,OPEN,0.096,0.162,1.1,0.095,-0.747,2.241,145.0,0.0,-137.7,1,0.105,-0.703,2.382,845.3,652.1,1275.3,975.6,0.11,-0.789,2.332,924.6,653.4,1205.9,782.2,GRASPED,1,0.101
271,33.751,2026-09-10T08:31:01.371759Z,8.9,3,OBJECT_RETURNED,GRASP COMPONENT BOX,NONE,Object returned. Next step: Please close the box.,85.0,OPEN,0.097,0.161,1.1,0.096,-0.747,2.241,145.0,0.0,-137.7,1,0.104,-0.702,2.382,845.2,652.8,1274.5,975.7,0.107,-0.79,2.332,922.9,654.7,1202.9,779.7,GRASPED,1,0.101
272,33.853,2026-09-10T08:31:01.473963Z,9.0,3,OBJECT_RETURNED,GRASP COMPONENT BOX,NONE,Object returned. Next step: Please close the box.,85.0,OPEN,0.096,0.161,1.1,0.096,-0.755,2.237,145.0,0.0,-137.7,1,0.105,-0.702,2.382,844.7,652.7,1275.9,975.9,0.109,-0.788,2.333,922.0,654.1,1206.3,784.3,GRASPED,1,0.103
273,33.96,2026-09-10T08:31:01.580664Z,9.5,3,OBJECT_RETURNED,GRASP COMPONENT BOX,NONE,Object returned. Next step: Please close the box.,85.0,OPEN,0.096,0.161,1.1,0.095,-0.758,2.235,145.0,0.0,-137.7,1,0.103,-0.702,2.383,843.5,653.6,1274.6,975.7,0.108,-0.787,2.333,921.0,655.0,1206.8,785.3,GRASPED,1,0.104
274,34.045,2026-09-10T08:31:01.665406Z,11.0,3,OBJECT_RETURNED,GRASP COMPONENT BOX,NONE,Object returned. Next step: Please close the box.,85.0,OPEN,0.094,0.163,1.1,0.095,-0.759,2.234,145.0,0.0,-137.7,1,0.104,-0.702,2.382,843.7,652.9,1275.2,975.5,0.107,-0.788,2.333,920.1,655.0,1204.1,783.7,GRASPED,1,0.103
275,34.135,2026-09-10T08:31:01.755493Z,11.5,3,OBJECT_RETURNED,GRASP COMPONENT BOX,NONE,Object returned. Next step: Please close the box.,85.0,OPEN,0.094,0.165,1.1,0.094,-0.757,2.235,145.0,0.0,-137.7,1,0.103,-0.701,2.383,843.8,654.9,1274.5,975.7,0.107,-0.787,2.333,921.2,657.2,1203.6,783.9,GRASPED,1,0.104
276,34.231,2026-09-10T08:31:01.851449Z,11.4,3,OBJECT_RETURNED,GRASP COMPONENT BOX,NONE,Object returned. Next step: Please close the box.,85.0,OPEN,0.094,0.162,1.1,0.094,-0.758,2.235,145.0,0.0,-137.7,1,0.104,-0.702,2.383,844.3,654.1,1275.1,975.5,0.106,-0.787,2.334,920.7,657.8,1202.0,783.9,GRASPED,1,0.104
277,34.342,2026-09-10T08:31:01.963187Z,9.2,3,OBJECT_RETURNED,GRASP COMPONENT BOX,NONE,Object returned. Next step: Please close the box.,85.0,OPEN,0.094,0.163,1.1,0.094,-0.759,2.234,145.0,0.0,-137.7,1,0.104,-0.702,2.382,844.3,654.0,1274.6,975.2,0.107,-0.787,2.334,920.8,656.9,1203.9,784.8,GRASPED,1,0.104
278,34.445,2026-09-10T08:31:02.066033Z,9.2,3,OBJECT_RETURNED,GRASP COMPONENT BOX,NONE,Object returned. Next step: Please close the box.,85.0,OPEN,0.095,0.164,1.1,0.094,-0.758,2.235,145.0,0.0,-137.7,1,0.104,-0.702,2.382,845.3,653.2,1274.9,975.7,0.109,-0.787,2.333,922.4,656.1,1206.2,784.8,GRASPED,1,0.104
279,34.544,2026-09-10T08:31:02.164499Z,10.1,3,OBJECT_RETURNED,GRASP COMPONENT BOX,NONE,Object returned. Next step: Please close the box.,85.0,OPEN,0.096,0.163,1.1,0.095,-0.759,2.234,145.0,0.0,-137.7,1,0.105,-0.702,2.382,845.6,653.1,1274.8,975.4,0.11,-0.788,2.333,923.1,655.2,1206.9,783.8,GRASPED,1,0.104
280,34.659,2026-09-10T08:31:02.279498Z,9.7,3,OBJECT_RETURNED,GRASP COMPONENT BOX,NONE,Object returned. Next step: Please close the box.,85.0,OPEN,0.096,0.162,1.1,0.096,-0.76,2.234,145.0,0.0,-137.7,1,0.104,-0.702,2.382,845.8,653.2,1274.2,975.5,0.108,-0.788,2.333,922.9,656.0,1204.4,783.6,GRASPED,1,0.104
281,34.778,2026-09-10T08:31:02.399133Z,8.2,3,OBJECT_RETURNED,GRASP COMPONENT BOX,NONE,Object returned. Next step: Please close the box.,85.0,OPEN,0.094,0.161,1.1,0.095,-0.76,2.233,145.0,0.0,-137.7,1,0.104,-0.703,2.382,845.5,651.4,1273.5,975.6,0.106,-0.79,2.332,921.7,651.7,1201.7,783.1,GRASPED,1,0.103
282,34.869,2026-09-10T08:31:02.489671Z,9.4,3,OBJECT_RETURNED,GRASP COMPONENT BOX,NONE,Object returned. Next step: Please close the box.,84.9,OPEN,0.088,0.111,1.1,0.09,-0.782,2.221,145.0,0.0,-137.7,1,0.105,-0.703,2.382,844.9,651.6,1276.5,976.0,0.105,-0.791,2.331,921.4,649.6,1199.8,783.3,GRASPED,1,0.112
283,34.97,2026-09-10T08:31:02.590785Z,11.6,3,OBJECT_RETURNED,APPROACH CONTAINER LID,NONE,Object returned. Next step: Please close the box.,85.0,OPEN,0.094,0.162,1.1,0.089,-0.795,2.214,145.0,0.0,-137.7,1,0.105,-0.702,2.382,845.4,653.4,1275.0,975.6,0.108,-0.789,2.332,923.2,654.6,1204.1,782.4,APPROACHED,1,0.12
284,35.058,2026-09-10T08:31:02.678912Z,10.0,3,OBJECT_RETURNED,APPROACH CONTAINER LID,NONE,Object returned. Next step: Please close the box.,85.0,OPEN,0.094,0.161,1.1,0.095,-0.756,2.236,145.0,0.0,-137.7,1,0.104,-0.702,2.382,844.0,653.9,1275.0,975.1,0.106,-0.788,2.333,922.5,656.1,1200.3,783.5,GRASPED,1,0.103
285,35.141,2026-09-10T08:31:02.761612Z,11.9,3,OBJECT_RETURNED,APPROACH CONTAINER LID,NONE,Object returned. Next step: Please close the box.,84.7,OPEN,0.093,0.161,1.1,0.094,-0.761,2.233,145.0,0.0,-137.7,1,0.104,-0.702,2.382,844.8,653.2,1275.5,975.8,0.107,-0.789,2.332,923.8,654.4,1200.4,782.4,GRASPED,1,0.104
286,35.279,2026-09-10T08:31:02.899335Z,8.9,3,OBJECT_RETURNED,GRASP COMPONENT BOX,NONE,Object returned. Next step: Please close the box.,84.0,OPEN,0.094,0.161,1.1,0.094,-0.761,2.233,145.0,0.0,-137.7,1,0.104,-0.702,2.382,844.6,651.9,1275.4,976.2,0.107,-0.788,2.333,923.3,654.9,1201.8,783.3,GRASPED,1,0.104
287,35.402,2026-09-10T08:31:03.022843Z,7.8,3,OBJECT_RETURNED,APPROACH CONTAINER LID,NONE,Object returned. Next step: Please close the box.,84.1,OPEN,0.091,0.161,1.1,0.093,-0.761,2.233,145.0,0.0,-137.7,1,0.103,-0.702,2.382,843.8,652.4,1274.3,975.8,0.106,-0.787,2.333,922.0,655.7,1201.8,784.6,GRASPED,1,0.105
288,35.599,2026-09-10T08:31:03.219667Z,7.1,3,OBJECT_RETURNED,GRASP COMPONENT BOX,NONE,Object returned. Next step: Please close the box.,84.3,OPEN,0.091,0.161,1.1,0.09,-0.761,2.233,145.0,0.0,-137.7,1,0.104,-0.702,2.382,844.5,652.9,1274.7,975.6,0.105,-0.788,2.333,921.5,655.6,1200.2,783.4,GRASPED,1,0.105
289,35.721,2026-09-10T08:31:03.341961Z,5.4,3,OBJECT_RETURNED,GRASP COMPONENT BOX,NONE,Object returned. Next step: Please close the box.,84.5,OPEN,0.093,0.161,1.1,0.09,-0.76,2.233,145.0,0.0,-137.7,1,0.104,-0.702,2.382,844.5,652.6,1274.9,976.1,0.107,-0.788,2.333,922.9,654.4,1201.5,783.5,GRASPED,1,0.105
290,35.813,2026-09-10T08:31:03.433554Z,9.4,3,OBJECT_RETURNED,GRASP COMPONENT BOX,NONE,Object returned. Next step: Please close the box.,84.6,OPEN,0.094,0.161,1.1,0.092,-0.761,2.233,145.0,0.0,-137.7,1,0.104,-0.703,2.382,844.3,652.0,1274.8,975.7,0.108,-0.789,2.332,923.8,653.8,1203.5,782.5,GRASPED,1,0.104
291,35.899,2026-09-10T08:31:03.519361Z,11.6,3,OBJECT_RETURNED,GRASP COMPONENT BOX,NONE,Object returned. Next step: Please close the box.,84.7,OPEN,0.094,0.161,1.1,0.093,-0.761,2.233,145.0,0.0,-137.7,1,0.105,-0.703,2.382,844.9,651.2,1275.5,975.2,0.108,-0.789,2.332,923.2,653.3,1203.6,782.1,GRASPED,1,0.104
292,35.99,2026-09-10T08:31:03.611083Z,11.5,3,OBJECT_RETURNED,GRASP COMPONENT BOX,NONE,Object returned. Next step: Please close the box.,84.4,OPEN,0.094,0.161,1.1,0.093,-0.761,2.233,145.0,0.0,-137.7,1,0.104,-0.704,2.381,844.6,649.9,1275.4,974.3,0.108,-0.789,2.332,923.0,652.5,1204.0,783.1,GRASPED,1,0.104
293,36.084,2026-09-10T08:31:03.705066Z,11.4,3,OBJECT_RETURNED,GRASP COMPONENT BOX,NONE,Object returned. Next step: Please close the box.,84.1,OPEN,0.094,0.16,1.1,0.093,-0.761,2.233,145.0,0.0,-137.7,1,0.105,-0.704,2.381,844.7,649.1,1275.9,974.5,0.108,-0.79,2.332,923.7,652.3,1202.8,781.7,GRASPED,1,0.104
294,36.167,2026-09-10T08:31:03.788195Z,10.9,3,OBJECT_RETURNED,GRASP COMPONENT BOX,NONE,Object returned. Next step: Please close the box.,83.8,OPEN,0.095,0.16,1.1,0.094,-0.761,2.233,145.0,0.0,-137.7,1,0.105,-0.704,2.381,845.3,649.5,1276.1,974.8,0.109,-0.789,2.332,924.5,654.4,1203.6,781.5,GRASPED,1,0.104
295,36.266,2026-09-10T08:31:03.886798Z,10.9,3,OBJECT_RETURNED,GRASP COMPONENT BOX,NONE,Object returned. Next step: Please close the box.,83.7,OPEN,0.095,0.16,1.1,0.095,-0.761,2.233,145.0,0.0,-137.7,1,0.106,-0.704,2.381,846.0,650.0,1276.5,974.8,0.109,-0.789,2.332,925.1,654.4,1203.2,782.0,GRASPED,1,0.104
296,36.36,2026-09-10T08:31:03.980884Z,10.1,3,OBJECT_RETURNED,GRASP COMPONENT BOX,NONE,Object returned. Next step: Please close the box.,83.7,OPEN,0.094,0.16,1.1,0.095,-0.761,2.233,145.0,0.0,-137.7,1,0.105,-0.703,2.382,845.9,650.7,1275.7,975.4,0.108,-0.789,2.332,924.9,654.5,1201.9,780.9,GRASPED,1,0.104
297,36.451,2026-09-10T08:31:04.071741Z,10.7,3,OBJECT_RETURNED,GRASP COMPONENT BOX,NONE,Object returned. Next step: Please close the box.,83.5,OPEN,0.094,0.16,1.1,0.094,-0.761,2.233,145.0,0.0,-137.7,1,0.105,-0.704,2.381,845.1,649.5,1275.3,974.5,0.108,-0.79,2.332,924.0,653.7,1203.1,780.8,GRASPED,1,0.104
298,36.547,2026-09-10T08:31:04.167911Z,11.1,3,OBJECT_RETURNED,GRASP COMPONENT BOX,NONE,Object returned. Next step: Please close the box.,83.9,OPEN,0.094,0.16,1.1,0.094,-0.761,2.233,145.0,0.0,-137.7,1,0.105,-0.704,2.382,845.5,650.2,1275.3,975.3,0.108,-0.79,2.332,924.5,653.9,1202.3,780.2,GRASPED,1,0.104
299,36.651,2026-09-10T08:31:04.271497Z,10.1,3,OBJECT_RETURNED,GRASP COMPONENT BOX,NONE,Object returned. Next step: Please close the box.,83.7,OPEN,0.094,0.16,1.1,0.094,-0.761,2.233,145.0,0.0,-137.7,1,0.105,-0.704,2.381,845.1,649.5,1275.9,974.9,0.108,-0.79,2.331,923.4,652.1,1203.1,781.1,GRASPED,1,0.104
300,36.756,2026-09-10T08:31:04.376300Z,9.6,3,OBJECT_RETURNED,GRASP COMPONENT BOX,NONE,Object returned. Next step: Please close the box.,83.6,OPEN,0.096,0.161,1.1,0.095,-0.761,2.233,145.0,0.0,-137.7,1,0.105,-0.705,2.381,845.2,648.3,1275.9,974.5,0.111,-0.79,2.331,926.2,652.6,1206.8,780.9,GRASPED,1,0.104
301,36.867,2026-09-10T08:31:04.488186Z,8.9,3,OBJECT_RETURNED,GRASP COMPONENT BOX,NONE,Object returned. Next step: Please close the box.,83.5,OPEN,0.094,0.16,1.1,0.096,-0.761,2.233,145.0,0.0,-137.7,1,0.105,-0.704,2.381,846.0,649.0,1274.3,975.6,0.108,-0.79,2.332,924.0,653.7,1202.2,781.4,GRASPED,1,0.103
302,36.972,2026-09-10T08:31:04.592944Z,10.4,3,OBJECT_RETURNED,GRASP COMPONENT BOX,NONE,Object returned. Next step: Please close the box.,83.4,OPEN,0.095,0.16,1.1,0.095,-0.761,2.233,145.0,0.0,-137.7,1,0.104,-0.704,2.381,845.5,649.6,1274.1,975.3,0.109,-0.79,2.332,924.6,654.1,1204.5,780.8,GRASPED,1,0.104
303,37.101,2026-09-10T08:31:04.721487Z,8.0,3,OBJECT_RETURNED,GRASP COMPONENT BOX,NONE,Object returned. Next step: Please close the box.,83.0,OPEN,0.094,0.16,1.1,0.095,-0.761,2.233,145.0,0.0,-137.7,1,0.105,-0.704,2.381,845.3,648.9,1275.2,975.4,0.109,-0.79,2.332,924.3,653.4,1204.1,780.8,GRASPED,1,0.104
304,37.187,2026-09-10T08:31:04.807637Z,9.1,3,OBJECT_RETURNED,GRASP COMPONENT BOX,NONE,Object returned. Next step: Please close the box.,82.6,OPEN,0.095,0.16,1.1,0.095,-0.761,2.233,145.0,0.0,-137.7,1,0.104,-0.705,2.381,845.0,647.7,1275.1,975.3,0.11,-0.79,2.332,923.9,652.5,1206.5,781.8,GRASPED,1,0.104
305,37.273,2026-09-10T08:31:04.893535Z,11.8,3,OBJECT_RETURNED,GRASP COMPONENT BOX,NONE,Object returned. Next step: Please close the box.,82.5,OPEN,0.094,0.16,1.1,0.094,-0.761,2.233,145.0,0.0,-137.7,1,0.105,-0.704,2.381,845.6,648.7,1275.4,975.2,0.108,-0.79,2.332,924.4,653.2,1202.4,780.8,GRASPED,1,0.104
306,37.375,2026-09-10T08:31:04.995682Z,10.7,3,OBJECT_RETURNED,GRASP COMPONENT BOX,NONE,Object returned. Next step: Please close the box.,82.3,OPEN,0.095,0.16,1.1,0.094,-0.761,2.233,145.0,0.0,-137.7,1,0.105,-0.704,2.381,845.6,648.4,1276.0,975.0,0.109,-0.79,2.332,924.8,654.0,1204.0,780.7,GRASPED,1,0.104
307,37.462,2026-09-10T08:31:05.082485Z,10.7,3,OBJECT_RETURNED,GRASP COMPONENT BOX,NONE,Object returned. Next step: Please close the box.,81.9,OPEN,0.096,0.16,1.1,0.095,-0.761,2.232,145.0,0.0,-137.7,1,0.105,-0.705,2.381,845.8,648.2,1274.9,974.8,0.111,-0.791,2.331,926.1,652.3,1207.0,780.3,GRASPED,1,0.104
308,37.553,2026-09-10T08:31:05.173215Z,10.9,3,OBJECT_RETURNED,GRASP COMPONENT BOX,NONE,Object returned. Next step: Please close the box.,81.9,OPEN,0.097,0.16,1.1,0.095,-0.762,2.232,145.0,0.0,-137.7,1,0.105,-0.704,2.381,846.4,648.9,1275.5,975.1,0.112,-0.791,2.331,927.0,652.6,1207.7,780.3,GRASPED,1,0.105
309,37.647,2026-09-10T08:31:05.267477Z,11.5,3,OBJECT_RETURNED,GRASP COMPONENT BOX,NONE,Object returned. Next step: Please close the box.,81.8,OPEN,0.097,0.16,1.1,0.096,-0.761,2.232,145.0,0.0,-137.7,1,0.106,-0.704,2.381,846.3,648.6,1276.3,974.7,0.112,-0.79,2.332,926.2,652.6,1207.6,781.1,GRASPED,1,0.104
310,37.736,2026-09-10T08:31:05.356753Z,10.4,3,OBJECT_RETURNED,GRASP COMPONENT BOX,NONE,Object returned. Next step: Please close the box.,82.0,OPEN,0.096,0.16,1.1,0.095,-0.761,2.233,145.0,0.0,-137.7,1,0.105,-0.704,2.381,845.3,648.8,1275.6,975.4,0.11,-0.79,2.331,925.1,652.4,1205.5,781.0,GRASPED,1,0.104
311,37.821,2026-09-10T08:31:05.441746Z,11.8,3,OBJECT_RETURNED,GRASP COMPONENT BOX,NONE,Object returned. Next step: Please close the box.,82.3,OPEN,0.096,0.16,1.1,0.096,-0.761,2.233,145.0,0.0,-137.7,1,0.105,-0.704,2.381,845.1,648.9,1276.0,974.7,0.11,-0.79,2.332,924.8,653.9,1205.2,780.7,GRASPED,1,0.104
312,37.951,2026-09-10T08:31:05.571597Z,8.5,3,OBJECT_RETURNED,GRASP COMPONENT BOX,NONE,Object returned. Next step: Please close the box.,82.5,OPEN,0.097,0.16,1.1,0.097,-0.761,2.233,145.0,0.0,-137.7,1,0.105,-0.704,2.381,846.0,649.4,1275.9,975.1,0.112,-0.79,2.331,926.8,653.0,1207.8,780.6,GRASPED,1,0.104
313,38.04,2026-09-10T08:31:05.660745Z,10.0,3,OBJECT_RETURNED,GRASP COMPONENT BOX,NONE,Object returned. Next step: Please close the box.,82.8,OPEN,0.096,0.16,1.1,0.096,-0.761,2.233,145.0,0.0,-137.7,1,0.105,-0.704,2.381,845.1,649.4,1275.4,974.8,0.11,-0.79,2.332,924.3,653.3,1205.6,781.2,GRASPED,1,0.104
314,38.137,2026-09-10T08:31:05.757555Z,10.8,3,OBJECT_RETURNED,GRASP COMPONENT BOX,NONE,Object returned. Next step: Please close the box.,82.9,OPEN,0.096,0.16,1.1,0.095,-0.761,2.232,145.0,0.0,-137.7,1,0.105,-0.704,2.381,845.8,649.9,1275.3,975.4,0.111,-0.789,2.332,925.8,653.6,1206.5,782.2,GRASPED,1,0.105
315,38.243,2026-09-10T08:31:05.863783Z,10.9,3,OBJECT_RETURNED,APPROACH CONTAINER LID,NONE,Object returned. Next step: Please close the box.,83.0,OPEN,0.096,0.16,1.1,0.095,-0.762,2.232,145.0,0.0,-137.7,1,0.105,-0.704,2.381,845.8,648.4,1275.9,975.0,0.11,-0.79,2.332,924.6,653.7,1206.5,781.4,GRASPED,1,0.105
316,38.341,2026-09-10T08:31:05.961348Z,8.9,3,OBJECT_RETURNED,APPROACH CONTAINER LID,NONE,Object returned. Next step: Please close the box.,83.0,OPEN,0.095,0.16,1.1,0.094,-0.762,2.232,145.0,0.0,-137.7,1,0.105,-0.704,2.381,846.3,648.8,1275.2,975.2,0.109,-0.789,2.332,924.4,654.3,1204.8,781.3,GRASPED,1,0.105
317,38.444,2026-09-10T08:31:06.065018Z,11.4,3,OBJECT_RETURNED,GRASP COMPONENT BOX,NONE,Object returned. Next step: Please close the box.,83.1,OPEN,0.095,0.16,1.1,0.095,-0.762,2.232,145.0,0.0,-137.7,1,0.104,-0.704,2.381,845.8,649.1,1274.4,975.1,0.111,-0.789,2.332,926.0,654.7,1206.6,781.5,GRASPED,1,0.105
318,38.534,2026-09-10T08:31:06.155145Z,9.9,3,OBJECT_RETURNED,GRASP COMPONENT BOX,NONE,Object returned. Next step: Please close the box.,83.0,OPEN,0.095,0.16,1.1,0.096,-0.762,2.232,145.0,0.0,-137.7,1,0.105,-0.704,2.381,845.9,648.8,1275.8,975.2,0.112,-0.789,2.332,925.5,653.3,1209.2,782.7,GRASPED,1,0.105
319,38.616,2026-09-10T08:31:06.236964Z,10.6,3,OBJECT_RETURNED,GRASP COMPONENT BOX,NONE,Object returned. Next step: Please close the box.,83.3,OPEN,0.096,0.16,1.1,0.096,-0.761,2.233,145.0,0.0,-137.7,1,0.105,-0.704,2.381,846.6,648.9,1274.5,974.8,0.112,-0.789,2.332,925.9,654.5,1208.0,782.2,GRASPED,1,0.105
320,38.697,2026-09-10T08:31:06.317502Z,12.6,3,OBJECT_RETURNED,GRASP COMPONENT BOX,NONE,Object returned. Next step: Please close the box.,83.7,OPEN,0.096,0.16,1.1,0.096,-0.761,2.233,145.0,0.0,-137.7,1,0.105,-0.704,2.381,845.9,649.8,1275.4,975.0,0.111,-0.788,2.333,925.3,655.0,1206.8,783.2,GRASPED,1,0.105
321,38.781,2026-09-10T08:31:06.401271Z,12.6,3,OBJECT_RETURNED,GRASP COMPONENT BOX,NONE,Object returned. Next step: Please close the box.,84.1,OPEN,0.094,0.16,1.1,0.095,-0.761,2.233,145.0,0.0,-137.7,1,0.105,-0.703,2.382,845.9,650.7,1276.0,975.1,0.109,-0.788,2.333,924.3,655.5,1204.2,783.3,GRASPED,1,0.105
322,38.862,2026-09-10T08:31:06.482587Z,11.5,3,OBJECT_RETURNED,GRASP COMPONENT BOX,NONE,Object returned. Next step: Please close the box.,84.1,OPEN,0.095,0.16,1.1,0.094,-0.761,2.233,145.0,0.0,-137.7,1,0.105,-0.704,2.381,845.8,651.1,1274.9,974.2,0.109,-0.789,2.332,924.8,653.9,1203.7,782.3,GRASPED,1,0.104
323,38.938,2026-09-10T08:31:06.558322Z,13.8,3,OBJECT_RETURNED,GRASP COMPONENT BOX,NONE,Object returned. Next step: Please close the box.,84.3,OPEN,0.095,0.16,1.1,0.095,-0.761,2.233,145.0,0.0,-137.7,1,0.105,-0.703,2.382,846.0,651.3,1274.8,974.8,0.109,-0.789,2.332,925.3,654.6,1203.9,782.8,GRASPED,1,0.104
324,39.02,2026-09-10T08:31:06.641099Z,12.1,3,OBJECT_RETURNED,GRASP COMPONENT BOX,NONE,Object returned. Next step: Please close the box.,84.5,OPEN,0.095,0.16,1.1,0.095,-0.761,2.233,145.0,0.0,-137.7,1,0.105,-0.703,2.382,846.2,651.8,1274.4,975.0,0.11,-0.788,2.333,925.5,654.2,1205.2,783.5,GRASPED,1,0.104
325,39.102,2026-09-10T08:31:06.722612Z,12.1,3,OBJECT_RETURNED,GRASP COMPONENT BOX,NONE,Object returned. Next step: Please close the box.,84.6,OPEN,0.095,0.16,1.1,0.095,-0.761,2.233,145.0,0.0,-137.7,1,0.105,-0.703,2.382,846.1,651.4,1275.2,975.1,0.11,-0.788,2.333,925.7,654.5,1205.0,783.1,GRASPED,1,0.104
326,39.187,2026-09-10T08:31:06.807839Z,12.1,3,OBJECT_RETURNED,GRASP COMPONENT BOX,NONE,Object returned. Next step: Please close the box.,84.7,OPEN,0.096,0.16,1.1,0.095,-0.761,2.233,145.0,0.0,-137.7,1,0.105,-0.703,2.382,845.7,651.0,1274.9,975.0,0.111,-0.788,2.333,925.6,655.1,1208.1,784.0,GRASPED,1,0.105
327,39.27,2026-09-10T08:31:06.890506Z,12.0,3,OBJECT_RETURNED,GRASP COMPONENT BOX,NONE,Object returned. Next step: Please close the box.,84.8,OPEN,0.096,0.16,1.1,0.096,-0.761,2.233,145.0,0.0,-137.7,1,0.104,-0.703,2.382,845.3,650.6,1274.5,975.5,0.111,-0.788,2.333,925.8,655.0,1207.8,783.5,GRASPED,1,0.105
328,39.351,2026-09-10T08:31:06.971339Z,12.2,3,OBJECT_RETURNED,GRASP COMPONENT BOX,NONE,Object returned. Next step: Please close the box.,84.8,OPEN,0.096,0.16,1.1,0.096,-0.761,2.233,145.0,0.0,-137.7,1,0.105,-0.703,2.382,845.3,650.5,1275.3,975.3,0.112,-0.787,2.333,925.3,655.3,1208.6,784.4,GRASPED,1,0.105
329,39.434,2026-09-10T08:31:07.054746Z,12.0,3,OBJECT_RETURNED,GRASP COMPONENT BOX,NONE,Object returned. Next step: Please close the box.,84.3,OPEN,0.095,0.16,1.1,0.096,-0.761,2.233,145.0,0.0,-137.7,1,0.104,-0.703,2.382,845.2,650.9,1274.3,975.6,0.109,-0.788,2.333,923.6,654.6,1204.5,783.8,GRASPED,1,0.104
330,39.513,2026-09-10T08:31:07.134089Z,12.5,3,OBJECT_RETURNED,GRASP COMPONENT BOX,NONE,Object returned. Next step: Please close the box.,84.0,OPEN,0.096,0.161,1.1,0.095,-0.761,2.233,145.0,0.0,-137.7,1,0.104,-0.704,2.381,845.2,650.5,1274.6,974.7,0.112,-0.788,2.333,926.6,654.5,1208.7,784.1,GRASPED,1,0.105
331,39.609,2026-09-10T08:31:07.229430Z,10.7,3,OBJECT_RETURNED,GRASP COMPONENT BOX,NONE,Object returned. Next step: Please close the box.,83.8,OPEN,0.094,0.16,1.1,0.096,-0.761,2.233,145.0,0.0,-137.7,1,0.103,-0.703,2.382,844.8,650.9,1273.4,975.4,0.108,-0.788,2.333,924.0,654.8,1203.4,784.0,GRASPED,1,0.104
332,39.696,2026-09-10T08:31:07.317174Z,11.4,3,OBJECT_RETURNED,GRASP COMPONENT BOX,NONE,Object returned. Next step: Please close the box.,83.7,OPEN,0.095,0.16,1.1,0.094,-0.761,2.233,145.0,0.0,-137.7,1,0.104,-0.703,2.382,845.0,651.3,1273.9,975.6,0.109,-0.788,2.333,924.4,654.4,1204.6,784.5,GRASPED,1,0.105
333,39.788,2026-09-10T08:31:07.408709Z,11.3,3,OBJECT_RETURNED,GRASP COMPONENT BOX,NONE,Object returned. Next step: Please close the box.,83.4,OPEN,0.097,0.161,1.1,0.096,-0.761,2.233,145.0,0.0,-137.7,1,0.104,-0.703,2.382,844.9,651.0,1273.8,975.8,0.111,-0.788,2.333,925.3,654.2,1206.5,784.3,GRASPED,1,0.104
334,39.871,2026-09-10T08:31:07.491749Z,11.3,3,OBJECT_RETURNED,GRASP COMPONENT BOX,NONE,Object returned. Next step: Please close the box.,83.3,OPEN,0.095,0.16,1.1,0.096,-0.761,2.233,145.0,0.0,-137.7,1,0.104,-0.703,2.382,844.6,651.1,1274.8,975.1,0.11,-0.788,2.333,924.5,655.6,1205.9,783.8,GRASPED,1,0.104
335,39.952,2026-09-10T08:31:07.572274Z,12.6,3,OBJECT_RETURNED,GRASP COMPONENT BOX,NONE,Object returned. Next step: Please close the box.,83.1,OPEN,0.095,0.16,1.1,0.094,-0.761,2.233,145.0,0.0,-137.7,1,0.104,-0.703,2.382,844.5,650.9,1275.0,974.9,0.111,-0.787,2.333,924.4,655.2,1207.8,785.1,GRASPED,1,0.105
336,40.036,2026-09-10T08:31:07.656696Z,12.2,3,OBJECT_RETURNED,GRASP COMPONENT BOX,NONE,Object returned. Next step: Please close the box.,82.9,OPEN,0.096,0.16,1.1,0.094,-0.761,2.233,145.0,0.0,-137.7,1,0.105,-0.703,2.382,845.1,650.4,1275.9,975.6,0.112,-0.788,2.333,925.6,655.1,1209.1,784.6,GRASPED,1,0.105
337,40.12,2026-09-10T08:31:07.740523Z,11.9,3,OBJECT_RETURNED,GRASP COMPONENT BOX,NONE,Object returned. Next step: Please close the box.,82.6,OPEN,0.097,0.161,1.1,0.096,-0.761,2.233,145.0,0.0,-137.7,1,0.104,-0.704,2.381,845.1,650.5,1274.1,974.9,0.112,-0.788,2.333,925.6,653.8,1208.8,785.7,GRASPED,1,0.105
338,40.213,2026-09-10T08:31:07.833269Z,11.6,3,OBJECT_RETURNED,GRASP COMPONENT BOX,NONE,Object returned. Next step: Please close the box.,83.2,OPEN,0.097,0.161,1.1,0.096,-0.76,2.233,145.0,0.0,-137.7,1,0.104,-0.703,2.382,845.1,651.3,1275.1,975.0,0.111,-0.787,2.333,925.3,654.4,1207.3,785.7,GRASPED,1,0.105
339,40.301,2026-09-10T08:31:07.921402Z,10.3,3,OBJECT_RETURNED,GRASP COMPONENT BOX,NONE,Object returned. Next step: Please close the box.,83.1,OPEN,0.096,0.161,1.1,0.096,-0.76,2.233,145.0,0.0,-137.7,1,0.105,-0.703,2.382,845.3,650.7,1275.3,975.0,0.11,-0.788,2.333,924.4,653.8,1207.1,785.3,GRASPED,1,0.104
340,40.382,2026-09-10T08:31:08.003096Z,12.1,3,OBJECT_RETURNED,GRASP COMPONENT BOX,NONE,Object returned. Next step: Please close the box.,83.3,OPEN,0.095,0.161,1.1,0.096,-0.761,2.233,145.0,0.0,-137.7,1,0.104,-0.703,2.382,845.1,650.8,1273.7,975.0,0.109,-0.788,2.333,924.2,654.1,1205.4,784.7,GRASPED,1,0.104
341,40.471,2026-09-10T08:31:08.091537Z,12.0,3,OBJECT_RETURNED,GRASP COMPONENT BOX,NONE,Object returned. Next step: Please close the box.,83.2,OPEN,0.095,0.161,1.1,0.096,-0.761,2.233,145.0,0.0,-137.7,1,0.105,-0.703,2.382,845.5,651.1,1275.1,975.6,0.11,-0.788,2.333,925.8,655.4,1205.5,784.2,GRASPED,1,0.105
342,40.552,2026-09-10T08:31:08.173101Z,11.7,3,OBJECT_RETURNED,GRASP COMPONENT BOX,NONE,Object returned. Next step: Please close the box.,83.4,OPEN,0.095,0.16,1.1,0.095,-0.761,2.233,145.0,0.0,-137.7,1,0.104,-0.703,2.382,845.5,650.7,1274.6,975.6,0.111,-0.787,2.333,925.2,655.0,1208.0,784.8,GRASPED,1,0.105
343,40.63,2026-09-10T08:31:08.250713Z,12.4,3,OBJECT_RETURNED,GRASP COMPONENT BOX,NONE,Object returned. Next step: Please close the box.,83.8,OPEN,0.094,0.161,1.1,0.095,-0.761,2.233,145.0,0.0,-137.7,1,0.105,-0.703,2.382,845.7,651.7,1274.7,975.5,0.109,-0.787,2.333,924.6,656.3,1204.4,783.9,GRASPED,1,0.105
344,40.709,2026-09-10T08:31:08.330176Z,13.7,3,OBJECT_RETURNED,GRASP COMPONENT BOX,NONE,Object returned. Next step: Please close the box.,84.1,OPEN,0.095,0.16,1.1,0.094,-0.761,2.233,145.0,0.0,-137.7,1,0.103,-0.703,2.382,845.3,651.3,1273.1,975.3,0.11,-0.788,2.333,925.4,655.3,1204.7,783.6,GRASPED,1,0.105
345,40.786,2026-09-10T08:31:08.407198Z,12.5,3,OBJECT_RETURNED,GRASP COMPONENT BOX,NONE,Object returned. Next step: Please close the box.,84.1,OPEN,0.096,0.16,1.1,0.096,-0.761,2.233,145.0,0.0,-137.7,1,0.104,-0.703,2.382,845.4,651.4,1274.3,975.1,0.11,-0.788,2.333,925.9,655.5,1205.2,783.4,GRASPED,1,0.104
346,40.882,2026-09-10T08:31:08.502289Z,10.6,3,OBJECT_RETURNED,GRASP COMPONENT BOX,NONE,Object returned. Next step: Please close the box.,84.0,OPEN,0.096,0.161,1.1,0.096,-0.761,2.233,145.0,0.0,-137.7,1,0.104,-0.703,2.382,845.2,651.0,1273.7,975.1,0.11,-0.788,2.333,925.3,655.5,1206.3,783.4,GRASPED,1,0.104
347,40.973,2026-09-10T08:31:08.594196Z,11.2,3,OBJECT_RETURNED,GRASP COMPONENT BOX,NONE,Object returned. Next step: Please close the box.,83.7,OPEN,0.095,0.16,1.1,0.095,-0.761,2.233,145.0,0.0,-137.7,1,0.103,-0.703,2.382,844.6,650.9,1273.7,975.3,0.11,-0.788,2.333,925.2,654.7,1205.3,784.4,GRASPED,1,0.105
348,41.066,2026-09-10T08:31:08.686780Z,10.4,3,OBJECT_RETURNED,GRASP COMPONENT BOX,NONE,Object returned. Next step: Please close the box.,83.8,OPEN,0.095,0.16,1.1,0.095,-0.761,2.233,145.0,0.0,-137.7,1,0.104,-0.703,2.382,844.3,651.6,1274.6,975.9,0.109,-0.788,2.333,925.2,656.0,1203.4,783.5,GRASPED,1,0.105
349,41.149,2026-09-10T08:31:08.769341Z,12.1,3,OBJECT_RETURNED,GRASP COMPONENT BOX,NONE,Object returned. Next step: Please close the box.,84.1,OPEN,0.095,0.16,1.1,0.095,-0.761,2.233,145.0,0.0,-137.7,1,0.104,-0.703,2.382,845.0,652.3,1274.1,975.2,0.109,-0.787,2.333,925.4,657.3,1202.7,783.4,GRASPED,1,0.105
350,41.231,2026-09-10T08:31:08.851732Z,12.0,3,OBJECT_RETURNED,GRASP COMPONENT BOX,NONE,Object returned. Next step: Please close the box.,84.3,OPEN,0.094,0.16,1.1,0.094,-0.761,2.233,145.0,0.0,-137.7,1,0.104,-0.703,2.382,845.6,652.2,1274.2,974.9,0.107,-0.787,2.333,925.1,657.7,1200.8,783.1,GRASPED,1,0.105
351,41.315,2026-09-10T08:31:08.936204Z,12.2,3,OBJECT_RETURNED,GRASP COMPONENT BOX,NONE,Object returned. Next step: Please close the box.,84.5,OPEN,0.095,0.161,1.1,0.095,-0.761,2.233,145.0,0.0,-137.7,1,0.104,-0.703,2.382,845.5,652.2,1273.9,974.7,0.109,-0.787,2.333,927.0,657.7,1201.9,783.2,GRASPED,1,0.105
352,41.398,2026-09-10T08:31:09.018635Z,11.9,3,OBJECT_RETURNED,GRASP COMPONENT BOX,NONE,Object returned. Next step: Please close the box.,84.6,OPEN,0.094,0.161,1.1,0.096,-0.761,2.233,145.0,0.0,-137.7,1,0.103,-0.703,2.382,844.6,650.8,1272.8,974.8,0.108,-0.789,2.332,925.4,654.6,1201.7,780.7,GRASPED,1,0.104
353,41.477,2026-09-10T08:31:09.097886Z,12.5,3,OBJECT_RETURNED,GRASP COMPONENT BOX,NONE,Object returned. Next step: Please close the box.,84.7,OPEN,0.094,0.16,1.1,0.095,-0.761,2.233,145.0,0.0,-137.7,1,0.103,-0.704,2.381,844.4,649.8,1273.3,974.3,0.11,-0.792,2.33,925.3,649.6,1204.9,779.9,GRASPED,1,0.103
354,41.555,2026-09-10T08:31:09.175685Z,13.0,3,OBJECT_RETURNED,GRASP COMPONENT BOX,NONE,Object returned. Next step: Please close the box.,84.1,OPEN,0.098,0.156,1.1,0.097,-0.763,2.232,145.0,0.0,-137.7,1,0.104,-0.705,2.381,844.5,646.9,1275.6,975.8,0.111,-0.796,2.328,925.0,643.9,1207.2,777.8,GRASPED,1,0.103
355,41.635,2026-09-10T08:31:09.255343Z,12.8,3,OBJECT_RETURNED,GRASP COMPONENT BOX,NONE,Object returned. Next step: Please close the box.,83.3,OPEN,0.093,0.156,1.1,0.097,-0.766,2.23,145.0,0.0,-137.7,1,0.103,-0.706,2.38,844.5,645.3,1273.8,974.7,0.11,-0.797,2.327,923.8,640.8,1207.1,777.3,GRASPED,1,0.103
356,41.717,2026-09-10T08:31:09.338166Z,12.0,3,OBJECT_RETURNED,GRASP COMPONENT BOX,NONE,Object returned. Next step: Please close the box.,82.3,OPEN,0.095,0.155,1.1,0.094,-0.766,2.23,145.0,0.0,-137.7,1,0.104,-0.707,2.38,845.0,644.5,1274.5,974.2,0.113,-0.799,2.327,924.4,637.9,1212.5,777.0,GRASPED,1,0.104
357,41.814,2026-09-10T08:31:09.434846Z,11.9,3,OBJECT_RETURNED,APPROACH CONTAINER LID,NONE,Object returned. Next step: Please close the box.,82.8,OPEN,0.095,0.156,1.1,0.096,-0.766,2.23,145.0,0.0,-137.7,1,0.104,-0.703,2.382,844.6,652.6,1274.9,974.4,0.113,-0.797,2.328,925.6,641.3,1210.9,777.3,GRASPED,1,0.104
358,41.898,2026-09-10T08:31:09.518671Z,10.2,3,OBJECT_RETURNED,APPROACH CONTAINER LID,NONE,Object returned. Next step: Please close the box.,83.2,OPEN,0.098,0.156,1.1,0.097,-0.765,2.231,145.0,0.0,-137.7,1,0.104,-0.702,2.382,844.7,653.5,1274.8,975.4,0.113,-0.797,2.328,928.2,642.7,1209.2,776.9,GRASPED,1,0.103
359,41.976,2026-09-10T08:31:09.597055Z,13.1,3,OBJECT_RETURNED,APPROACH CONTAINER LID,NONE,Object returned. Next step: Please close the box.,83.7,OPEN,0.097,0.157,1.1,0.099,-0.765,2.231,145.0,0.0,-137.7,1,0.104,-0.702,2.382,844.8,653.7,1274.4,975.1,0.11,-0.793,2.33,929.2,651.8,1201.4,775.8,GRASPED,1,0.103
360,42.058,2026-09-10T08:31:09.678230Z,12.8,3,OBJECT_RETURNED,APPROACH CONTAINER LID,NONE,Object returned. Next step: Please close the box.,84.0,OPEN,0.096,0.157,1.1,0.097,-0.764,2.231,145.0,0.0,-137.7,1,0.104,-0.703,2.382,844.7,651.8,1275.0,975.7,0.112,-0.792,2.33,927.4,649.9,1207.5,779.4,GRASPED,1,0.104
361,42.162,2026-09-10T08:31:09.782720Z,10.2,3,OBJECT_RETURNED,GRASP COMPONENT BOX,NONE,Object returned. Next step: Please close the box.,84.3,OPEN,0.096,0.157,1.1,0.097,-0.764,2.231,145.0,0.0,-137.7,1,0.104,-0.704,2.382,845.7,650.3,1273.3,975.1,0.112,-0.791,2.331,928.0,650.7,1206.3,781.1,GRASPED,1,0.104
362,42.249,2026-09-10T08:31:09.869964Z,11.4,3,OBJECT_RETURNED,GRASP COMPONENT BOX,NONE,Object returned. Next step: Please close the box.,84.4,OPEN,0.094,0.163,1.1,0.096,-0.762,2.233,145.0,0.0,-137.7,1,0.104,-0.705,2.381,845.4,647.4,1274.9,974.9,0.111,-0.795,2.329,926.6,644.3,1205.5,779.5,GRASPED,1,0.103
363,42.356,2026-09-10T08:31:09.976523Z,10.6,3,OBJECT_RETURNED,APPROACH CONTAINER LID,NONE,Object returned. Next step: Please close the box.,84.4,OPEN,0.092,0.162,1.1,0.094,-0.759,2.234,145.0,0.0,-137.7,1,0.103,-0.704,2.381,844.3,649.4,1273.5,975.3,0.107,-0.792,2.33,926.9,649.7,1199.1,779.6,GRASPED,1,0.103
364,42.444,2026-09-10T08:31:10.064578Z,9.4,3,OBJECT_RETURNED,APPROACH CONTAINER LID,NONE,Object returned. Next step: Please close the box.,84.5,OPEN,0.095,0.161,1.1,0.094,-0.761,2.233,145.0,0.0,-137.7,1,0.104,-0.703,2.382,844.0,650.9,1274.7,975.3,0.109,-0.791,2.331,926.9,650.9,1201.6,781.0,GRASPED,1,0.104
365,42.536,2026-09-10T08:31:10.156841Z,12.2,3,OBJECT_RETURNED,GRASP COMPONENT BOX,NONE,Object returned. Next step: Please close the box.,84.7,OPEN,0.093,0.161,1.1,0.096,-0.762,2.232,145.0,0.0,-137.7,1,0.103,-0.702,2.382,842.4,651.9,1274.9,976.0,0.106,-0.789,2.332,925.1,655.1,1198.5,782.0,GRASPED,1,0.104
366,42.636,2026-09-10T08:31:10.256219Z,10.3,3,OBJECT_RETURNED,APPROACH CONTAINER LID,NONE,Object returned. Next step: Please close the box.,84.7,OPEN,0.091,0.161,1.1,0.092,-0.762,2.232,145.0,0.0,-137.7,1,0.103,-0.703,2.382,842.5,651.6,1274.7,975.9,0.106,-0.79,2.332,923.9,655.5,1198.6,779.6,GRASPED,1,0.105
367,42.722,2026-09-10T08:31:10.342502Z,10.2,3,OBJECT_RETURNED,APPROACH CONTAINER LID,NONE,Object returned. Next step: Please close the box.,84.7,OPEN,0.091,0.161,1.1,0.092,-0.761,2.232,145.0,0.0,-137.7,1,0.103,-0.703,2.382,842.9,651.4,1274.4,975.7,0.106,-0.789,2.332,924.0,655.4,1199.9,781.2,GRASPED,1,0.105
368,42.802,2026-09-10T08:31:10.422901Z,12.0,3,OBJECT_RETURNED,APPROACH CONTAINER LID,NONE,Object returned. Next step: Please close the box.,84.4,OPEN,0.09,0.16,1.1,0.092,-0.761,2.233,145.0,0.0,-137.7,1,0.104,-0.703,2.382,843.5,650.1,1274.9,975.5,0.108,-0.79,2.332,924.2,652.4,1201.9,781.8,GRASPED,1,0.104
369,42.881,2026-09-10T08:31:10.502202Z,12.0,3,OBJECT_RETURNED,APPROACH CONTAINER LID,NONE,Object returned. Next step: Please close the box.,84.6,OPEN,0.093,0.161,1.1,0.093,-0.761,2.233,145.0,0.0,-137.7,1,0.103,-0.703,2.382,843.5,649.7,1274.8,976.4,0.108,-0.79,2.332,924.5,652.7,1201.9,781.1,GRASPED,1,0.104
370,42.975,2026-09-10T08:31:10.595382Z,13.2,3,OBJECT_RETURNED,GRASP COMPONENT BOX,NONE,Object returned. Next step: Please close the box.,84.7,OPEN,0.093,0.161,1.1,0.095,-0.761,2.233,145.0,0.0,-137.7,1,0.103,-0.703,2.382,844.1,649.7,1273.6,976.1,0.107,-0.79,2.331,924.7,652.8,1200.8,780.6,GRASPED,1,0.103
371,43.059,2026-09-10T08:31:10.679320Z,10.5,3,OBJECT_RETURNED,GRASP COMPONENT BOX,NONE,Object returned. Next step: Please close the box.,84.8,OPEN,0.094,0.161,1.1,0.096,-0.761,2.233,145.0,0.0,-137.7,1,0.104,-0.703,2.382,844.8,650.0,1273.6,976.0,0.107,-0.79,2.332,924.2,654.0,1201.4,780.7,GRASPED,1,0.103
372,43.139,2026-09-10T08:31:10.759496Z,12.0,3,OBJECT_RETURNED,GRASP COMPONENT BOX,NONE,Object returned. Next step: Please close the box.,84.8,OPEN,0.093,0.161,1.1,0.094,-0.761,2.233,145.0,0.0,-137.7,1,0.104,-0.703,2.382,845.6,650.4,1273.7,976.2,0.107,-0.79,2.332,924.1,654.2,1200.8,780.9,GRASPED,1,0.104
373,43.235,2026-09-10T08:31:10.855493Z,11.7,3,OBJECT_RETURNED,GRASP COMPONENT BOX,NONE,Object returned. Next step: Please close the box.,84.9,OPEN,0.093,0.161,1.1,0.093,-0.761,2.233,145.0,0.0,-137.7,1,0.104,-0.703,2.382,844.8,650.8,1274.2,975.7,0.107,-0.79,2.332,924.1,654.7,1200.5,780.0,GRASPED,1,0.104
374,43.334,2026-09-10T08:31:10.954333Z,10.3,3,OBJECT_RETURNED,GRASP COMPONENT BOX,NONE,Object returned. Next step: Please close the box.,84.9,OPEN,0.096,0.161,1.1,0.095,-0.761,2.233,145.0,0.0,-137.7,1,0.104,-0.703,2.382,845.3,650.5,1274.9,975.9,0.11,-0.79,2.331,927.4,653.5,1203.9,780.1,GRASPED,1,0.104
375,43.416,2026-09-10T08:31:11.037007Z,10.4,3,OBJECT_RETURNED,GRASP COMPONENT BOX,NONE,Object returned. Next step: Please close the box.,84.8,OPEN,0.097,0.161,1.1,0.097,-0.761,2.233,145.0,0.0,-137.7,1,0.105,-0.703,2.382,846.0,651.0,1274.5,975.6,0.11,-0.79,2.332,926.8,654.0,1203.4,780.3,GRASPED,1,0.104
376,43.513,2026-09-10T08:31:11.133371Z,10.2,3,OBJECT_RETURNED,GRASP COMPONENT BOX,NONE,Object returned. Next step: Please close the box.,84.9,OPEN,0.094,0.161,1.1,0.096,-0.761,2.233,145.0,0.0,-137.7,1,0.104,-0.703,2.382,845.2,651.8,1275.0,975.3,0.106,-0.79,2.332,923.7,654.5,1200.0,780.4,GRASPED,1,0.103
377,43.602,2026-09-10T08:31:11.222795Z,12.1,3,OBJECT_RETURNED,GRASP COMPONENT BOX,NONE,Object returned. Next step: Please close the box.,84.9,OPEN,0.094,0.161,1.1,0.094,-0.761,2.233,145.0,0.0,-137.7,1,0.104,-0.703,2.382,844.7,651.8,1275.1,975.8,0.108,-0.789,2.332,925.2,655.2,1201.3,781.2,GRASPED,1,0.104
378,43.692,2026-09-10T08:31:11.313038Z,11.3,3,OBJECT_RETURNED,GRASP COMPONENT BOX,NONE,Object returned. Next step: Please close the box.,84.9,OPEN,0.095,0.161,1.1,0.095,-0.761,2.233,145.0,0.0,-137.7,1,0.105,-0.703,2.382,845.7,651.9,1274.6,975.4,0.109,-0.789,2.332,925.8,655.4,1202.3,781.4,GRASPED,1,0.104
379,43.781,2026-09-10T08:31:11.401322Z,10.5,3,OBJECT_RETURNED,GRASP COMPONENT BOX,NONE,Object returned. Next step: Please close the box.,84.7,OPEN,0.095,0.161,1.1,0.095,-0.761,2.233,145.0,0.0,-137.7,1,0.104,-0.703,2.382,844.8,652.0,1274.8,975.6,0.108,-0.789,2.332,926.0,655.4,1201.4,780.2,GRASPED,1,0.104
380,43.862,2026-09-10T08:31:11.482424Z,13.4,3,OBJECT_RETURNED,GRASP COMPONENT BOX,NONE,Object returned. Next step: Please close the box.,84.8,OPEN,0.094,0.161,1.1,0.094,-0.761,2.233,145.0,0.0,-137.7,1,0.105,-0.703,2.382,844.8,651.6,1276.7,975.4,0.107,-0.789,2.332,924.1,654.8,1200.8,781.2,GRASPED,1,0.104
381,43.943,2026-09-10T08:31:11.563846Z,12.4,3,OBJECT_RETURNED,GRASP COMPONENT BOX,NONE,Object returned. Next step: Please close the box.,84.5,OPEN,0.094,0.161,1.1,0.094,-0.761,2.233,145.0,0.0,-137.7,1,0.104,-0.703,2.382,844.6,651.4,1275.4,975.7,0.108,-0.79,2.332,925.8,654.7,1201.7,780.1,GRASPED,1,0.104
382,44.037,2026-09-10T08:31:11.657877Z,11.8,3,OBJECT_RETURNED,APPROACH CONTAINER LID,NONE,Object returned. Next step: Please close the box.,84.1,OPEN,0.096,0.161,1.1,0.095,-0.761,2.233,145.0,0.0,-137.7,1,0.104,-0.703,2.382,844.4,651.6,1274.8,975.4,0.014,-1.052,2.18,790.7,338.9,1156.0,515.9,RELEASED,0,0.306
383,44.118,2026-09-10T08:31:11.739008Z,10.7,3,OBJECT_RETURNED,APPROACH CONTAINER LID,NONE,Object returned. Next step: Please close the box.,84.3,OPEN,0.095,0.161,1.1,0.096,-0.761,2.233,145.0,0.0,-137.7,1,0.103,-0.704,2.381,843.8,649.8,1274.2,975.0,0.005,-1.046,2.184,790.9,347.8,1138.4,520.4,RELEASED,0,0.303
384,44.199,2026-09-10T08:31:11.819662Z,11.9,3,OBJECT_RETURNED,APPROACH CONTAINER LID,NONE,Object returned. Next step: Please close the box.,84.5,OPEN,0.096,0.161,1.1,0.095,-0.761,2.233,145.0,0.0,-137.7,1,0.104,-0.704,2.381,844.3,650.1,1275.0,975.0,0.009,-1.052,2.18,791.3,338.9,1145.2,515.6,RELEASED,0,0.308
385,44.296,2026-09-10T08:31:11.916694Z,12.0,3,OBJECT_RETURNED,CONTACT COMPONENT BOX,NONE,Object returned. Next step: Please close the box.,84.6,OPEN,0.096,0.16,1.1,0.096,-0.761,2.233,145.0,0.0,-137.7,1,0.104,-0.704,2.381,844.8,650.8,1274.7,974.4,0.11,-0.79,2.332,926.0,655.1,1204.2,780.1,GRASPED,1,0.104
386,44.39,2026-09-10T08:31:12.010966Z,11.1,3,OBJECT_RETURNED,APPROACH CONTAINER LID,NONE,Object returned. Next step: Please close the box.,84.7,OPEN,0.096,0.16,1.1,0.096,-0.761,2.233,145.0,0.0,-137.7,1,0.104,-0.703,2.382,844.0,650.7,1275.5,975.3,0.009,-1.056,2.178,792.5,333.2,1144.3,512.3,RELEASED,0,0.312
387,44.479,2026-09-10T08:31:12.100102Z,10.5,3,OBJECT_RETURNED,CONTACT COMPONENT BOX,NONE,Object returned. Next step: Please close the box.,84.8,OPEN,0.095,0.16,1.1,0.095,-0.761,2.233,145.0,0.0,-137.7,1,0.105,-0.703,2.382,845.3,650.5,1276.1,975.5,0.109,-0.79,2.332,926.1,654.5,1202.8,780.5,GRASPED,1,0.104
388,44.57,2026-09-10T08:31:12.190934Z,11.5,3,OBJECT_RETURNED,APPROACH CONTAINER LID,NONE,Object returned. Next step: Please close the box.,84.8,OPEN,0.095,0.161,1.1,0.095,-0.761,2.233,145.0,0.0,-137.7,1,0.105,-0.703,2.382,845.1,651.4,1275.4,975.5,0.01,-1.058,2.177,796.2,331.3,1143.1,509.5,RELEASED,0,0.314
389,44.662,2026-09-10T08:31:12.282306Z,10.5,3,OBJECT_RETURNED,APPROACH COMPONENT BOX,NONE,Object returned. Next step: Please close the box.,84.6,OPEN,0.02,-0.097,1.1,0.058,-0.873,2.168,145.0,0.0,-137.7,1,0.105,-0.703,2.382,844.8,651.2,1275.7,975.6,0.002,-1.051,2.181,791.6,345.2,1132.2,512.3,RELEASED,0,0.187
390,44.751,2026-09-10T08:31:12.372098Z,11.7,3,OBJECT_RETURNED,EXTRACT COMPONENT BOX,NONE,Object returned. Next step: Please close the box.,84.6,OPEN,0.016,-0.097,1.1,0.003,-1.03,2.078,145.0,0.0,-137.7,1,0.104,-0.703,2.382,845.0,651.9,1274.6,975.4,0.001,-1.055,2.178,790.7,339.6,1130.9,507.1,EXTRACTED,0,0.104
391,44.862,2026-09-10T08:31:12.483142Z,9.1,3,OBJECT_RETURNED,APPROACH CONTAINER LID,NONE,Object returned. Next step: Please close the box.,84.7,OPEN,0.022,-0.098,1.1,0.01,-1.012,2.088,145.0,0.0,-137.7,1,0.104,-0.703,2.382,845.2,651.7,1274.7,975.9,0.11,-0.79,2.332,928.6,655.2,1202.2,779.6,DOCKED,1,0.345
392,44.966,2026-09-10T08:31:12.586689Z,9.9,3,OBJECT_RETURNED,APPROACH COMPONENT BOX,NONE,Object returned. Next step: Please close the box.,84.6,OPEN,0.096,0.161,1.1,0.056,-0.888,2.16,145.0,0.0,-137.7,1,0.105,-0.703,2.382,845.9,651.0,1274.9,975.6,0.007,-1.056,2.178,795.0,338.5,1137.6,507.8,RELEASED,0,0.175
393,45.063,2026-09-10T08:31:12.684100Z,9.8,3,OBJECT_RETURNED,APPROACH COMPONENT BOX,NONE,Object returned. Next step: Please close the box.,84.7,OPEN,0.023,-0.097,1.1,0.074,-0.833,2.192,145.0,0.0,-137.7,1,0.105,-0.703,2.382,845.8,651.3,1274.9,975.0,0.012,-1.055,2.179,810.8,341.2,1131.5,507.2,RELEASED,0,0.231
394,45.138,2026-09-10T08:31:12.758990Z,11.2,3,OBJECT_RETURNED,APPROACH COMPONENT BOX,NONE,Object returned. Next step: Please close the box.,84.8,OPEN,0.096,0.161,1.1,0.061,-0.871,2.17,145.0,0.0,-137.7,1,0.104,-0.703,2.382,844.9,651.1,1274.8,974.9,0.004,-1.056,2.178,797.8,340.1,1130.0,505.9,RELEASED,0,0.193
395,45.23,2026-09-10T08:31:12.850545Z,12.8,3,OBJECT_RETURNED,APPROACH CONTAINER LID,NONE,Object returned. Next step: Please close the box.,84.5,OPEN,0.096,0.161,1.1,0.13,-0.66,2.292,145.0,0.0,-137.7,1,0.104,-0.704,2.381,844.7,650.4,1275.4,974.9,-0.003,-1.083,2.163,785.9,305.9,1127.6,480.0,RELEASED,0,0.462
396,45.313,2026-09-10T08:31:12.933229Z,11.3,3,OBJECT_RETURNED,IDLE,NONE,Object returned. Next step: Please close the box.,84.6,OPEN,0.097,0.161,1.1,0.129,-0.662,2.29,145.0,0.0,-137.7,1,0.103,-0.703,2.382,844.5,651.5,1273.8,975.2,-0.004,-1.08,2.164,784.4,313.1,1127.8,480.2,RELEASED,0,0.456
397,45.413,2026-09-10T08:31:13.034079Z,10.6,3,OBJECT_RETURNED,CONTACT COMPONENT BOX,NONE,Object returned. Next step: Please close the box.,84.3,OPEN,0.096,0.161,1.1,0.111,-0.716,2.259,145.0,0.0,-137.7,1,0.104,-0.703,2.382,844.8,650.8,1274.5,975.5,0.109,-0.789,2.332,926.7,655.8,1201.8,780.3,GRASPED,1,0.103
398,45.501,2026-09-10T08:31:13.121956Z,9.9,3,OBJECT_RETURNED,CONTACT COMPONENT BOX,NONE,Object returned. Next step: Please close the box.,84.5,OPEN,0.095,0.161,1.1,0.101,-0.742,2.244,145.0,0.0,-137.7,1,0.105,-0.703,2.382,844.8,651.4,1276.1,975.8,0.108,-0.789,2.332,925.8,656.4,1201.7,780.5,GRASPED,1,0.1
399,45.596,2026-09-10T08:31:13.216685Z,11.2,3,OBJECT_RETURNED,CONTACT COMPONENT BOX,NONE,Object returned. Next step: Please close the box.,84.6,OPEN,0.097,0.161,1.1,0.099,-0.752,2.238,145.0,0.0,-137.7,1,0.104,-0.703,2.382,844.5,651.1,1275.4,975.6,0.11,-0.789,2.332,927.2,656.1,1203.1,780.2,GRASPED,1,0.102
400,45.701,2026-09-10T08:31:13.321464Z,10.7,3,OBJECT_RETURNED,APPROACH CONTAINER LID,NONE,Object returned. Next step: Please close the box.,84.7,OPEN,0.096,0.161,1.1,0.099,-0.756,2.235,145.0,0.0,-137.7,1,0.105,-0.703,2.382,844.1,651.2,1276.4,975.7,-0.01,-1.08,2.164,778.7,309.7,1122.8,483.5,RELEASED,0,0.348
401,45.809,2026-09-10T08:31:13.430068Z,9.7,3,OBJECT_RETURNED,CONTACT COMPONENT BOX,NONE,Object returned. Next step: Please close the box.,84.5,OPEN,0.097,0.161,1.1,0.097,-0.758,2.234,145.0,0.0,-137.7,1,0.104,-0.702,2.382,844.5,651.8,1274.9,976.1,0.111,-0.789,2.332,929.4,655.9,1202.4,780.9,GRASPED,1,0.104
402,45.902,2026-09-10T08:31:13.522769Z,8.6,3,OBJECT_RETURNED,CONTACT COMPONENT BOX,NONE,Object returned. Next step: Please close the box.,84.4,OPEN,0.096,0.161,1.1,0.097,-0.76,2.234,145.0,0.0,-137.7,1,0.104,-0.703,2.382,843.5,651.0,1274.9,976.2,0.11,-0.789,2.332,925.8,655.4,1204.3,780.9,GRASPED,1,0.104
403,45.998,2026-09-10T08:31:13.618902Z,12.1,3,OBJECT_RETURNED,APPROACH CONTAINER LID,NONE,Object returned. Next step: Please close the box.,84.3,OPEN,0.095,0.161,1.1,0.096,-0.76,2.233,145.0,0.0,-137.7,1,0.104,-0.703,2.382,843.1,650.9,1275.4,975.4,-0.002,-1.088,2.159,784.8,298.3,1131.1,475.2,RELEASED,0,0.351
404,46.1,2026-09-10T08:31:13.720466Z,10.2,3,OBJECT_RETURNED,CONTACT COMPONENT BOX,NONE,Object returned. Next step: Please close the box.,84.4,OPEN,0.097,0.161,1.1,0.096,-0.76,2.233,145.0,0.0,-137.7,1,0.104,-0.703,2.382,844.3,651.7,1275.7,975.0,0.111,-0.789,2.332,927.7,655.0,1204.9,781.3,GRASPED,1,0.104
405,46.196,2026-09-10T08:31:13.816623Z,9.3,3,OBJECT_RETURNED,CONTACT COMPONENT BOX,NONE,Object returned. Next step: Please close the box.,84.3,OPEN,0.096,0.161,1.1,0.097,-0.76,2.233,145.0,0.0,-137.7,1,0.104,-0.703,2.382,844.9,651.8,1275.0,975.8,0.11,-0.788,2.333,928.0,656.8,1202.8,781.0,GRASPED,1,0.104
406,46.31,2026-09-10T08:31:13.930984Z,9.0,3,OBJECT_RETURNED,CONTACT COMPONENT BOX,NONE,Object returned. Next step: Please close the box.,84.5,OPEN,0.095,0.161,1.1,0.096,-0.761,2.233,145.0,0.0,-137.7,1,0.105,-0.702,2.382,844.7,652.1,1276.0,976.4,0.109,-0.789,2.332,926.9,656.3,1202.7,780.6,GRASPED,1,0.104
407,46.425,2026-09-10T08:31:14.045439Z,9.8,3,OBJECT_RETURNED,GRASP COMPONENT BOX,NONE,Object returned. Next step: Please close the box.,84.5,OPEN,0.096,0.161,1.1,0.096,-0.761,2.233,145.0,0.0,-137.7,1,0.104,-0.702,2.382,844.5,651.9,1274.5,976.0,0.11,-0.789,2.332,928.3,656.6,1202.8,780.3,GRASPED,1,0.104
408,46.588,2026-09-10T08:31:14.209145Z,8.0,3,OBJECT_RETURNED,APPROACH COMPONENT BOX,NONE,Object returned. Next step: Please close the box.,84.3,OPEN,0.016,-0.101,1.1,0.057,-0.875,2.167,145.0,0.0,-137.7,1,0.105,-0.703,2.382,845.0,651.1,1276.1,975.9,-0.007,-1.098,2.154,782.0,283.3,1124.3,469.5,RELEASED,0,0.232
409,46.681,2026-09-10T08:31:14.301838Z,6.6,3,OBJECT_RETURNED,APPROACH COMPONENT BOX,NONE,Object returned. Next step: Please close the box.,84.3,OPEN,0.097,0.161,1.1,0.045,-0.911,2.146,145.0,0.0,-137.7,1,0.104,-0.703,2.382,844.5,651.8,1275.7,975.7,0.111,-0.788,2.333,928.6,656.3,1204.3,781.8,APPROACHED,1,0.233
410,46.771,2026-09-10T08:31:14.391333Z,13.5,3,OBJECT_RETURNED,APPROACH CONTAINER LID,NONE,Object returned. Next step: Please close the box.,84.2,OPEN,0.096,0.161,1.1,0.112,-0.721,2.256,145.0,0.0,-137.7,1,0.104,-0.703,2.382,844.0,651.1,1275.6,975.7,-0.007,-1.094,2.156,784.8,285.8,1121.8,475.0,RELEASED,0,0.404
411,46.873,2026-09-10T08:31:14.493288Z,10.5,3,OBJECT_RETURNED,CONTACT COMPONENT BOX,NONE,Object returned. Next step: Please close the box.,84.3,OPEN,0.095,0.161,1.1,0.123,-0.684,2.277,145.0,0.0,-137.7,1,0.104,-0.703,2.382,844.3,651.6,1275.0,974.9,0.109,-0.789,2.332,926.9,655.5,1201.9,780.4,GRASPED,1,0.119
412,46.953,2026-09-10T08:31:14.574186Z,9.6,3,OBJECT_RETURNED,CONTACT COMPONENT BOX,NONE,Object returned. Next step: Please close the box.,84.2,OPEN,0.096,0.161,1.1,0.109,-0.725,2.254,145.0,0.0,-137.7,1,0.105,-0.702,2.382,844.9,652.0,1275.8,976.3,0.109,-0.789,2.332,927.4,656.0,1201.1,780.6,GRASPED,1,0.101
413,47.035,2026-09-10T08:31:14.655433Z,12.9,3,OBJECT_RETURNED,CONTACT COMPONENT BOX,NONE,Object returned. Next step: Please close the box.,84.2,OPEN,0.095,0.161,1.1,0.102,-0.744,2.243,145.0,0.0,-137.7,1,0.105,-0.703,2.382,844.9,651.1,1275.7,975.9,0.109,-0.789,2.332,926.1,655.2,1203.2,780.9,GRASPED,1,0.1
414,47.132,2026-09-10T08:31:14.752781Z,11.9,3,OBJECT_RETURNED,GRASP COMPONENT BOX,NONE,Object returned. Next step: Please close the box.,84.2,OPEN,0.095,0.161,1.1,0.098,-0.754,2.237,145.0,0.0,-137.7,1,0.105,-0.702,2.382,844.9,651.4,1275.9,976.7,0.109,-0.789,2.332,926.0,656.5,1202.3,780.8,GRASPED,1,0.102
415,47.215,2026-09-10T08:31:14.835388Z,10.3,3,OBJECT_RETURNED,GRASP COMPONENT BOX,NONE,Object returned. Next step: Please close the box.,84.4,OPEN,0.095,0.161,1.1,0.097,-0.759,2.234,145.0,0.0,-137.7,1,0.104,-0.703,2.382,843.7,651.3,1275.4,975.9,0.108,-0.789,2.332,926.3,655.7,1201.0,780.5,GRASPED,1,0.104
416,47.322,2026-09-10T08:31:14.942713Z,11.6,3,OBJECT_RETURNED,GRASP COMPONENT BOX,NONE,Object returned. Next step: Please close the box.,84.4,OPEN,0.095,0.16,1.1,0.096,-0.76,2.233,145.0,0.0,-137.7,1,0.104,-0.702,2.382,842.8,651.6,1276.1,976.6,0.109,-0.789,2.332,925.9,656.1,1202.5,780.9,GRASPED,1,0.104
417,47.412,2026-09-10T08:31:15.033021Z,9.1,3,OBJECT_RETURNED,GRASP COMPONENT BOX,NONE,Object returned. Next step: Please close the box.,84.6,OPEN,0.094,0.161,1.1,0.095,-0.761,2.233,145.0,0.0,-137.7,1,0.104,-0.702,2.382,843.0,652.1,1275.4,975.7,0.106,-0.789,2.332,923.8,656.6,1199.1,780.5,GRASPED,1,0.104
418,47.502,2026-09-10T08:31:15.123155Z,11.6,3,OBJECT_RETURNED,GRASP COMPONENT BOX,NONE,Object returned. Next step: Please close the box.,84.7,OPEN,0.095,0.16,1.1,0.094,-0.761,2.233,145.0,0.0,-137.7,1,0.105,-0.703,2.382,845.2,652.0,1276.1,975.2,0.109,-0.788,2.333,927.3,656.3,1202.2,781.6,GRASPED,1,0.104
419,47.595,2026-09-10T08:31:15.216080Z,10.6,3,OBJECT_RETURNED,GRASP COMPONENT BOX,NONE,Object returned. Next step: Please close the box.,84.8,OPEN,0.096,0.161,1.1,0.096,-0.761,2.233,145.0,0.0,-137.7,1,0.105,-0.703,2.382,845.3,652.1,1275.4,975.3,0.11,-0.789,2.332,928.0,656.1,1203.5,780.6,GRASPED,1,0.104
420,47.713,2026-09-10T08:31:15.333842Z,10.4,3,OBJECT_RETURNED,GRASP COMPONENT BOX,NONE,Object returned. Next step: Please close the box.,84.8,OPEN,0.095,0.161,1.1,0.095,-0.761,2.233,145.0,0.0,-137.7,1,0.105,-0.702,2.382,845.0,651.9,1275.6,976.2,0.109,-0.789,2.332,926.5,656.0,1201.5,780.8,GRASPED,1,0.104
421,47.821,2026-09-10T08:31:15.442132Z,8.1,3,OBJECT_RETURNED,GRASP COMPONENT BOX,NONE,Object returned. Next step: Please close the box.,84.9,OPEN,0.096,0.161,1.1,0.094,-0.761,2.233,145.0,0.0,-137.7,1,0.104,-0.702,2.382,844.9,652.3,1274.1,975.6,0.108,-0.788,2.333,926.7,656.8,1200.4,782.1,GRASPED,1,0.104
422,47.91,2026-09-10T08:31:15.530711Z,10.6,3,OBJECT_RETURNED,GRASP COMPONENT BOX,NONE,Object returned. Next step: Please close the box.,84.9,OPEN,0.097,0.161,1.1,0.095,-0.761,2.233,145.0,0.0,-137.7,1,0.105,-0.702,2.382,845.8,652.8,1275.8,976.2,0.11,-0.787,2.333,928.3,658.1,1203.4,782.9,GRASPED,1,0.105
423,48.021,2026-09-10T08:31:15.641409Z,10.7,3,OBJECT_RETURNED,GRASP COMPONENT BOX,NONE,Object returned. Next step: Please close the box.,84.7,OPEN,0.096,0.161,1.1,0.096,-0.761,2.233,145.0,0.0,-137.7,1,0.104,-0.702,2.382,844.7,652.0,1274.5,976.2,0.11,-0.788,2.333,928.1,657.6,1203.1,781.8,GRASPED,1,0.105
424,48.105,2026-09-10T08:31:15.725875Z,9.8,3,OBJECT_RETURNED,GRASP COMPONENT BOX,NONE,Object returned. Next step: Please close the box.,84.8,OPEN,0.096,0.161,1.1,0.096,-0.761,2.233,145.0,0.0,-137.7,1,0.104,-0.703,2.382,844.9,652.1,1274.2,975.6,0.108,-0.788,2.333,926.4,656.7,1201.5,781.2,GRASPED,1,0.104
425,48.185,2026-09-10T08:31:15.805212Z,12.3,3,OBJECT_RETURNED,GRASP COMPONENT BOX,NONE,Object returned. Next step: Please close the box.,84.9,OPEN,0.096,0.161,1.1,0.096,-0.761,2.233,145.0,0.0,-137.7,1,0.104,-0.702,2.382,844.9,652.7,1274.5,975.7,0.109,-0.788,2.333,927.0,657.6,1202.1,781.9,GRASPED,1,0.104
426,48.268,2026-09-10T08:31:15.888834Z,11.7,3,OBJECT_RETURNED,GRASP COMPONENT BOX,NONE,Object returned. Next step: Please close the box.,84.9,OPEN,0.097,0.16,1.1,0.096,-0.761,2.233,145.0,0.0,-137.7,1,0.104,-0.703,2.382,845.0,651.2,1274.2,975.5,0.11,-0.789,2.332,926.8,655.7,1204.6,781.0,GRASPED,1,0.104
427,48.362,2026-09-10T08:31:15.982848Z,11.6,3,OBJECT_RETURNED,GRASP COMPONENT BOX,NONE,Object returned. Next step: Please close the box.,84.9,OPEN,0.096,0.161,1.1,0.096,-0.761,2.233,145.0,0.0,-137.7,1,0.104,-0.703,2.382,844.3,651.8,1274.6,975.6,0.109,-0.789,2.332,926.0,655.9,1202.5,781.1,GRASPED,1,0.104
428,48.45,2026-09-10T08:31:16.070503Z,10.9,3,OBJECT_RETURNED,GRASP COMPONENT BOX,NONE,Object returned. Next step: Please close the box.,84.9,OPEN,0.097,0.16,1.1,0.096,-0.761,2.233,145.0,0.0,-137.7,1,0.104,-0.703,2.382,843.9,651.8,1275.0,975.7,0.11,-0.788,2.333,925.8,656.3,1205.1,781.4,GRASPED,1,0.104
429,48.545,2026-09-10T08:31:16.166109Z,11.6,3,OBJECT_RETURNED,APPROACH COMPONENT BOX,NONE,Object returned. Next step: Please close the box.,85.0,OPEN,0.038,-0.097,1.1,0.067,-0.874,2.168,145.0,0.0,-137.7,1,0.104,-0.702,2.382,844.2,652.5,1275.7,975.4,0.111,-0.788,2.333,927.3,656.4,1205.5,781.8,APPROACHED,1,0.191
430,48.626,2026-09-10T08:31:16.246515Z,10.9,3,OBJECT_RETURNED,APPROACH COMPONENT BOX,NONE,Object returned. Next step: Please close the box.,85.0,OPEN,0.097,0.161,1.1,0.05,-0.941,2.129,145.0,0.0,-137.7,1,0.104,-0.702,2.382,845.0,652.7,1274.3,975.7,0.112,-0.788,2.333,928.2,657.2,1206.3,782.3,APPROACHED,1,0.262
431,48.725,2026-09-10T08:31:16.345331Z,12.6,3,OBJECT_RETURNED,GRASP COMPONENT BOX,NONE,Object returned. Next step: Please close the box.,85.0,OPEN,0.097,0.161,1.1,0.099,-0.755,2.236,145.0,0.0,-137.7,1,0.105,-0.703,2.382,845.8,652.4,1274.7,975.3,0.112,-0.788,2.333,928.9,656.6,1206.0,782.9,GRASPED,1,0.103
432,48.805,2026-09-10T08:31:16.425399Z,9.9,3,OBJECT_RETURNED,GRASP COMPONENT BOX,NONE,Object returned. Next step: Please close the box.,85.0,OPEN,0.095,0.161,1.1,0.099,-0.752,2.239,145.0,0.0,-137.7,1,0.104,-0.703,2.382,844.3,651.9,1274.5,975.4,0.109,-0.788,2.333,925.7,655.9,1204.1,781.9,GRASPED,1,0.102
433,48.885,2026-09-10T08:31:16.505401Z,12.7,3,OBJECT_RETURNED,GRASP COMPONENT BOX,NONE,Object returned. Next step: Please close the box.,85.0,OPEN,0.096,0.161,1.1,0.098,-0.751,2.239,145.0,0.0,-137.7,1,0.105,-0.702,2.382,846.2,652.4,1274.2,975.9,0.109,-0.79,2.332,928.2,657.6,1201.5,777.5,GRASPED,1,0.102
434,48.967,2026-09-10T08:31:16.587777Z,12.0,3,OBJECT_RETURNED,GRASP COMPONENT BOX,NONE,Object returned. Next step: Please close the box.,85.0,OPEN,0.096,0.161,1.1,0.098,-0.751,2.239,145.0,0.0,-137.7,1,0.104,-0.702,2.382,844.2,653.1,1274.6,975.5,0.11,-0.788,2.333,925.7,656.5,1205.3,781.4,GRASPED,1,0.102
435,49.063,2026-09-10T08:31:16.683442Z,11.1,3,OBJECT_RETURNED,GRASP COMPONENT BOX,NONE,Object returned. Next step: Please close the box.,85.0,OPEN,0.095,0.161,1.1,0.098,-0.751,2.239,145.0,0.0,-137.7,1,0.104,-0.702,2.382,843.8,653.2,1274.9,975.3,0.106,-0.788,2.333,922.6,656.5,1200.9,781.4,GRASPED,1,0.101
436,49.196,2026-09-10T08:31:16.817206Z,9.1,3,OBJECT_RETURNED,APPROACH COMPONENT BOX,NONE,Object returned. Next step: Please close the box.,85.0,OPEN,0.038,-0.095,1.1,0.067,-0.869,2.171,145.0,0.0,-137.7,1,0.102,-0.702,2.382,842.1,653.2,1274.2,975.2,0.107,-0.789,2.332,922.9,655.3,1201.5,781.4,APPROACHED,1,0.184
437,49.296,2026-09-10T08:31:16.916874Z,8.0,3,OBJECT_RETURNED,APPROACH COMPONENT BOX,NONE,Object returned. Next step: Please close the box.,85.0,OPEN,0.093,0.16,1.1,0.056,-0.911,2.146,145.0,0.0,-137.7,1,0.104,-0.702,2.382,844.2,653.0,1275.8,975.5,0.107,-0.789,2.332,923.6,655.9,1201.5,781.0,APPROACHED,1,0.229
438,49.401,2026-09-10T08:31:17.022169Z,9.9,3,OBJECT_RETURNED,APPROACH COMPONENT BOX,NONE,Object returned. Next step: Please close the box.,85.0,OPEN,0.019,-0.074,1.1,0.064,-0.828,2.194,145.0,0.0,-137.7,1,0.103,-0.702,2.382,841.8,652.8,1274.8,975.2,0.107,-0.788,2.333,921.6,656.1,1203.0,782.0,APPROACHED,1,0.15
439,49.524,2026-09-10T08:31:17.144876Z,9.3,3,OBJECT_RETURNED,APPROACH CONTAINER LID,NONE,Object returned. Next step: Please close the box.,85.0,OPEN,0.038,-0.096,1.1,0.022,-0.979,2.107,145.0,0.0,-137.7,1,0.104,-0.702,2.382,843.9,652.8,1275.1,975.6,0.051,-0.786,2.334,900.4,664.1,1118.0,779.4,DOCKED,1,0.3
440,49.762,2026-09-10T08:31:17.382491Z,8.3,3,OBJECT_RETURNED,APPROACH COMPONENT BOX,NONE,Object returned. Next step: Please close the box.,85.0,OPEN,0.094,0.16,1.1,0.081,-0.836,2.189,145.0,0.0,-137.7,1,0.104,-0.703,2.382,843.0,651.9,1275.6,975.6,0.107,-0.789,2.332,923.4,654.8,1202.2,781.5,APPROACHED,1,0.153
441,49.869,2026-09-10T08:31:17.489288Z,4.3,3,OBJECT_RETURNED,APPROACH COMPONENT BOX,NONE,Object returned. Next step: Please close the box.,85.0,OPEN,0.094,0.161,1.1,0.129,-0.677,2.28,145.0,0.0,-137.7,1,0.104,-0.703,2.382,843.2,652.7,1275.3,974.8,0.107,-0.788,2.332,923.4,655.8,1202.3,781.7,APPROACHED,1,0.125
442,49.994,2026-09-10T08:31:17.614913Z,8.6,3,OBJECT_RETURNED,CONTACT COMPONENT BOX,NONE,Object returned. Next step: Please close the box.,85.0,OPEN,0.095,0.161,1.1,0.108,-0.749,2.239,145.0,0.0,-137.7,1,0.103,-0.703,2.382,842.8,652.3,1274.4,975.1,0.108,-0.789,2.332,924.2,654.8,1202.8,780.6,GRASPED,1,0.101
443,50.109,2026-09-10T08:31:17.729849Z,8.5,3,OBJECT_RETURNED,APPROACH COMPONENT BOX,NONE,Object returned. Next step: Please close the box.,85.0,OPEN,0.016,-0.096,1.1,0.057,-0.876,2.166,145.0,0.0,-137.7,1,0.103,-0.702,2.382,843.2,653.3,1274.0,975.4,0.107,-0.788,2.333,923.1,656.4,1201.8,781.3,APPROACHED,1,0.195
444,50.222,2026-09-10T08:31:17.842249Z,8.4,3,OBJECT_RETURNED,APPROACH CONTAINER LID,NONE,Object returned. Next step: Please close the box.,85.0,OPEN,0.019,-0.097,1.1,-0.005,-1.05,2.066,145.0,0.0,-137.7,1,0.103,-0.702,2.382,842.2,652.9,1274.9,975.4,0.108,-0.788,2.333,923.4,656.1,1204.4,782.3,DOCKED,1,0.391
445,50.329,2026-09-10T08:31:17.949604Z,8.6,3,OBJECT_RETURNED,APPROACH CONTAINER LID,NONE,Object returned. Next step: Please close the box.,85.0,OPEN,0.043,-0.096,1.1,0.019,-1.02,2.083,145.0,0.0,-137.7,1,0.102,-0.702,2.382,840.9,652.9,1274.4,975.5,0.106,-0.788,2.333,920.7,656.6,1202.5,782.0,DOCKED,1,0.351
446,50.455,2026-09-10T08:31:18.075382Z,9.2,3,OBJECT_RETURNED,APPROACH CONTAINER LID,NONE,Object returned. Next step: Please close the box.,85.0,OPEN,0.02,-0.095,1.1,0.028,-1.004,2.093,145.0,0.0,-137.7,1,0.102,-0.703,2.382,840.9,652.5,1274.6,974.8,0.106,-0.789,2.332,920.7,655.8,1202.0,781.4,DOCKED,1,0.331
447,50.57,2026-09-10T08:31:18.190298Z,7.9,3,OBJECT_RETURNED,APPROACH CONTAINER LID,NONE,Object returned. Next step: Please close the box.,85.0,OPEN,0.022,-0.075,1.1,0.013,-0.986,2.103,145.0,0.0,-137.7,1,0.102,-0.703,2.382,840.1,652.4,1275.0,975.0,0.106,-0.789,2.332,921.4,655.0,1202.5,781.5,DOCKED,1,0.317
448,50.668,2026-09-10T08:31:18.289095Z,9.5,3,OBJECT_RETURNED,APPROACH CONTAINER LID,NONE,Object returned. Next step: Please close the box.,85.0,OPEN,0.023,-0.095,1.1,0.02,-0.978,2.107,145.0,0.0,-137.7,1,0.102,-0.702,2.382,840.5,653.1,1274.6,974.9,0.106,-0.788,2.333,922.2,656.8,1201.8,781.4,DOCKED,1,0.307
449,50.761,2026-09-10T08:31:18.381785Z,10.8,3,OBJECT_RETURNED,APPROACH CONTAINER LID,NONE,Object returned. Next step: Please close the box.,85.0,OPEN,0.02,-0.076,1.1,0.022,-0.982,2.105,145.0,0.0,-137.7,1,0.103,-0.703,2.382,841.7,651.9,1275.1,974.4,0.108,-0.789,2.332,923.6,655.2,1203.2,781.7,DOCKED,1,0.31
450,50.853,2026-09-10T08:31:18.473695Z,10.6,3,OBJECT_RETURNED,APPROACH CONTAINER LID,NONE,Object returned. Next step: Please close the box.,85.0,OPEN,0.021,-0.076,1.1,0.021,-0.967,2.114,145.0,0.0,-137.7,1,0.103,-0.703,2.382,842.9,652.6,1274.5,974.8,0.108,-0.788,2.333,923.7,656.0,1203.8,782.5,DOCKED,1,0.296
451,50.974,2026-09-10T08:31:18.595165Z,9.6,3,OBJECT_RETURNED,APPROACH CONTAINER LID,NONE,Object returned. Next step: Please close the box.,85.0,OPEN,0.024,-0.074,1.1,0.025,-0.968,2.113,145.0,0.0,-137.7,1,0.101,-0.703,2.382,841.0,651.8,1273.5,975.4,0.108,-0.789,2.332,922.6,654.9,1204.9,782.3,DOCKED,1,0.296
452,51.113,2026-09-10T08:31:18.733296Z,8.3,3,OBJECT_RETURNED,APPROACH COMPONENT BOX,NONE,Object returned. Next step: Please close the box.,85.0,OPEN,0.094,0.16,1.1,0.064,-0.86,2.176,145.0,0.0,-137.7,1,0.101,-0.703,2.382,840.7,652.3,1273.3,975.3,0.107,-0.788,2.333,922.1,656.5,1202.4,781.7,APPROACHED,1,0.178
453,51.228,2026-09-10T08:31:18.848889Z,7.2,3,OBJECT_RETURNED,CONTACT COMPONENT BOX,NONE,Object returned. Next step: Please close the box.,85.0,OPEN,0.095,0.16,1.1,0.124,-0.686,2.276,145.0,0.0,-137.7,1,0.102,-0.703,2.382,841.4,652.3,1274.9,975.5,0.107,-0.788,2.333,922.3,656.1,1203.5,782.1,GRASPED,1,0.118
454,51.32,2026-09-10T08:31:18.940866Z,9.5,3,OBJECT_RETURNED,CONTACT COMPONENT BOX,NONE,Object returned. Next step: Please close the box.,85.0,OPEN,0.094,0.161,1.1,0.108,-0.732,2.249,145.0,0.0,-137.7,1,0.104,-0.702,2.382,842.4,652.5,1276.6,975.8,0.107,-0.788,2.333,922.0,656.5,1202.6,782.9,GRASPED,1,0.1
455,51.402,2026-09-10T08:31:19.022992Z,11.6,3,OBJECT_RETURNED,CONTACT COMPONENT BOX,NONE,Object returned. Next step: Please close the box.,85.0,OPEN,0.096,0.16,1.1,0.1,-0.754,2.237,145.0,0.0,-137.7,1,0.103,-0.703,2.382,842.6,652.3,1274.6,975.0,0.109,-0.788,2.333,924.5,656.3,1204.6,781.4,GRASPED,1,0.102
456,51.502,2026-09-10T08:31:19.122382Z,12.4,3,OBJECT_RETURNED,GRASP COMPONENT BOX,NONE,Object returned. Next step: Please close the box.,85.0,OPEN,0.096,0.16,1.1,0.098,-0.764,2.231,145.0,0.0,-137.7,1,0.103,-0.702,2.382,842.5,652.4,1275.3,975.6,0.108,-0.788,2.333,924.3,656.8,1203.3,782.1,GRASPED,1,0.105
457,51.585,2026-09-10T08:31:19.205869Z,9.8,3,OBJECT_RETURNED,GRASP COMPONENT BOX,NONE,Object returned. Next step: Please close the box.,85.0,OPEN,0.097,0.161,1.1,0.096,-0.769,2.228,145.0,0.0,-137.7,1,0.103,-0.703,2.382,842.0,651.4,1274.9,974.8,0.11,-0.789,2.332,925.0,655.1,1206.4,781.8,GRASPED,1,0.107
458,51.665,2026-09-10T08:31:19.286105Z,12.2,3,OBJECT_RETURNED,GRASP COMPONENT BOX,NONE,Object returned. Next step: Please close the box.,85.0,OPEN,0.095,0.16,1.1,0.095,-0.765,2.231,145.0,0.0,-137.7,1,0.103,-0.702,2.382,841.7,653.0,1275.2,975.8,0.108,-0.788,2.333,924.0,656.9,1202.6,781.6,GRASPED,1,0.105
459,51.748,2026-09-10T08:31:19.369139Z,12.2,3,OBJECT_RETURNED,GRASP COMPONENT BOX,NONE,Object returned. Next step: Please close the box.,85.0,OPEN,0.096,0.16,1.1,0.094,-0.763,2.232,145.0,0.0,-137.7,1,0.103,-0.703,2.382,843.3,651.6,1274.9,975.2,0.109,-0.788,2.333,925.0,655.5,1204.5,782.1,GRASPED,1,0.105
460,51.83,2026-09-10T08:31:19.451159Z,11.9,3,OBJECT_RETURNED,GRASP COMPONENT BOX,NONE,Object returned. Next step: Please close the box.,85.0,OPEN,0.098,0.161,1.1,0.096,-0.761,2.233,145.0,0.0,-137.7,1,0.104,-0.703,2.382,844.3,651.5,1274.7,975.4,0.112,-0.788,2.333,928.2,655.6,1206.4,782.1,GRASPED,1,0.105
461,51.916,2026-09-10T08:31:19.536294Z,12.3,3,OBJECT_RETURNED,GRASP COMPONENT BOX,NONE,Object returned. Next step: Please close the box.,85.0,OPEN,0.098,0.161,1.1,0.097,-0.761,2.233,145.0,0.0,-137.7,1,0.105,-0.703,2.382,845.5,651.7,1276.1,975.6,0.112,-0.789,2.332,928.6,654.9,1206.6,781.7,GRASPED,1,0.104
462,52.001,2026-09-10T08:31:19.621664Z,11.5,3,OBJECT_RETURNED,GRASP COMPONENT BOX,NONE,Object returned. Next step: Please close the box.,85.0,OPEN,0.098,0.161,1.1,0.097,-0.761,2.233,145.0,0.0,-137.7,1,0.105,-0.703,2.382,846.2,651.6,1275.3,975.8,0.112,-0.789,2.332,931.7,657.5,1203.9,778.8,GRASPED,1,0.104
463,52.077,2026-09-10T08:31:19.698107Z,12.4,3,OBJECT_RETURNED,GRASP COMPONENT BOX,NONE,Object returned. Next step: Please close the box.,85.0,OPEN,0.098,0.161,1.1,0.098,-0.761,2.233,145.0,0.0,-137.7,1,0.106,-0.703,2.382,847.6,651.0,1275.8,975.8,0.112,-0.789,2.332,928.3,655.2,1207.1,782.1,GRASPED,1,0.104
464,52.154,2026-09-10T08:31:19.774639Z,13.6,3,OBJECT_RETURNED,GRASP COMPONENT BOX,NONE,Object returned. Next step: Please close the box.,85.0,OPEN,0.097,0.161,1.1,0.097,-0.761,2.233,145.0,0.0,-137.7,1,0.105,-0.703,2.382,846.7,650.6,1275.0,975.0,0.112,-0.789,2.332,927.3,655.7,1207.0,781.7,GRASPED,1,0.104
465,52.235,2026-09-10T08:31:19.855413Z,12.5,3,OBJECT_RETURNED,GRASP COMPONENT BOX,NONE,Object returned. Next step: Please close the box.,85.0,OPEN,0.097,0.161,1.1,0.097,-0.761,2.233,145.0,0.0,-137.7,1,0.106,-0.703,2.382,847.1,650.6,1275.8,975.2,0.112,-0.788,2.333,926.9,655.3,1206.8,782.5,GRASPED,1,0.104
466,52.333,2026-09-10T08:31:19.953975Z,10.3,3,OBJECT_RETURNED,GRASP COMPONENT BOX,NONE,Object returned. Next step: Please close the box.,85.0,OPEN,0.097,0.16,1.1,0.097,-0.761,2.233,145.0,0.0,-137.7,1,0.105,-0.703,2.382,846.6,650.6,1274.6,975.1,0.111,-0.788,2.333,927.4,655.8,1205.1,782.7,GRASPED,1,0.104
467,52.421,2026-09-10T08:31:20.041832Z,11.2,3,OBJECT_RETURNED,GRASP COMPONENT BOX,NONE,Object returned. Next step: Please close the box.,85.0,OPEN,0.097,0.161,1.1,0.097,-0.761,2.233,145.0,0.0,-137.7,1,0.105,-0.703,2.382,846.1,650.5,1275.8,975.6,0.11,-0.789,2.332,926.6,655.3,1204.7,781.2,GRASPED,1,0.104
468,52.521,2026-09-10T08:31:20.141856Z,10.0,3,OBJECT_RETURNED,GRASP COMPONENT BOX,NONE,Object returned. Next step: Please close the box.,85.0,OPEN,0.097,0.161,1.1,0.097,-0.761,2.233,145.0,0.0,-137.7,1,0.106,-0.703,2.382,847.7,650.0,1275.8,975.8,0.111,-0.789,2.332,927.5,655.5,1205.7,781.0,GRASPED,1,0.104
469,52.603,2026-09-10T08:31:20.223419Z,12.1,3,OBJECT_RETURNED,GRASP COMPONENT BOX,NONE,Object returned. Next step: Please close the box.,85.0,OPEN,0.097,0.161,1.1,0.097,-0.761,2.233,145.0,0.0,-137.7,1,0.106,-0.703,2.382,847.6,649.7,1275.8,976.0,0.111,-0.789,2.332,928.1,655.4,1204.7,780.4,GRASPED,1,0.104
470,52.686,2026-09-10T08:31:20.307043Z,11.9,3,OBJECT_RETURNED,GRASP COMPONENT BOX,NONE,Object returned. Next step: Please close the box.,85.0,OPEN,0.096,0.161,1.1,0.097,-0.761,2.233,145.0,0.0,-137.7,1,0.106,-0.703,2.382,847.2,650.6,1275.3,976.0,0.11,-0.789,2.332,927.0,656.0,1204.3,781.1,GRASPED,1,0.104
471,52.778,2026-09-10T08:31:20.399027Z,12.0,3,OBJECT_RETURNED,GRASP COMPONENT BOX,NONE,Object returned. Next step: Please close the box.,84.9,OPEN,0.097,0.161,1.1,0.097,-0.761,2.233,145.0,0.0,-137.7,1,0.106,-0.703,2.382,847.4,651.5,1276.1,975.3,0.111,-0.79,2.332,928.4,654.8,1204.4,779.7,GRASPED,1,0.104
472,52.865,2026-09-10T08:31:20.485782Z,10.4,3,OBJECT_RETURNED,GRASP COMPONENT BOX,NONE,Object returned. Next step: Please close the box.,83.3,OPEN,0.097,0.161,1.1,0.097,-0.761,2.233,145.0,0.0,-137.7,1,0.106,-0.703,2.382,848.6,651.9,1275.3,975.3,0.11,-0.79,2.332,926.7,654.5,1204.6,780.6,GRASPED,1,0.104
473,52.949,2026-09-10T08:31:20.569395Z,12.0,3,OBJECT_RETURNED,GRASP COMPONENT BOX,NONE,Object returned. Next step: Please close the box.,80.5,OPEN,0.096,0.161,1.1,0.096,-0.761,2.233,145.0,0.0,-137.7,1,0.106,-0.703,2.382,848.0,651.3,1275.0,975.1,0.11,-0.79,2.332,925.9,653.1,1204.2,780.9,GRASPED,1,0.104
474,53.031,2026-09-10T08:31:20.651436Z,12.1,3,OBJECT_RETURNED,GRASP COMPONENT BOX,NONE,Object returned. Next step: Please close the box.,81.7,OPEN,0.095,0.161,1.1,0.095,-0.761,2.233,145.0,0.0,-137.7,1,0.106,-0.703,2.382,847.8,651.5,1275.6,976.0,0.108,-0.789,2.332,926.2,654.7,1201.5,780.9,GRASPED,1,0.104
475,53.13,2026-09-10T08:31:20.750356Z,12.0,3,OBJECT_RETURNED,APPROACH CONTAINER LID,NONE,Object returned. Next step: Please close the box.,82.5,OPEN,0.095,0.16,1.1,0.095,-0.761,2.233,145.0,0.0,-137.7,1,0.105,-0.703,2.382,846.1,650.7,1274.4,975.3,0.109,-0.79,2.332,926.8,654.0,1202.1,780.6,GRASPED,1,0.104
476,53.216,2026-09-10T08:31:20.836751Z,10.2,3,OBJECT_RETURNED,APPROACH CONTAINER LID,NONE,Object returned. Next step: Please close the box.,83.1,OPEN,0.095,0.16,1.1,0.095,-0.761,2.233,145.0,0.0,-137.7,1,0.105,-0.703,2.382,845.9,650.4,1275.1,975.6,0.107,-0.79,2.332,926.0,655.3,1200.0,779.3,GRASPED,1,0.104
477,53.301,2026-09-10T08:31:20.921789Z,11.4,3,OBJECT_RETURNED,APPROACH CONTAINER LID,NONE,Object returned. Next step: Please close the box.,83.6,OPEN,0.095,0.16,1.1,0.095,-0.761,2.233,145.0,0.0,-137.7,1,0.105,-0.703,2.382,846.1,651.1,1275.1,975.7,0.108,-0.789,2.332,926.5,655.7,1201.0,779.8,GRASPED,1,0.104
478,53.398,2026-09-10T08:31:21.018390Z,11.8,3,OBJECT_RETURNED,GRASP COMPONENT BOX,NONE,Object returned. Next step: Please close the box.,83.9,OPEN,0.095,0.161,1.1,0.095,-0.761,2.233,145.0,0.0,-137.7,1,0.106,-0.703,2.382,846.5,650.5,1275.8,976.2,0.109,-0.79,2.331,926.2,653.4,1202.1,779.7,GRASPED,1,0.104
479,53.48,2026-09-10T08:31:21.100675Z,10.3,3,OBJECT_RETURNED,GRASP COMPONENT BOX,NONE,Object returned. Next step: Please close the box.,84.2,OPEN,0.094,0.16,1.1,0.094,-0.761,2.233,145.0,0.0,-137.7,1,0.104,-0.703,2.382,844.2,651.6,1274.8,976.0,0.109,-0.791,2.331,925.3,651.9,1202.9,779.7,GRASPED,1,0.104
480,53.563,2026-09-10T08:31:21.184179Z,12.1,3,OBJECT_RETURNED,GRASP COMPONENT BOX,NONE,Object returned. Next step: Please close the box.,84.4,OPEN,0.093,0.16,1.1,0.094,-0.761,2.233,145.0,0.0,-137.7,1,0.103,-0.701,2.383,842.4,655.9,1275.3,976.1,0.106,-0.79,2.332,924.7,657.8,1198.8,777.0,GRASPED,1,0.104
481,53.666,2026-09-10T08:31:21.286497Z,10.5,3,OBJECT_RETURNED,GRASP COMPONENT BOX,NONE,Object returned. Next step: Please close the box.,84.6,OPEN,0.092,0.16,1.1,0.093,-0.761,2.233,145.0,0.0,-137.7,1,0.102,-0.702,2.382,841.6,653.7,1273.9,975.5,0.105,-0.791,2.331,922.9,653.4,1198.8,779.5,GRASPED,1,0.104
482,53.761,2026-09-10T08:31:21.381881Z,10.5,3,OBJECT_RETURNED,GRASP COMPONENT BOX,NONE,Object returned. Next step: Please close the box.,84.7,OPEN,0.075,0.086,1.1,0.084,-0.794,2.214,145.0,0.0,-137.7,1,0.103,-0.702,2.383,842.3,653.4,1274.7,975.8,0.106,-0.792,2.331,922.5,653.8,1199.9,776.8,GRASPED,1,0.119
483,53.872,2026-09-10T08:31:21.492552Z,10.6,3,OBJECT_RETURNED,APPROACH COMPONENT BOX,NONE,Object returned. Next step: Please close the box.,84.7,OPEN,0.094,0.16,1.1,0.081,-0.81,2.205,145.0,0.0,-137.7,1,0.103,-0.703,2.382,842.8,651.4,1273.8,975.5,0.107,-0.791,2.331,924.0,652.5,1201.2,779.7,APPROACHED,1,0.13
484,53.966,2026-09-10T08:31:21.586510Z,9.6,3,OBJECT_RETURNED,GRASP COMPONENT BOX,NONE,Object returned. Next step: Please close the box.,84.8,OPEN,0.093,0.161,1.1,0.098,-0.751,2.239,145.0,0.0,-137.7,1,0.103,-0.701,2.383,843.4,654.5,1274.4,976.3,0.107,-0.789,2.332,925.4,659.1,1199.3,777.9,GRASPED,1,0.101
485,54.046,2026-09-10T08:31:21.666350Z,10.6,3,OBJECT_RETURNED,GRASP COMPONENT BOX,NONE,Object returned. Next step: Please close the box.,84.9,OPEN,0.092,0.164,1.1,0.095,-0.757,2.235,145.0,0.0,-137.7,1,0.103,-0.701,2.383,843.1,656.0,1274.4,976.0,0.104,-0.786,2.334,920.7,662.8,1198.2,779.6,GRASPED,1,0.103
486,54.145,2026-09-10T08:31:21.765973Z,11.5,3,OBJECT_RETURNED,GRASP COMPONENT BOX,NONE,Object returned. Next step: Please close the box.,84.9,OPEN,0.089,0.154,1.1,0.091,-0.764,2.232,145.0,0.0,-137.7,1,0.103,-0.696,2.386,842.9,666.8,1274.8,975.3,0.109,-0.781,2.337,930.2,672.7,1199.6,781.2,GRASPED,1,0.108
487,54.229,2026-09-10T08:31:21.849895Z,11.1,3,OBJECT_RETURNED,GRASP COMPONENT BOX,NONE,Object returned. Next step: Please close the box.,79.2,OPEN,0.09,0.153,1.1,0.089,-0.772,2.227,145.0,0.0,-137.7,1,0.104,-0.704,2.381,843.7,648.7,1276.3,975.3,0.11,-0.816,2.316,925.3,600.8,1206.4,774.9,GRASPED,1,0.102
488,54.315,2026-09-10T08:31:21.935900Z,11.0,3,OBJECT_RETURNED,GRASP COMPONENT BOX,NONE,Object returned. Next step: Please close the box.,80.7,OPEN,0.092,0.156,1.1,0.09,-0.771,2.227,145.0,0.0,-137.7,1,0.105,-0.705,2.381,844.4,646.8,1276.7,975.2,0.111,-0.809,2.321,923.8,618.0,1208.8,775.1,GRASPED,1,0.103
489,54.4,2026-09-10T08:31:22.020678Z,11.8,3,OBJECT_RETURNED,GRASP COMPONENT BOX,NONE,Object returned. Next step: Please close the box.,80.8,OPEN,0.094,0.155,1.1,0.093,-0.769,2.228,145.0,0.0,-137.7,1,0.104,-0.707,2.379,844.6,642.6,1275.5,974.7,0.114,-0.807,2.322,924.3,622.0,1213.2,774.3,GRASPED,1,0.103
490,54.483,2026-09-10T08:31:22.104079Z,11.9,3,OBJECT_RETURNED,GRASP COMPONENT BOX,NONE,Object returned. Next step: Please close the box.,80.5,OPEN,0.091,0.154,1.1,0.093,-0.77,2.228,145.0,0.0,-137.7,1,0.104,-0.707,2.379,843.1,641.9,1276.5,975.4,0.108,-0.802,2.324,922.0,631.9,1205.0,774.8,GRASPED,1,0.103
491,54.57,2026-09-10T08:31:22.191174Z,11.8,3,OBJECT_RETURNED,GRASP COMPONENT BOX,NONE,Object returned. Next step: Please close the box.,80.8,OPEN,0.092,0.155,1.1,0.091,-0.769,2.228,145.0,0.0,-137.7,1,0.103,-0.706,2.38,842.5,644.3,1275.0,974.9,0.109,-0.797,2.327,922.6,642.0,1206.0,776.1,GRASPED,1,0.105
492,54.655,2026-09-10T08:31:22.275973Z,11.8,3,OBJECT_RETURNED,GRASP COMPONENT BOX,NONE,Object returned. Next step: Please close the box.,81.3,OPEN,0.095,0.157,1.1,0.094,-0.768,2.229,145.0,0.0,-137.7,1,0.105,-0.706,2.38,845.0,646.0,1275.3,974.5,0.108,-0.795,2.329,920.2,648.1,1207.4,775.3,GRASPED,1,0.104
493,54.742,2026-09-10T08:31:22.362341Z,12.0,3,OBJECT_RETURNED,GRASP COMPONENT BOX,NONE,Object returned. Next step: Please close the box.,82.0,OPEN,0.095,0.157,1.1,0.094,-0.766,2.23,145.0,0.0,-137.7,1,0.103,-0.705,2.381,844.9,648.1,1273.3,975.2,0.108,-0.794,2.33,921.9,650.7,1204.9,775.4,GRASPED,1,0.104
494,54.825,2026-09-10T08:31:22.445919Z,11.7,3,OBJECT_RETURNED,GRASP COMPONENT BOX,NONE,Object returned. Next step: Please close the box.,82.8,OPEN,0.094,0.159,1.1,0.093,-0.764,2.231,145.0,0.0,-137.7,1,0.104,-0.703,2.382,844.9,651.9,1275.1,975.6,0.108,-0.79,2.332,925.1,654.7,1201.8,780.1,GRASPED,1,0.105
495,54.903,2026-09-10T08:31:22.523860Z,12.2,3,OBJECT_RETURNED,GRASP COMPONENT BOX,NONE,Object returned. Next step: Please close the box.,83.3,OPEN,0.093,0.159,1.1,0.093,-0.763,2.232,145.0,0.0,-137.7,1,0.104,-0.702,2.382,844.6,653.2,1275.4,975.8,0.107,-0.788,2.332,923.9,656.9,1200.9,780.6,GRASPED,1,0.105
496,55.0,2026-09-10T08:31:22.621201Z,10.6,3,OBJECT_RETURNED,GRASP COMPONENT BOX,NONE,Object returned. Next step: Please close the box.,83.7,OPEN,0.095,0.159,1.1,0.094,-0.763,2.232,145.0,0.0,-137.7,1,0.104,-0.702,2.382,844.9,653.0,1274.8,975.2,0.108,-0.788,2.333,925.6,657.1,1202.0,781.2,GRASPED,1,0.105
497,55.097,2026-09-10T08:31:22.717616Z,10.9,3,OBJECT_RETURNED,GRASP COMPONENT BOX,NONE,Object returned. Next step: Please close the box.,84.1,OPEN,0.095,0.16,1.1,0.096,-0.763,2.232,145.0,0.0,-137.7,1,0.103,-0.702,2.383,844.5,654.9,1273.6,975.0,0.107,-0.787,2.333,924.1,658.9,1200.5,782.0,GRASPED,1,0.105
498,55.191,2026-09-10T08:31:22.811522Z,10.3,3,OBJECT_RETURNED,GRASP COMPONENT BOX,NONE,Object returned. Next step: Please close the box.,84.3,OPEN,0.095,0.16,1.1,0.095,-0.762,2.232,145.0,0.0,-137.7,1,0.105,-0.702,2.382,845.6,653.3,1274.8,975.4,0.107,-0.787,2.333,923.6,658.0,1202.0,782.5,GRASPED,1,0.105
499,55.273,2026-09-10T08:31:22.893915Z,11.8,3,OBJECT_RETURNED,GRASP COMPONENT BOX,NONE,Object returned. Next step: Please close the box.,84.5,OPEN,0.096,0.16,1.1,0.095,-0.762,2.232,145.0,0.0,-137.7,1,0.104,-0.703,2.382,845.2,652.1,1274.4,974.8,0.109,-0.788,2.333,924.6,656.7,1205.2,782.4,GRASPED,1,0.105
500,55.364,2026-09-10T08:31:22.985141Z,10.9,3,OBJECT_RETURNED,GRASP COMPONENT BOX,NONE,Object returned. Next step: Please close the box.,84.6,OPEN,0.096,0.16,1.1,0.096,-0.762,2.233,145.0,0.0,-137.7,1,0.105,-0.703,2.382,845.5,651.7,1275.1,975.5,0.11,-0.787,2.333,924.2,656.9,1206.4,783.8,GRASPED,1,0.105
501,55.455,2026-09-10T08:31:23.075870Z,11.7,3,OBJECT_RETURNED,GRASP COMPONENT BOX,NONE,Object returned. Next step: Please close the box.,84.7,OPEN,0.096,0.16,1.1,0.096,-0.761,2.233,145.0,0.0,-137.7,1,0.104,-0.703,2.382,844.7,650.4,1274.4,975.4,0.112,-0.789,2.332,924.4,653.7,1209.3,782.8,GRASPED,1,0.105
502,55.547,2026-09-10T08:31:23.167797Z,11.0,3,OBJECT_RETURNED,GRASP COMPONENT BOX,NONE,Object returned. Next step: Please close the box.,84.8,OPEN,0.096,0.16,1.1,0.096,-0.761,2.233,145.0,0.0,-137.7,1,0.104,-0.703,2.382,845.1,651.6,1273.7,975.7,0.111,-0.787,2.333,924.5,656.3,1208.2,783.8,GRASPED,1,0.105
503,55.63,2026-09-10T08:31:23.250858Z,11.3,3,OBJECT_RETURNED,GRASP COMPONENT BOX,NONE,Object returned. Next step: Please close the box.,84.8,OPEN,0.097,0.161,1.1,0.096,-0.761,2.233,145.0,0.0,-137.7,1,0.104,-0.703,2.382,845.1,652.0,1273.4,975.4,0.111,-0.787,2.334,925.3,657.5,1207.9,784.1,GRASPED,1,0.105
504,55.715,2026-09-10T08:31:23.336086Z,11.6,3,OBJECT_RETURNED,GRASP COMPONENT BOX,NONE,Object returned. Next step: Please close the box.,84.9,OPEN,0.096,0.16,1.1,0.097,-0.761,2.233,145.0,0.0,-137.7,1,0.104,-0.703,2.382,845.2,652.1,1274.5,975.1,0.112,-0.787,2.333,925.3,656.9,1208.8,784.3,GRASPED,1,0.105
505,55.8,2026-09-10T08:31:23.420417Z,12.0,3,OBJECT_RETURNED,GRASP COMPONENT BOX,NONE,Object returned. Next step: Please close the box.,84.9,OPEN,0.096,0.161,1.1,0.096,-0.761,2.233,145.0,0.0,-137.7,1,0.104,-0.702,2.382,845.1,652.3,1274.5,976.0,0.111,-0.787,2.334,925.6,656.9,1206.9,784.6,GRASPED,1,0.105
506,55.901,2026-09-10T08:31:23.521525Z,9.8,3,OBJECT_RETURNED,GRASP COMPONENT BOX,NONE,Object returned. Next step: Please close the box.,84.9,OPEN,0.096,0.161,1.1,0.096,-0.761,2.233,145.0,0.0,-137.7,1,0.104,-0.702,2.382,844.6,652.2,1275.2,976.2,0.11,-0.787,2.333,926.3,656.8,1205.4,783.5,GRASPED,1,0.105
507,55.983,2026-09-10T08:31:23.604010Z,11.9,3,OBJECT_RETURNED,GRASP COMPONENT BOX,NONE,Object returned. Next step: Please close the box.,84.9,OPEN,0.095,0.16,1.1,0.095,-0.761,2.233,145.0,0.0,-137.7,1,0.104,-0.703,2.382,844.9,651.0,1274.0,975.4,0.111,-0.788,2.333,925.7,655.1,1207.2,783.2,GRASPED,1,0.105
508,56.094,2026-09-10T08:31:23.714770Z,10.3,3,OBJECT_RETURNED,GRASP COMPONENT BOX,NONE,Object returned. Next step: Please close the box.,85.0,OPEN,0.095,0.16,1.1,0.095,-0.761,2.233,145.0,0.0,-137.7,1,0.104,-0.704,2.382,844.6,650.4,1274.3,975.0,0.11,-0.789,2.332,924.4,653.7,1205.7,783.6,GRASPED,1,0.104
509,56.204,2026-09-10T08:31:23.825065Z,8.6,3,OBJECT_RETURNED,GRASP COMPONENT BOX,NONE,Object returned. Next step: Please close the box.,85.0,OPEN,0.096,0.16,1.1,0.096,-0.761,2.233,145.0,0.0,-137.7,1,0.105,-0.703,2.382,845.6,651.1,1276.1,975.4,0.11,-0.788,2.333,925.6,655.4,1205.5,782.7,GRASPED,1,0.104
510,56.285,2026-09-10T08:31:23.905519Z,11.5,3,OBJECT_RETURNED,GRASP COMPONENT BOX,NONE,Object returned. Next step: Please close the box.,84.9,OPEN,0.096,0.16,1.1,0.097,-0.761,2.233,145.0,0.0,-137.7,1,0.105,-0.703,2.382,845.8,650.6,1275.9,976.2,0.111,-0.788,2.333,925.3,655.4,1207.4,783.5,GRASPED,1,0.104
511,56.396,2026-09-10T08:31:24.016355Z,9.9,3,OBJECT_RETURNED,GRASP COMPONENT BOX,NONE,Object returned. Next step: Please close the box.,84.9,OPEN,0.095,0.161,1.1,0.096,-0.761,2.233,145.0,0.0,-137.7,1,0.104,-0.703,2.382,844.7,651.4,1274.7,975.5,0.107,-0.788,2.333,923.2,655.8,1201.0,782.5,GRASPED,1,0.104
512,56.494,2026-09-10T08:31:24.114590Z,10.2,3,OBJECT_RETURNED,GRASP COMPONENT BOX,NONE,Object returned. Next step: Please close the box.,84.9,OPEN,0.095,0.16,1.1,0.095,-0.761,2.233,145.0,0.0,-137.7,1,0.104,-0.702,2.382,844.5,652.9,1274.3,975.6,0.109,-0.788,2.333,925.0,656.0,1203.3,782.3,GRASPED,1,0.104
513,56.587,2026-09-10T08:31:24.207618Z,9.9,3,OBJECT_RETURNED,GRASP COMPONENT BOX,NONE,Object returned. Next step: Please close the box.,84.9,OPEN,0.094,0.16,1.1,0.096,-0.762,2.233,145.0,0.0,-137.7,1,0.105,-0.703,2.382,844.5,651.2,1275.8,975.6,0.109,-0.79,2.332,923.3,653.3,1204.8,781.7,GRASPED,1,0.104
514,56.67,2026-09-10T08:31:24.290959Z,11.7,3,OBJECT_RETURNED,GRASP COMPONENT BOX,NONE,Object returned. Next step: Please close the box.,85.0,OPEN,0.095,0.161,1.1,0.095,-0.761,2.233,145.0,0.0,-137.7,1,0.104,-0.703,2.382,845.0,651.9,1275.0,975.6,0.108,-0.788,2.333,923.8,655.8,1203.7,782.7,GRASPED,1,0.104
515,56.756,2026-09-10T08:31:24.376609Z,12.1,3,OBJECT_RETURNED,GRASP COMPONENT BOX,NONE,Object returned. Next step: Please close the box.,85.0,OPEN,0.096,0.161,1.1,0.096,-0.76,2.233,145.0,0.0,-137.7,1,0.105,-0.703,2.382,845.0,651.9,1275.3,975.2,0.11,-0.788,2.333,924.9,655.9,1206.8,783.4,GRASPED,1,0.104
516,56.847,2026-09-10T08:31:24.467322Z,11.4,3,OBJECT_RETURNED,GRASP COMPONENT BOX,NONE,Object returned. Next step: Please close the box.,85.0,OPEN,0.094,0.16,1.1,0.095,-0.761,2.233,145.0,0.0,-137.7,1,0.105,-0.703,2.382,845.0,651.5,1275.4,975.1,0.107,-0.788,2.333,922.6,655.6,1202.1,783.0,GRASPED,1,0.104
517,56.931,2026-09-10T08:31:24.551300Z,11.1,3,OBJECT_RETURNED,GRASP COMPONENT BOX,NONE,Object returned. Next step: Please close the box.,85.0,OPEN,0.094,0.16,1.1,0.094,-0.761,2.233,145.0,0.0,-137.7,1,0.105,-0.703,2.382,844.9,652.2,1275.5,975.1,0.108,-0.788,2.333,924.1,656.4,1202.8,782.6,GRASPED,1,0.104
518,57.02,2026-09-10T08:31:24.640816Z,11.6,3,OBJECT_RETURNED,GRASP COMPONENT BOX,NONE,Object returned. Next step: Please close the box.,85.0,OPEN,0.095,0.16,1.1,0.095,-0.761,2.233,145.0,0.0,-137.7,1,0.104,-0.703,2.382,844.8,651.3,1275.4,975.4,0.109,-0.789,2.332,923.9,655.2,1204.8,782.1,GRASPED,1,0.104
519,57.1,2026-09-10T08:31:24.721007Z,11.9,3,OBJECT_RETURNED,GRASP COMPONENT BOX,NONE,Object returned. Next step: Please close the box.,85.0,OPEN,0.093,0.16,1.1,0.094,-0.761,2.233,145.0,0.0,-137.7,1,0.103,-0.703,2.382,844.0,651.9,1274.2,975.1,0.106,-0.789,2.332,922.8,654.8,1200.5,781.4,GRASPED,1,0.104
520,57.182,2026-09-10T08:31:24.802543Z,12.4,3,OBJECT_RETURNED,GRASP COMPONENT BOX,NONE,Object returned. Next step: Please close the box.,85.0,OPEN,0.094,0.16,1.1,0.093,-0.761,2.233,145.0,0.0,-137.7,1,0.104,-0.704,2.381,844.5,650.8,1274.5,974.5,0.108,-0.789,2.332,923.4,653.8,1203.1,781.9,GRASPED,1,0.104
521,57.268,2026-09-10T08:31:24.888857Z,11.6,3,OBJECT_RETURNED,GRASP COMPONENT BOX,NONE,Object returned. Next step: Please close the box.,85.0,OPEN,0.095,0.16,1.1,0.094,-0.761,2.233,145.0,0.0,-137.7,1,0.105,-0.703,2.382,845.6,650.9,1276.2,975.7,0.109,-0.788,2.333,924.5,655.5,1205.3,782.4,GRASPED,1,0.104
522,57.352,2026-09-10T08:31:24.972818Z,11.8,3,OBJECT_RETURNED,GRASP COMPONENT BOX,NONE,Object returned. Next step: Please close the box.,85.0,OPEN,0.096,0.16,1.1,0.095,-0.761,2.233,145.0,0.0,-137.7,1,0.106,-0.703,2.382,846.6,651.6,1276.6,975.0,0.11,-0.788,2.333,925.0,655.6,1205.5,782.9,GRASPED,1,0.104
523,57.439,2026-09-10T08:31:25.059727Z,12.1,3,OBJECT_RETURNED,GRASP COMPONENT BOX,NONE,Object returned. Next step: Please close the box.,85.0,OPEN,0.096,0.16,1.1,0.096,-0.761,2.233,145.0,0.0,-137.7,1,0.104,-0.703,2.382,845.6,651.1,1274.2,974.9,0.112,-0.788,2.333,926.3,654.4,1207.6,783.4,GRASPED,1,0.105
524,57.522,2026-09-10T08:31:25.142836Z,11.4,3,OBJECT_RETURNED,GRASP COMPONENT BOX,NONE,Object returned. Next step: Please close the box.,85.0,OPEN,0.097,0.16,1.1,0.096,-0.761,2.233,145.0,0.0,-137.7,1,0.104,-0.703,2.382,844.6,652.0,1273.9,975.2,0.112,-0.788,2.333,927.4,655.6,1207.2,782.8,GRASPED,1,0.105
525,57.601,2026-09-10T08:31:25.221891Z,12.5,3,OBJECT_RETURNED,GRASP COMPONENT BOX,NONE,Object returned. Next step: Please close the box.,85.0,OPEN,0.096,0.16,1.1,0.096,-0.761,2.233,145.0,0.0,-137.7,1,0.104,-0.703,2.382,844.3,651.2,1274.7,974.7,0.111,-0.789,2.332,926.1,653.3,1207.5,782.6,GRASPED,1,0.104
526,57.727,2026-09-10T08:31:25.347735Z,10.3,3,OBJECT_RETURNED,APPROACH CONTAINER LID,NONE,Object returned. Next step: Please close the box.,84.8,OPEN,0.097,0.16,1.1,0.096,-0.761,2.233,145.0,0.0,-137.7,1,0.104,-0.704,2.381,844.1,649.7,1275.2,974.9,0.112,-0.789,2.332,925.5,653.0,1208.5,782.3,GRASPED,1,0.104
527,57.818,2026-09-10T08:31:25.438917Z,8.7,3,OBJECT_RETURNED,APPROACH CONTAINER LID,NONE,Object returned. Next step: Please close the box.,84.7,OPEN,0.096,0.16,1.1,0.096,-0.761,2.233,145.0,0.0,-137.7,1,0.103,-0.704,2.381,843.5,649.7,1274.3,974.9,0.11,-0.79,2.332,925.7,652.2,1205.4,782.0,GRASPED,1,0.104
528,57.91,2026-09-10T08:31:25.531059Z,10.8,3,OBJECT_RETURNED,APPROACH CONTAINER LID,NONE,Object returned. Next step: Please close the box.,84.8,OPEN,0.095,0.161,1.1,0.096,-0.761,2.233,145.0,0.0,-137.7,1,0.103,-0.703,2.382,843.7,650.9,1274.7,974.7,0.109,-0.789,2.332,925.5,654.7,1203.6,782.0,GRASPED,1,0.104
529,57.99,2026-09-10T08:31:25.610681Z,11.7,3,OBJECT_RETURNED,APPROACH CONTAINER LID,NONE,Object returned. Next step: Please close the box.,84.7,OPEN,0.097,0.161,1.1,0.096,-0.761,2.233,145.0,0.0,-137.7,1,0.104,-0.703,2.382,843.8,650.3,1274.8,975.3,0.113,-0.79,2.331,928.1,652.8,1207.8,780.3,GRASPED,1,0.104
530,58.087,2026-09-10T08:31:25.707690Z,13.0,3,OBJECT_RETURNED,GRASP COMPONENT BOX,NONE,Object returned. Next step: Please close the box.,84.4,OPEN,0.096,0.16,1.1,0.097,-0.761,2.233,145.0,0.0,-137.7,1,0.104,-0.703,2.382,844.2,650.8,1274.2,975.7,0.11,-0.791,2.331,927.2,651.5,1204.2,780.4,GRASPED,1,0.103
531,58.179,2026-09-10T08:31:25.800016Z,9.8,3,OBJECT_RETURNED,GRASP COMPONENT BOX,NONE,Object returned. Next step: Please close the box.,83.8,OPEN,0.096,0.16,1.1,0.096,-0.761,2.233,145.0,0.0,-137.7,1,0.104,-0.704,2.381,844.9,649.2,1274.6,974.7,0.112,-0.793,2.33,927.2,648.4,1208.3,778.8,GRASPED,1,0.103
532,58.274,2026-09-10T08:31:25.894857Z,11.1,3,OBJECT_RETURNED,APPROACH CONTAINER LID,NONE,Object returned. Next step: Please close the box.,83.4,OPEN,0.096,0.16,1.1,0.096,-0.761,2.233,145.0,0.0,-137.7,1,0.104,-0.704,2.381,845.2,649.3,1274.6,975.5,0.112,-0.792,2.331,925.8,650.5,1208.8,779.7,GRASPED,1,0.104
533,58.355,2026-09-10T08:31:25.975300Z,11.1,3,OBJECT_RETURNED,APPROACH CONTAINER LID,NONE,Object returned. Next step: Please close the box.,83.4,OPEN,0.096,0.16,1.1,0.096,-0.761,2.233,145.0,0.0,-137.7,1,0.104,-0.704,2.381,845.3,649.6,1274.6,975.3,0.11,-0.792,2.331,925.3,652.6,1205.9,778.0,GRASPED,1,0.104
534,58.457,2026-09-10T08:31:26.078176Z,11.3,3,OBJECT_RETURNED,GRASP COMPONENT BOX,NONE,Object returned. Next step: Please close the box.,83.6,OPEN,0.095,0.16,1.1,0.095,-0.761,2.233,145.0,0.0,-137.7,1,0.104,-0.703,2.382,845.3,651.1,1273.5,975.6,0.109,-0.789,2.332,924.5,655.2,1204.7,781.1,GRASPED,1,0.104
535,58.55,2026-09-10T08:31:26.170279Z,10.2,3,OBJECT_RETURNED,APPROACH CONTAINER LID,NONE,Object returned. Next step: Please close the box.,83.8,OPEN,0.095,0.16,1.1,0.095,-0.761,2.233,145.0,0.0,-137.7,1,0.104,-0.703,2.382,844.7,650.2,1275.6,975.6,0.107,-0.788,2.333,922.8,656.1,1202.8,782.2,GRASPED,1,0.104
536,58.638,2026-09-10T08:31:26.258761Z,10.4,3,OBJECT_RETURNED,APPROACH CONTAINER LID,NONE,Object returned. Next step: Please close the box.,84.1,OPEN,0.094,0.16,1.1,0.094,-0.761,2.233,145.0,0.0,-137.7,1,0.104,-0.703,2.382,844.3,650.9,1275.2,975.6,0.106,-0.788,2.333,922.1,656.9,1202.0,782.3,GRASPED,1,0.104
537,58.728,2026-09-10T08:31:26.348214Z,10.7,3,OBJECT_RETURNED,APPROACH CONTAINER LID,NONE,Object returned. Next step: Please close the box.,84.3,OPEN,0.095,0.16,1.1,0.095,-0.761,2.233,145.0,0.0,-137.7,1,0.104,-0.703,2.382,844.5,650.5,1275.6,975.0,0.107,-0.788,2.333,923.1,657.0,1202.0,782.3,GRASPED,1,0.104
538,58.82,2026-09-10T08:31:26.440288Z,13.4,3,OBJECT_RETURNED,GRASP COMPONENT BOX,NONE,Object returned. Next step: Please close the box.,84.3,OPEN,0.095,0.16,1.1,0.096,-0.761,2.233,145.0,0.0,-137.7,1,0.104,-0.704,2.382,844.8,650.3,1274.7,975.2,0.107,-0.788,2.333,923.2,656.9,1201.0,781.4,GRASPED,1,0.104
539,58.922,2026-09-10T08:31:26.542830Z,10.3,3,OBJECT_RETURNED,APPROACH CONTAINER LID,NONE,Object returned. Next step: Please close the box.,84.5,OPEN,0.093,0.16,1.1,0.095,-0.762,2.233,145.0,0.0,-137.7,1,0.104,-0.704,2.382,844.4,650.6,1274.4,974.9,0.107,-0.788,2.333,923.0,655.9,1202.3,782.1,GRASPED,1,0.104
540,59.006,2026-09-10T08:31:26.626451Z,9.6,3,OBJECT_RETURNED,APPROACH CONTAINER LID,NONE,Object returned. Next step: Please close the box.,84.6,OPEN,0.093,0.16,1.1,0.094,-0.762,2.232,145.0,0.0,-137.7,1,0.104,-0.704,2.381,844.4,650.5,1274.6,974.8,0.107,-0.789,2.332,923.2,655.8,1202.6,781.6,GRASPED,1,0.105
541,59.105,2026-09-10T08:31:26.725468Z,10.5,3,OBJECT_RETURNED,APPROACH CONTAINER LID,NONE,Object returned. Next step: Please close the box.,84.7,OPEN,0.094,0.16,1.1,0.095,-0.762,2.232,145.0,0.0,-137.7,1,0.104,-0.703,2.382,844.3,651.2,1275.3,975.8,0.108,-0.789,2.332,923.5,655.5,1203.8,781.4,GRASPED,1,0.104
542,59.197,2026-09-10T08:31:26.817281Z,10.9,3,OBJECT_RETURNED,APPROACH CONTAINER LID,NONE,Object returned. Next step: Please close the box.,84.8,OPEN,0.094,0.16,1.1,0.096,-0.761,2.233,145.0,0.0,-137.7,1,0.103,-0.703,2.382,844.0,651.7,1274.1,975.4,0.108,-0.789,2.332,923.5,655.8,1203.9,780.9,GRASPED,1,0.104
543,59.286,2026-09-10T08:31:26.906410Z,11.1,3,OBJECT_RETURNED,APPROACH CONTAINER LID,NONE,Object returned. Next step: Please close the box.,84.8,OPEN,0.094,0.16,1.1,0.095,-0.761,2.233,145.0,0.0,-137.7,1,0.103,-0.703,2.382,844.2,652.1,1273.7,975.4,0.107,-0.788,2.333,923.3,656.6,1202.2,781.3,GRASPED,1,0.104
544,59.387,2026-09-10T08:31:27.007431Z,9.8,3,OBJECT_RETURNED,APPROACH CONTAINER LID,NONE,Object returned. Next step: Please close the box.,84.8,OPEN,0.096,0.16,1.1,0.096,-0.761,2.233,145.0,0.0,-137.7,1,0.103,-0.702,2.382,843.7,652.5,1273.9,975.5,0.107,-0.789,2.332,923.5,656.3,1201.9,780.3,GRASPED,1,0.104
545,59.47,2026-09-10T08:31:27.091124Z,11.8,3,OBJECT_RETURNED,APPROACH CONTAINER LID,NONE,Object returned. Next step: Please close the box.,84.9,OPEN,0.099,0.159,1.1,0.098,-0.761,2.233,145.0,0.0,-137.7,1,0.104,-0.701,2.383,844.4,654.4,1275.1,975.8,0.107,-0.788,2.333,923.7,656.8,1201.3,781.3,GRASPED,1,0.104
546,59.558,2026-09-10T08:31:27.179016Z,11.9,3,OBJECT_RETURNED,APPROACH CONTAINER LID,NONE,Object returned. Next step: Please close the box.,84.4,OPEN,0.093,0.16,1.1,0.097,-0.762,2.232,145.0,0.0,-137.7,1,0.104,-0.703,2.382,843.6,650.4,1275.4,975.6,0.108,-0.792,2.331,922.5,649.9,1203.9,780.2,GRASPED,1,0.103
547,59.643,2026-09-10T08:31:27.264042Z,10.7,3,OBJECT_RETURNED,APPROACH CONTAINER LID,NONE,Object returned. Next step: Please close the box.,84.5,OPEN,0.098,0.159,1.1,0.095,-0.762,2.232,145.0,0.0,-137.7,1,0.104,-0.705,2.381,843.4,648.0,1275.5,974.5,0.11,-0.792,2.33,923.6,648.9,1206.5,779.9,GRASPED,1,0.104
548,59.727,2026-09-10T08:31:27.348102Z,12.6,3,OBJECT_RETURNED,APPROACH CONTAINER LID,NONE,Object returned. Next step: Please close the box.,84.6,OPEN,0.095,0.16,1.1,0.098,-0.762,2.232,145.0,0.0,-137.7,1,0.104,-0.705,2.381,844.4,648.2,1275.4,974.6,0.11,-0.792,2.33,923.6,649.3,1207.4,780.4,GRASPED,1,0.103
549,59.811,2026-09-10T08:31:27.431554Z,11.7,3,OBJECT_RETURNED,APPROACH CONTAINER LID,NONE,Object returned. Next step: Please close the box.,84.7,OPEN,0.096,0.16,1.1,0.096,-0.761,2.233,145.0,0.0,-137.7,1,0.103,-0.704,2.381,843.7,649.7,1273.4,975.1,0.109,-0.791,2.331,923.8,651.3,1205.1,781.3,GRASPED,1,0.104
550,59.895,2026-09-10T08:31:27.515283Z,12.0,3,OBJECT_RETURNED,APPROACH CONTAINER LID,NONE,Object returned. Next step: Please close the box.,84.8,OPEN,0.093,0.112,1.1,0.095,-0.783,2.221,145.0,0.0,-137.7,1,0.103,-0.703,2.382,843.9,651.1,1274.4,974.8,0.109,-0.789,2.332,923.6,654.0,1205.7,781.7,GRASPED,1,0.113
551,59.983,2026-09-10T08:31:27.603208Z,11.5,3,OBJECT_RETURNED,APPROACH CONTAINER LID,NONE,Object returned. Next step: Please close the box.,84.8,OPEN,0.09,0.112,1.1,0.092,-0.814,2.202,145.0,0.0,-137.7,1,0.104,-0.703,2.382,844.3,650.3,1274.7,975.4,0.108,-0.789,2.332,924.4,654.5,1203.1,781.2,APPROACHED,1,0.133
552,60.068,2026-09-10T08:31:27.688961Z,11.5,3,OBJECT_RETURNED,APPROACH CONTAINER LID,NONE,Object returned. Next step: Please close the box.,84.9,OPEN,0.089,0.111,1.1,0.09,-0.809,2.205,145.0,0.0,-137.7,1,0.104,-0.703,2.382,844.7,651.3,1275.5,975.2,0.107,-0.789,2.332,922.6,654.4,1202.1,782.0,APPROACHED,1,0.129
553,60.15,2026-09-10T08:31:27.770263Z,12.5,3,OBJECT_RETURNED,APPROACH CONTAINER LID,NONE,Object returned. Next step: Please close the box.,84.5,OPEN,0.096,0.11,1.1,0.093,-0.807,2.207,145.0,0.0,-137.7,1,0.104,-0.704,2.381,844.2,649.3,1274.8,975.9,0.108,-0.791,2.331,923.7,651.6,1204.1,780.2,APPROACHED,1,0.126
554,60.235,2026-09-10T08:31:27.855553Z,11.7,3,OBJECT_RETURNED,APPROACH CONTAINER LID,NONE,Object returned. Next step: Please close the box.,84.2,OPEN,0.098,0.159,1.1,0.1,-0.784,2.22,145.0,0.0,-137.7,1,0.103,-0.705,2.381,843.9,647.5,1274.2,975.2,0.109,-0.792,2.33,923.2,649.7,1205.6,779.9,GRASPED,1,0.111
555,60.318,2026-09-10T08:31:27.938326Z,12.2,3,OBJECT_RETURNED,APPROACH CONTAINER LID,NONE,Object returned. Next step: Please close the box.,84.4,OPEN,0.098,0.159,1.1,0.101,-0.753,2.238,145.0,0.0,-137.7,1,0.103,-0.705,2.381,842.7,648.0,1274.3,975.0,0.108,-0.792,2.33,922.8,649.4,1205.2,779.8,GRASPED,1,0.101
556,60.421,2026-09-10T08:31:28.041668Z,9.8,3,OBJECT_RETURNED,APPROACH CONTAINER LID,NONE,Object returned. Next step: Please close the box.,84.5,OPEN,0.097,0.159,1.1,0.099,-0.758,2.235,145.0,0.0,-137.7,1,0.104,-0.704,2.381,843.8,649.9,1274.7,975.0,0.109,-0.791,2.331,923.7,651.2,1205.6,780.8,GRASPED,1,0.102
557,60.517,2026-09-10T08:31:28.137207Z,10.1,3,OBJECT_RETURNED,APPROACH CONTAINER LID,NONE,Object returned. Next step: Please close the box.,84.6,OPEN,0.095,0.158,1.1,0.097,-0.761,2.233,145.0,0.0,-137.7,1,0.103,-0.704,2.381,843.4,648.7,1274.6,975.2,0.11,-0.791,2.331,923.0,650.4,1207.8,781.4,GRASPED,1,0.103
558,60.606,2026-09-10T08:31:28.226280Z,11.2,3,OBJECT_RETURNED,APPROACH CONTAINER LID,NONE,Object returned. Next step: Please close the box.,84.7,OPEN,0.095,0.158,1.1,0.096,-0.762,2.232,145.0,0.0,-137.7,1,0.103,-0.704,2.381,843.4,649.8,1274.3,974.8,0.111,-0.791,2.331,923.8,650.5,1209.0,781.0,GRASPED,1,0.104
559,60.686,2026-09-10T08:31:28.306911Z,12.6,3,OBJECT_RETURNED,APPROACH CONTAINER LID,NONE,Object returned. Next step: Please close the box.,84.8,OPEN,0.095,0.158,1.1,0.096,-0.762,2.232,145.0,0.0,-137.7,1,0.103,-0.703,2.382,842.9,651.1,1275.0,974.9,0.11,-0.791,2.331,923.9,651.3,1207.7,781.5,GRASPED,1,0.104
560,60.766,2026-09-10T08:31:28.386806Z,12.1,3,OBJECT_RETURNED,APPROACH CONTAINER LID,NONE,Object returned. Next step: Please close the box.,84.9,OPEN,0.096,0.159,1.1,0.096,-0.762,2.232,145.0,0.0,-137.7,1,0.103,-0.703,2.382,842.9,651.5,1274.2,975.0,0.11,-0.79,2.332,923.7,652.2,1207.5,782.5,GRASPED,1,0.104
561,60.853,2026-09-10T08:31:28.474176Z,11.9,3,OBJECT_RETURNED,APPROACH CONTAINER LID,NONE,Object returned. Next step: Please close the box.,84.9,OPEN,0.094,0.159,1.1,0.095,-0.762,2.232,145.0,0.0,-137.7,1,0.102,-0.702,2.383,842.4,653.9,1273.3,975.4,0.108,-0.788,2.333,922.8,654.5,1205.0,784.7,GRASPED,1,0.105
562,60.943,2026-09-10T08:31:28.563900Z,11.5,3,OBJECT_RETURNED,APPROACH CONTAINER LID,NONE,Object returned. Next step: Please close the box.,84.9,OPEN,0.092,0.159,1.1,0.092,-0.762,2.232,145.0,0.0,-137.7,1,0.103,-0.702,2.383,843.1,654.2,1274.6,975.7,0.11,-0.787,2.333,922.1,655.1,1208.0,785.5,GRASPED,1,0.105
563,61.027,2026-09-10T08:31:28.648151Z,11.4,3,OBJECT_RETURNED,APPROACH CONTAINER LID,NONE,Object returned. Next step: Please close the box.,84.9,OPEN,0.105,0.107,1.1,0.098,-0.785,2.219,145.0,0.0,-137.7,1,0.103,-0.703,2.382,843.8,651.9,1274.3,975.1,0.111,-0.792,2.33,925.1,648.6,1208.3,781.0,GRASPED,1,0.112
564,61.107,2026-09-10T08:31:28.727658Z,12.6,3,OBJECT_RETURNED,APPROACH CONTAINER LID,NONE,Object returned. Next step: Please close the box.,85.0,OPEN,0.094,0.161,1.1,0.103,-0.795,2.213,145.0,0.0,-137.7,1,0.103,-0.704,2.381,843.0,650.0,1275.3,975.2,0.108,-0.792,2.331,924.2,651.3,1202.0,779.2,GRASPED,1,0.118
565,61.2,2026-09-10T08:31:28.820319Z,11.3,3,OBJECT_RETURNED,APPROACH CONTAINER LID,NONE,Object returned. Next step: Please close the box.,85.0,OPEN,0.094,0.161,1.1,0.094,-0.752,2.238,145.0,0.0,-137.7,1,0.103,-0.704,2.381,843.5,649.5,1274.6,975.0,0.108,-0.792,2.33,926.1,651.4,1200.3,778.2,GRASPED,1,0.102
566,61.306,2026-09-10T08:31:28.927166Z,9.5,3,OBJECT_RETURNED,APPROACH CONTAINER LID,NONE,Object returned. Next step: Please close the box.,84.8,OPEN,0.092,0.154,1.1,0.094,-0.759,2.234,145.0,0.0,-137.7,1,0.103,-0.705,2.381,841.7,647.1,1275.4,975.3,0.108,-0.795,2.329,924.2,646.5,1202.8,776.0,GRASPED,1,0.102
567,61.412,2026-09-10T08:31:29.032353Z,9.6,3,OBJECT_RETURNED,APPROACH CONTAINER LID,NONE,Object returned. Next step: Please close the box.,84.6,OPEN,0.092,0.156,1.1,0.092,-0.765,2.231,145.0,0.0,-137.7,1,0.103,-0.705,2.38,841.9,646.6,1275.7,974.6,0.109,-0.794,2.329,924.2,647.8,1204.4,776.4,GRASPED,1,0.104
568,61.511,2026-09-10T08:31:29.131919Z,11.2,3,OBJECT_RETURNED,GRASP COMPONENT BOX,NONE,Object returned. Next step: Please close the box.,78.1,OPEN,0.095,0.155,1.1,0.094,-0.764,2.231,145.0,0.0,-137.7,1,0.102,-0.704,2.381,841.9,648.5,1274.4,975.0,0.109,-0.793,2.33,924.2,650.2,1204.3,777.3,GRASPED,1,0.104
569,61.611,2026-09-10T08:31:29.231905Z,9.7,3,OBJECT_RETURNED,APPROACH CONTAINER LID,NONE,Object returned. Next step: Please close the box.,79.8,OPEN,0.095,0.156,1.1,0.097,-0.764,2.231,145.0,0.0,-137.7,1,0.103,-0.704,2.381,842.5,649.1,1274.3,974.6,0.109,-0.792,2.33,923.9,650.9,1204.5,777.7,GRASPED,1,0.103
570,61.695,2026-09-10T08:31:29.315291Z,10.3,3,OBJECT_RETURNED,APPROACH CONTAINER LID,NONE,Object returned. Next step: Please close the box.,81.1,OPEN,0.095,0.156,1.1,0.097,-0.764,2.232,145.0,0.0,-137.7,1,0.103,-0.704,2.381,842.8,650.2,1275.1,974.1,0.108,-0.792,2.33,923.7,651.3,1203.3,778.0,GRASPED,1,0.103
571,61.79,2026-09-10T08:31:29.411001Z,10.7,3,OBJECT_RETURNED,APPROACH CONTAINER LID,NONE,Object returned. Next step: Please close the box.,82.1,OPEN,0.094,0.156,1.1,0.095,-0.765,2.231,145.0,0.0,-137.7,1,0.104,-0.704,2.381,843.5,649.7,1275.1,975.2,0.108,-0.793,2.33,923.9,650.7,1203.0,777.2,GRASPED,1,0.104
572,61.897,2026-09-10T08:31:29.517859Z,10.2,3,OBJECT_RETURNED,APPROACH CONTAINER LID,NONE,Object returned. Next step: Please close the box.,82.8,OPEN,0.094,0.156,1.1,0.094,-0.765,2.231,145.0,0.0,-137.7,1,0.104,-0.704,2.381,842.9,649.2,1275.9,974.5,0.109,-0.793,2.33,923.8,650.0,1204.7,778.2,GRASPED,1,0.104
573,62.002,2026-09-10T08:31:29.622531Z,9.8,3,OBJECT_RETURNED,APPROACH CONTAINER LID,NONE,Object returned. Next step: Please close the box.,83.4,OPEN,0.093,0.157,1.1,0.093,-0.765,2.231,145.0,0.0,-137.7,1,0.102,-0.704,2.381,842.3,649.5,1274.1,974.8,0.107,-0.793,2.33,923.3,650.3,1201.6,777.9,GRASPED,1,0.104
574,62.092,2026-09-10T08:31:29.712399Z,10.1,3,OBJECT_RETURNED,APPROACH CONTAINER LID,NONE,Object returned. Next step: Please close the box.,83.8,OPEN,0.092,0.156,1.1,0.092,-0.764,2.231,145.0,0.0,-137.7,1,0.103,-0.704,2.381,843.4,649.1,1274.5,975.0,0.108,-0.793,2.33,923.7,649.6,1203.0,777.2,GRASPED,1,0.104
575,62.178,2026-09-10T08:31:29.798682Z,11.1,3,OBJECT_RETURNED,APPROACH CONTAINER LID,NONE,Object returned. Next step: Please close the box.,82.8,OPEN,0.082,0.12,1.1,0.087,-0.781,2.222,145.0,0.0,-137.7,1,0.102,-0.706,2.38,841.3,645.2,1273.3,974.8,0.109,-0.799,2.326,925.0,644.0,1204.0,769.3,GRASPED,1,0.109
576,62.288,2026-09-10T08:31:29.908831Z,11.5,3,OBJECT_RETURNED,GRASP COMPONENT BOX,NONE,Object returned. Next step: Please close the box.,77.2,OPEN,0.078,0.124,1.1,0.077,-0.803,2.209,145.0,0.0,-137.7,1,0.105,-0.703,2.382,843.0,650.2,1277.7,976.2,0.081,-0.812,2.261,996.0,635.0,1086.0,705.0,GRASPED,1,0.053
577,62.402,2026-09-10T08:31:30.023193Z,9.2,3,OBJECT_RETURNED,IDLE,NONE,Object returned. Next step: Please close the box.,73.7,OPEN,-0.338,-0.346,1.1,-0.139,-1.007,2.091,145.0,0.0,-137.7,1,0.104,-0.7,2.383,843.2,657.6,1276.7,974.6,-0.424,-0.62,2.372,137.0,704.0,936.0,1080.0,RELEASED,0,0.556
578,62.513,2026-09-10T08:31:30.133560Z,8.9,3,OBJECT_RETURNED,IDLE,NONE,Object returned. Next step: Please close the box.,76.5,OPEN,-0.336,-0.346,1.1,-0.392,-1.256,1.947,145.0,0.0,-137.7,1,0.104,-0.693,2.388,843.2,673.8,1276.7,974.6,-0.397,-0.597,2.385,136.0,758.0,990.0,1080.0,RELEASED,0,0.792
579,62.631,2026-09-10T08:31:30.251576Z,9.1,3,OBJECT_RETURNED,IDLE,NONE,Object returned. Next step: Please close the box.,78.6,OPEN,-0.337,-0.346,1.1,-0.335,-1.201,1.979,145.0,0.0,-137.7,1,0.104,-0.693,2.388,842.6,674.6,1276.1,974.7,-0.438,-0.605,2.381,124.0,740.0,920.0,1080.0,RELEASED,0,0.726
580,62.737,2026-09-10T08:31:30.357341Z,8.4,3,OBJECT_RETURNED,IDLE,NONE,Object returned. Next step: Please close the box.,80.2,OPEN,-0.334,-0.347,1.1,-0.334,-1.201,1.979,145.0,0.0,-137.7,1,0.103,-0.692,2.388,841.2,675.2,1275.4,975.1,-0.45,-0.598,2.385,118.0,756.0,902.0,1080.0,RELEASED,0,0.736
581,62.839,2026-09-10T08:31:30.459754Z,9.7,3,OBJECT_RETURNED,APPROACH COMPONENT BOX,NONE,Object returned. Next step: Please close the box.,79.2,OPEN,0.078,0.018,1.1,-0.121,-1.038,2.073,145.0,0.0,-137.7,1,0.106,-0.699,2.384,844.2,661.8,1278.3,974.7,0.081,-0.909,2.205,996.0,524.0,1086.0,594.0,RELEASED,0,0.274
582,62.954,2026-09-10T08:31:30.574989Z,9.5,3,OBJECT_RETURNED,IDLE,NONE,Object returned. Next step: Please close the box.,73.0,OPEN,-0.337,-0.346,1.1,0.056,-0.9,2.152,145.0,0.0,-137.7,1,0.103,-0.696,2.386,842.3,667.1,1274.6,974.0,-0.461,-0.602,2.382,76.0,746.0,922.0,1080.0,RELEASED,0,0.64
583,63.065,2026-09-10T08:31:30.686086Z,8.7,3,OBJECT_RETURNED,IDLE,NONE,Object returned. Next step: Please close the box.,76.0,OPEN,-0.337,-0.346,1.1,-0.194,-1.09,2.042,145.0,0.0,-137.7,1,0.104,-0.692,2.388,843.4,676.6,1275.2,975.1,-0.421,-0.604,2.381,150.0,742.0,929.0,1080.0,RELEASED,0,0.634
584,63.178,2026-09-10T08:31:30.799091Z,8.9,3,OBJECT_RETURNED,IDLE,NONE,Object returned. Next step: Please close the box.,78.3,OPEN,-0.339,-0.346,1.1,-0.138,-1.046,2.067,145.0,0.0,-137.7,1,0.103,-0.689,2.39,843.5,682.3,1274.1,974.7,-0.412,-0.595,2.387,98.0,763.0,998.0,1080.0,RELEASED,0,0.617
585,63.293,2026-09-10T08:31:30.913245Z,9.2,3,OBJECT_RETURNED,IDLE,NONE,Object returned. Next step: Please close the box.,73.5,OPEN,-0.336,-0.346,1.1,-0.121,-1.033,2.075,145.0,0.0,-137.7,1,0.105,-0.701,2.383,845.2,656.5,1276.1,975.5,-0.441,-0.587,2.391,134.0,780.0,904.0,1080.0,RELEASED,0,0.633
586,63.42,2026-09-10T08:31:31.040492Z,7.7,3,OBJECT_RETURNED,IDLE,NONE,Object returned. Next step: Please close the box.,69.7,OPEN,-0.335,-0.346,1.1,-0.097,-1.017,2.084,145.0,0.0,-137.7,1,0.104,-0.703,2.382,843.3,651.4,1275.2,975.5,-0.431,-0.585,2.392,126.0,786.0,932.0,1080.0,RELEASED,0,0.627
587,63.579,2026-09-10T08:31:31.199265Z,8.3,3,OBJECT_RETURNED,IDLE,NONE,Object returned. Next step: Please close the box.,67.4,OPEN,-0.337,-0.346,1.1,-0.108,-1.025,2.08,145.0,0.0,-137.7,1,0.103,-0.705,2.381,842.3,647.9,1275.0,975.0,0.103,-0.798,2.327,923.4,646.3,1193.4,769.6,DOCKED,1,0.396
588,63.701,2026-09-10T08:31:31.322121Z,5.2,3,OBJECT_RETURNED,APPROACH COMPONENT BOX,NONE,Object returned. Next step: Please close the box.,66.0,OPEN,0.087,0.108,1.1,-0.017,-0.918,2.142,145.0,0.0,-137.7,1,0.103,-0.705,2.381,842.6,647.6,1274.6,975.1,0.104,-0.798,2.327,923.7,647.3,1196.5,769.8,APPROACHED,1,0.252
589,63.798,2026-09-10T08:31:31.418731Z,10.1,3,OBJECT_RETURNED,APPROACH COMPONENT BOX,NONE,Object returned. Next step: Please close the box.,65.0,OPEN,0.094,0.109,1.1,0.288,-0.63,2.309,145.0,0.0,-137.7,1,0.103,-0.705,2.381,841.9,647.0,1274.9,974.6,0.101,-0.797,2.327,923.1,647.8,1191.3,769.9,APPROACHED,1,0.252
590,63.882,2026-09-10T08:31:31.502949Z,11.7,3,OBJECT_RETURNED,APPROACH COMPONENT BOX,NONE,Object returned. Next step: Please close the box.,69.7,OPEN,0.089,0.109,1.1,0.258,-0.655,2.294,145.0,0.0,-137.7,1,0.103,-0.705,2.381,841.9,647.4,1275.1,974.7,0.1,-0.797,2.327,923.8,648.6,1187.6,769.1,APPROACHED,1,0.216
591,63.972,2026-09-10T08:31:31.593193Z,12.0,3,OBJECT_RETURNED,APPROACH COMPONENT BOX,NONE,Object returned. Next step: Please close the box.,66.4,OPEN,0.086,0.108,1.1,0.233,-0.67,2.285,145.0,0.0,-137.7,1,0.103,-0.705,2.381,842.2,647.8,1275.2,975.1,0.102,-0.797,2.327,923.4,648.6,1191.8,769.4,APPROACHED,1,0.188
592,64.063,2026-09-10T08:31:31.683454Z,10.7,3,OBJECT_RETURNED,APPROACH COMPONENT BOX,NONE,Object returned. Next step: Please close the box.,63.9,OPEN,0.089,0.11,1.1,0.229,-0.672,2.284,145.0,0.0,-137.7,1,0.102,-0.705,2.381,841.9,647.6,1274.4,974.7,0.098,-0.797,2.328,922.8,649.8,1185.4,769.5,APPROACHED,1,0.186
593,64.145,2026-09-10T08:31:31.765749Z,12.0,3,OBJECT_RETURNED,APPROACH COMPONENT BOX,NONE,Object returned. Next step: Please close the box.,61.6,OPEN,0.085,0.11,1.1,0.219,-0.681,2.279,145.0,0.0,-137.7,1,0.103,-0.705,2.381,842.1,647.7,1276.0,975.4,0.102,-0.798,2.327,923.8,647.5,1191.5,769.5,APPROACHED,1,0.172
594,64.234,2026-09-10T08:31:31.855009Z,11.4,3,OBJECT_RETURNED,APPROACH COMPONENT BOX,NONE,Object returned. Next step: Please close the box.,59.6,OPEN,0.084,0.109,1.1,0.21,-0.686,2.276,145.0,0.0,-137.7,1,0.103,-0.705,2.381,842.7,647.2,1275.1,975.5,0.104,-0.798,2.327,924.2,647.7,1194.3,769.1,APPROACHED,1,0.163
595,64.318,2026-09-10T08:31:31.939158Z,11.5,3,OBJECT_RETURNED,APPROACH COMPONENT BOX,NONE,Object returned. Next step: Please close the box.,58.5,OPEN,0.085,0.107,1.1,0.205,-0.693,2.272,145.0,0.0,-137.7,1,0.103,-0.704,2.381,842.8,648.8,1275.3,976.0,0.098,-0.797,2.328,922.7,649.8,1184.9,769.4,APPROACHED,1,0.159
596,64.418,2026-09-10T08:31:32.038522Z,12.1,3,OBJECT_RETURNED,APPROACH COMPONENT BOX,NONE,Object returned. Next step: Please close the box.,58.1,OPEN,-0.332,-0.347,1.1,-0.02,-0.907,2.149,145.0,0.0,-137.7,1,0.103,-0.704,2.381,843.7,649.1,1274.6,975.6,0.1,-0.797,2.328,923.1,649.4,1189.3,769.2,APPROACHED,1,0.242
597,64.517,2026-09-10T08:31:32.137403Z,10.0,3,OBJECT_RETURNED,IDLE,NONE,Object returned. Next step: Please close the box.,57.8,OPEN,-0.332,-0.346,1.1,-0.293,-1.163,2.0,145.0,0.0,-137.7,1,0.103,-0.703,2.382,842.6,650.9,1274.4,976.0,0.106,-0.797,2.328,925.5,649.3,1198.1,770.1,DOCKED,1,0.633
598,64.627,2026-09-10T08:31:32.247310Z,10.3,3,OBJECT_RETURNED,IDLE,NONE,Object returned. Next step: Please close the box.,58.5,OPEN,-0.338,-0.346,1.1,-0.229,-1.1,2.037,145.0,0.0,-137.7,1,0.103,-0.704,2.381,843.1,649.0,1274.9,976.3,-0.429,-0.59,2.389,136.0,773.0,926.0,1080.0,RELEASED,0,0.651
599,64.736,2026-09-10T08:31:32.356937Z,9.4,3,OBJECT_RETURNED,IDLE,NONE,Object returned. Next step: Please close the box.,59.9,OPEN,-0.384,-0.347,1.1,-0.224,-1.069,2.055,145.0,0.0,-137.7,1,0.103,-0.702,2.382,842.1,652.6,1275.6,976.0,-0.534,-0.603,2.382,126.0,743.0,727.0,1080.0,RELEASED,0,0.648
600,64.848,2026-09-10T08:31:32.468568Z,8.7,3,OBJECT_RETURNED,IDLE,NONE,Object returned. Next step: Please close the box.,61.4,OPEN,-0.447,-0.346,1.1,-0.277,-1.055,2.063,145.0,0.0,-137.7,1,0.103,-0.702,2.382,842.0,652.7,1275.5,975.9,-0.397,-0.588,2.391,134.0,779.0,992.0,1080.0,RELEASED,0,0.583
601,64.988,2026-09-10T08:31:32.608275Z,8.0,3,OBJECT_RETURNED,IDLE,NONE,Object returned. Next step: Please close the box.,62.4,OPEN,-0.466,-0.346,1.1,-0.325,-1.051,2.066,145.0,0.0,-137.7,1,0.102,-0.703,2.382,842.6,652.5,1272.7,975.0,-0.525,-0.588,2.39,64.0,778.0,806.0,1080.0,RELEASED,0,0.6
602,65.1,2026-09-10T08:31:32.720642Z,7.6,3,OBJECT_RETURNED,APPROACH COMPONENT BOX,NONE,Object returned. Next step: Please close the box.,62.5,OPEN,0.096,0.103,1.1,-0.018,-0.84,2.188,145.0,0.0,-137.7,1,0.103,-0.702,2.382,842.5,653.2,1275.3,975.7,0.1,-0.832,2.249,1015.0,612.0,1105.0,682.0,APPROACHED,1,0.134
603,65.217,2026-09-10T08:31:32.837759Z,9.3,3,OBJECT_RETURNED,IDLE,NONE,Object returned. Next step: Please close the box.,60.8,OPEN,-0.487,-0.347,1.1,0.083,-0.775,2.225,145.0,0.0,-137.7,1,0.104,-0.702,2.382,843.6,653.3,1275.1,975.7,-0.395,-0.614,2.375,128.0,718.0,1002.0,1080.0,RELEASED,0,0.526
604,65.324,2026-09-10T08:31:32.944986Z,8.9,3,OBJECT_RETURNED,IDLE,NONE,Object returned. Next step: Please close the box.,58.3,OPEN,-0.496,-0.346,1.1,-0.355,-1.071,2.054,145.0,0.0,-137.7,1,0.103,-0.701,2.383,843.5,654.0,1274.4,976.4,-0.423,-0.634,2.364,72.0,672.0,1003.0,1080.0,RELEASED,0,0.54
605,65.438,2026-09-10T08:31:33.058743Z,9.2,3,OBJECT_RETURNED,IDLE,NONE,Object returned. Next step: Please close the box.,55.4,OPEN,-0.506,-0.347,1.1,-0.308,-1.038,2.073,145.0,0.0,-137.7,1,0.104,-0.702,2.382,844.4,653.2,1274.1,976.0,-0.389,-0.649,2.355,140.0,638.0,1002.0,1080.0,RELEASED,0,0.487
606,65.555,2026-09-10T08:31:33.175662Z,8.6,3,OBJECT_RETURNED,IDLE,NONE,Object returned. Next step: Please close the box.,53.6,OPEN,-0.513,-0.346,1.1,-0.428,-1.133,2.018,145.0,0.0,-137.7,1,0.104,-0.701,2.383,844.8,654.3,1273.8,975.8,-0.394,-0.628,2.367,128.0,686.0,1005.0,1080.0,RELEASED,0,0.615
607,65.652,2026-09-10T08:31:33.272303Z,8.5,3,OBJECT_RETURNED,IDLE,NONE,Object returned. Next step: Please close the box.,52.5,OPEN,-0.519,-0.346,1.1,-0.487,-1.178,1.992,145.0,0.0,-137.7,1,0.104,-0.701,2.383,844.7,656.0,1273.9,975.7,0.102,-0.795,2.329,920.6,653.5,1195.2,770.6,DOCKED,1,0.78
608,65.761,2026-09-10T08:31:33.381889Z,10.4,3,OBJECT_RETURNED,IDLE,NONE,Object returned. Next step: Please close the box.,53.0,OPEN,-0.526,-0.346,1.1,-0.507,-1.19,1.985,145.0,0.0,-137.7,1,0.104,-0.701,2.383,844.5,656.0,1274.5,976.0,-0.433,-0.794,2.271,90.0,302.0,964.0,1080.0,RELEASED,0,0.494
609,65.869,2026-09-10T08:31:33.489969Z,9.8,3,OBJECT_RETURNED,IDLE,NONE,Object returned. Next step: Please close the box.,53.8,OPEN,-0.533,-0.346,1.1,-0.521,-1.195,1.982,145.0,0.0,-137.7,1,0.104,-0.701,2.383,844.5,654.3,1275.3,975.7,-0.405,-0.586,2.392,146.0,784.0,964.0,1080.0,RELEASED,0,0.743
610,65.981,2026-09-10T08:31:33.601739Z,8.8,3,OBJECT_RETURNED,IDLE,NONE,Object returned. Next step: Please close the box.,55.1,OPEN,-0.542,-0.346,1.1,-0.531,-1.197,1.981,145.0,0.0,-137.7,1,0.104,-0.701,2.383,844.6,655.4,1275.7,975.5,-0.406,-0.619,2.372,144.0,706.0,964.0,1080.0,RELEASED,0,0.709
611,66.102,2026-09-10T08:31:33.723131Z,8.6,3,OBJECT_RETURNED,IDLE,NONE,Object returned. Next step: Please close the box.,55.7,OPEN,-0.55,-0.347,1.1,-0.541,-1.199,1.98,145.0,0.0,-137.7,1,0.104,-0.701,2.383,844.7,655.0,1275.4,976.5,-0.404,-0.618,2.373,134.0,710.0,978.0,1080.0,RELEASED,0,0.715
612,66.21,2026-09-10T08:31:33.830901Z,8.4,3,OBJECT_RETURNED,IDLE,NONE,Object returned. Next step: Please close the box.,55.8,OPEN,-0.56,-0.346,1.1,-0.55,-1.199,1.98,145.0,0.0,-137.7,1,0.104,-0.701,2.383,844.2,654.0,1274.8,976.3,-0.452,-0.603,2.382,94.0,744.0,922.0,1080.0,RELEASED,0,0.726
613,66.329,2026-09-10T08:31:33.950001Z,9.1,3,OBJECT_RETURNED,IDLE,NONE,Object returned. Next step: Please close the box.,55.3,OPEN,-0.57,-0.347,1.1,-0.562,-1.2,1.98,145.0,0.0,-137.7,1,0.104,-0.701,2.383,843.6,654.2,1275.7,976.9,-0.404,-0.622,2.371,116.0,700.0,996.0,1080.0,RELEASED,0,0.715
614,66.456,2026-09-10T08:31:34.076302Z,8.2,3,OBJECT_RETURNED,IDLE,NONE,Object returned. Next step: Please close the box.,55.2,OPEN,-0.578,-0.347,1.1,-0.57,-1.2,1.979,145.0,0.0,-137.7,1,0.104,-0.701,2.383,844.5,653.7,1275.5,976.6,-0.398,-0.631,2.366,126.0,680.0,998.0,1080.0,RELEASED,0,0.709
615,66.604,2026-09-10T08:31:34.224651Z,7.2,3,OBJECT_RETURNED,IDLE,NONE,Object returned. Next step: Please close the box.,55.3,OPEN,-0.583,-0.346,1.1,-0.575,-1.2,1.98,145.0,0.0,-137.7,1,0.104,-0.701,2.383,843.7,654.5,1275.5,977.0,-0.396,-0.586,2.392,126.0,784.0,1002.0,1080.0,RELEASED,0,0.761
616,66.74,2026-09-10T08:31:34.360599Z,6.9,3,OBJECT_RETURNED,IDLE,NONE,Object returned. Next step: Please close the box.,55.1,OPEN,-0.586,-0.346,1.1,-0.581,-1.2,1.98,145.0,0.0,-137.7,1,0.103,-0.701,2.383,841.5,655.3,1275.2,976.9,-0.366,-0.767,2.287,144.0,364.0,1044.0,1080.0,RELEASED,0,0.572
617,66.869,2026-09-10T08:31:34.489616Z,8.2,3,OBJECT_RETURNED,IDLE,NONE,Object returned. Next step: Please close the box.,54.1,OPEN,-0.586,-0.347,1.1,-0.583,-1.2,1.979,145.0,0.0,-137.7,1,0.102,-0.7,2.383,840.7,655.8,1275.8,977.1,-0.405,-0.631,2.365,125.0,678.0,986.0,1080.0,RELEASED,0,0.71
618,67.001,2026-09-10T08:31:34.621219Z,7.2,3,OBJECT_RETURNED,IDLE,NONE,Object returned. Next step: Please close the box.,52.8,OPEN,-0.586,-0.346,1.1,-0.583,-1.2,1.979,145.0,0.0,-137.7,1,0.102,-0.7,2.384,839.7,656.0,1275.0,977.1,-0.458,-0.631,2.366,128.0,680.0,875.0,1080.0,RELEASED,0,0.699
619,67.108,2026-09-10T08:31:34.728730Z,7.2,3,OBJECT_RETURNED,IDLE,NONE,Object returned. Next step: Please close the box.,52.0,OPEN,0.093,0.103,1.1,-0.242,-1.003,2.093,145.0,0.0,-137.7,1,0.101,-0.701,2.383,839.3,655.2,1274.7,976.5,0.097,-0.832,2.249,1012.0,612.0,1102.0,682.0,DOCKED,1,0.411
620,67.201,2026-09-10T08:31:34.821703Z,11.0,3,OBJECT_RETURNED,APPROACH COMPONENT BOX,NONE,Object returned. Next step: Please close the box.,50.5,OPEN,0.092,0.103,1.1,0.299,-0.693,2.272,145.0,0.0,-137.7,1,0.101,-0.7,2.383,840.0,656.2,1274.2,976.4,0.095,-0.832,2.249,1010.0,612.0,1100.0,682.0,APPROACHED,1,0.248
621,67.318,2026-09-10T08:31:34.938707Z,9.5,3,OBJECT_RETURNED,APPROACH COMPONENT BOX,NONE,Object returned. Next step: Please close the box.,50.1,OPEN,-0.584,-0.347,1.1,-0.039,-0.887,2.16,145.0,0.0,-137.7,1,0.102,-0.701,2.383,841.4,655.0,1274.9,976.5,0.099,-0.795,2.329,917.5,654.0,1192.1,769.1,APPROACHED,1,0.237
622,67.405,2026-09-10T08:31:35.025983Z,9.5,3,OBJECT_RETURNED,IDLE,NONE,Object returned. Next step: Please close the box.,49.5,OPEN,0.091,0.105,1.1,-0.139,-0.944,2.127,145.0,0.0,-137.7,1,0.102,-0.701,2.383,841.3,655.2,1274.6,976.8,0.095,-0.831,2.25,1010.0,614.0,1100.0,684.0,DOCKED,1,0.287
623,67.493,2026-09-10T08:31:35.113359Z,11.4,3,OBJECT_RETURNED,IDLE,NONE,Object returned. Next step: Please close the box.,48.6,OPEN,0.091,0.105,1.1,0.545,-0.548,2.356,145.0,0.0,-137.7,1,0.102,-0.701,2.383,840.1,654.3,1275.4,977.1,0.095,-0.831,2.25,1010.0,614.0,1100.0,684.0,DOCKED,1,0.542
624,67.605,2026-09-10T08:31:35.225677Z,12.4,3,OBJECT_RETURNED,IDLE,NONE,Object returned. Next step: Please close the box.,48.0,OPEN,-0.586,-0.346,1.1,0.175,-0.762,2.232,145.0,0.0,-137.7,1,0.103,-0.7,2.383,841.8,655.7,1274.7,977.3,-0.432,-0.598,2.385,141.0,756.0,915.0,1080.0,RELEASED,0,0.647
625,67.721,2026-09-10T08:31:35.341370Z,8.6,3,OBJECT_RETURNED,IDLE,NONE,Object returned. Next step: Please close the box.,47.2,OPEN,-0.588,-0.346,1.1,-0.183,-0.968,2.113,145.0,0.0,-137.7,1,0.103,-0.7,2.383,841.3,655.3,1275.6,977.6,-0.415,-0.604,2.381,124.0,742.0,966.0,1080.0,RELEASED,0,0.508
626,67.829,2026-09-10T08:31:35.449344Z,8.9,3,OBJECT_RETURNED,IDLE,NONE,Object returned. Next step: Please close the box.,47.7,OPEN,-0.589,-0.346,1.1,-0.05,-0.89,2.158,145.0,0.0,-137.7,1,0.103,-0.701,2.383,841.0,653.9,1275.6,976.7,-0.402,-0.626,2.368,128.0,690.0,988.0,1080.0,RELEASED,0,0.487
627,67.929,2026-09-10T08:31:35.549560Z,8.7,3,OBJECT_RETURNED,CONTACT COMPONENT BOX,NONE,Object returned. Next step: Please close the box.,48.0,OPEN,0.091,0.105,1.1,0.005,-0.858,2.177,145.0,0.0,-137.7,1,0.102,-0.701,2.383,840.7,655.2,1274.7,976.4,0.094,-0.83,2.251,1009.0,615.0,1099.0,685.0,GRASPED,1,0.119
628,68.04,2026-09-10T08:31:35.660557Z,10.7,3,OBJECT_RETURNED,IDLE,NONE,Object returned. Next step: Please close the box.,47.8,OPEN,-0.592,-0.346,1.1,0.165,-0.766,2.23,145.0,0.0,-137.7,1,0.102,-0.701,2.383,841.1,655.4,1274.3,976.0,-0.407,-0.602,2.382,127.0,746.0,980.0,1080.0,RELEASED,0,0.613
629,68.123,2026-09-10T08:31:35.743401Z,8.8,3,OBJECT_RETURNED,CONTACT COMPONENT BOX,NONE,Object returned. Next step: Please close the box.,47.9,OPEN,0.093,0.105,1.1,0.139,-0.782,2.221,145.0,0.0,-137.7,1,0.102,-0.7,2.383,840.7,655.6,1275.2,976.7,0.096,-0.83,2.251,1011.0,615.0,1101.0,685.0,GRASPED,1,0.071
630,68.198,2026-09-10T08:31:35.818743Z,12.8,3,OBJECT_RETURNED,IDLE,NONE,Object returned. Next step: Please close the box.,47.3,OPEN,0.089,0.105,1.1,0.835,-0.383,2.452,145.0,0.0,-137.7,1,0.102,-0.701,2.383,840.9,655.3,1275.3,976.3,0.093,-0.83,2.251,1008.0,615.0,1098.0,685.0,DOCKED,1,0.889
631,68.318,2026-09-10T08:31:35.938920Z,11.2,3,OBJECT_RETURNED,IDLE,NONE,Object returned. Next step: Please close the box.,46.8,OPEN,-0.598,-0.347,1.1,0.548,-0.544,2.358,145.0,0.0,-137.7,1,0.102,-0.7,2.383,839.6,656.1,1275.3,976.4,-0.403,-0.758,2.292,128.0,386.0,986.0,1080.0,RELEASED,0,0.977
632,68.437,2026-09-10T08:31:36.057981Z,8.8,3,OBJECT_RETURNED,IDLE,NONE,Object returned. Next step: Please close the box.,48.3,OPEN,-0.601,-0.346,1.1,0.257,-0.709,2.263,145.0,0.0,-137.7,1,0.103,-0.7,2.384,841.7,656.7,1276.0,976.8,-0.407,-0.59,2.389,128.0,774.0,978.0,1080.0,RELEASED,0,0.686
633,68.589,2026-09-10T08:31:36.209973Z,6.9,3,OBJECT_RETURNED,IDLE,NONE,Object returned. Next step: Please close the box.,49.0,OPEN,-0.606,-0.346,1.1,0.515,-0.558,2.351,145.0,0.0,-137.7,1,0.102,-0.701,2.383,840.7,655.9,1274.5,975.8,-0.392,-0.775,2.282,156.0,346.0,980.0,1080.0,RELEASED,0,0.935
634,68.694,2026-09-10T08:31:36.314788Z,8.4,3,OBJECT_RETURNED,IDLE,NONE,Object returned. Next step: Please close the box.,50.1,OPEN,-0.61,-0.346,1.1,-0.116,-0.918,2.142,145.0,0.0,-137.7,1,0.102,-0.7,2.384,840.8,656.7,1275.6,976.5,-0.386,-0.775,2.282,126.0,346.0,1022.0,1080.0,RELEASED,0,0.336
635,68.806,2026-09-10T08:31:36.426997Z,8.9,3,OBJECT_RETURNED,IDLE,NONE,Object returned. Next step: Please close the box.,50.6,OPEN,-0.614,-0.346,1.1,-0.381,-1.068,2.056,145.0,0.0,-137.7,1,0.103,-0.7,2.384,841.4,657.3,1276.4,976.0,-0.421,-0.774,2.283,134.0,348.0,945.0,1080.0,RELEASED,0,0.373
636,68.915,2026-09-10T08:31:36.535962Z,9.5,3,OBJECT_RETURNED,IDLE,NONE,Object returned. Next step: Please close the box.,52.0,OPEN,-0.618,-0.347,1.1,-0.503,-1.136,2.016,145.0,0.0,-137.7,1,0.103,-0.7,2.384,840.9,657.6,1275.7,976.7,-0.419,-0.779,2.28,147.0,338.0,936.0,1080.0,RELEASED,0,0.452
637,69.027,2026-09-10T08:31:36.647887Z,8.6,3,OBJECT_RETURNED,IDLE,NONE,Object returned. Next step: Please close the box.,52.6,OPEN,-0.62,-0.346,1.1,-0.563,-1.169,1.998,145.0,0.0,-137.7,1,0.102,-0.7,2.384,840.2,657.2,1275.2,977.2,-0.406,-0.778,2.281,126.0,339.0,982.0,1080.0,RELEASED,0,0.507
638,69.136,2026-09-10T08:31:36.756595Z,9.6,3,OBJECT_RETURNED,IDLE,NONE,Object returned. Next step: Please close the box.,53.1,OPEN,-0.62,-0.346,1.1,-0.591,-1.184,1.989,145.0,0.0,-137.7,1,0.102,-0.699,2.384,840.4,657.8,1274.9,976.8,-0.428,-0.773,2.284,92.0,352.0,972.0,1080.0,RELEASED,0,0.532
639,69.245,2026-09-10T08:31:36.865316Z,8.8,3,OBJECT_RETURNED,IDLE,NONE,Object returned. Next step: Please close the box.,53.9,OPEN,-0.623,-0.346,1.1,-0.605,-1.192,1.984,145.0,0.0,-137.7,1,0.103,-0.7,2.384,841.1,657.8,1275.9,976.5,-0.388,-0.77,2.285,146.0,358.0,998.0,1080.0,RELEASED,0,0.562
640,69.347,2026-09-10T08:31:36.967690Z,9.7,3,OBJECT_RETURNED,IDLE,NONE,Object returned. Next step: Please close the box.,54.3,OPEN,-0.631,-0.346,1.1,-0.618,-1.196,1.981,145.0,0.0,-137.7,1,0.102,-0.7,2.384,841.0,657.1,1274.6,976.3,-0.43,-0.769,2.286,154.0,361.0,906.0,1080.0,RELEASED,0,0.558
641,69.459,2026-09-10T08:31:37.080091Z,9.1,3,OBJECT_RETURNED,IDLE,NONE,Object returned. Next step: Please close the box.,54.7,OPEN,-0.636,-0.346,1.1,-0.631,-1.198,1.98,145.0,0.0,-137.7,1,0.103,-0.7,2.383,841.1,656.4,1275.6,976.1,-0.461,-0.768,2.286,140.0,362.0,859.0,1080.0,RELEASED,0,0.555
642,69.561,2026-09-10T08:31:37.181958Z,9.4,3,OBJECT_RETURNED,EXTRACT COMPONENT BOX,NONE,Object returned. Next step: Please close the box.,55.5,OPEN,-0.641,-0.346,1.1,-0.637,-1.199,1.979,145.0,0.0,-137.7,1,0.101,-0.7,2.384,839.8,657.9,1274.5,975.7,-0.67,-1.239,2.015,245.0,143.0,335.0,213.0,EXTRACTED,0,0.062
643,69.666,2026-09-10T08:31:37.286484Z,8.8,3,OBJECT_RETURNED,EXTRACT COMPONENT BOX,NONE,Object returned. Next step: Please close the box.,55.2,OPEN,-0.647,-0.346,1.1,-0.642,-1.2,1.979,145.0,0.0,-137.7,1,0.102,-0.699,2.384,840.4,659.5,1275.8,976.0,-0.676,-1.239,2.015,239.0,143.0,329.0,213.0,EXTRACTED,0,0.063
644,69.76,2026-09-10T08:31:37.381090Z,10.2,3,OBJECT_RETURNED,EXTRACT COMPONENT BOX,NONE,Object returned. Next step: Please close the box.,54.6,OPEN,-0.654,-0.346,1.1,-0.648,-1.2,1.979,145.0,0.0,-137.7,1,0.103,-0.7,2.384,841.6,658.6,1275.4,975.5,-0.684,-1.239,2.015,231.0,143.0,321.0,213.0,EXTRACTED,0,0.064
1,69.921,2026-09-10T08:31:37.542011Z,6.9,0,IDLE,APPROACH COMPONENT BOX,NONE,System initialized. Please open the box.,13.3,CLOSED,-0.338,-0.277,1.1,-0.492,-1.17,1.997,145.0,0.0,-137.7,1,0.102,-0.701,2.383,840.2,655.6,1274.7,975.2,-0.353,-1.176,2.051,562.0,215.0,652.0,285.0,RELEASED,0,0.15
2,70.072,2026-09-10T08:31:37.692457Z,7.1,0,IDLE,EXTRACT COMPONENT BOX,NONE,System initialized. Please open the box.,24.4,OPEN,-0.335,-0.277,1.1,-0.264,-1.127,2.022,145.0,0.0,-137.7,1,0.102,-0.701,2.383,840.6,655.1,1274.9,975.3,-0.35,-1.176,2.051,565.0,215.0,655.0,285.0,EXTRACTED,0,0.103
3,70.194,2026-09-10T08:31:37.814513Z,7.3,0,IDLE,EXTRACT COMPONENT BOX,NONE,System initialized. Please open the box.,33.2,OPEN,-0.337,-0.277,1.1,-0.29,-1.132,2.019,145.0,0.0,-137.7,1,0.101,-0.702,2.382,840.2,654.0,1274.1,974.8,-0.352,-1.176,2.051,563.0,215.0,653.0,285.0,EXTRACTED,0,0.082
4,70.311,2026-09-10T08:31:37.931846Z,8.2,0,IDLE,EXTRACT COMPONENT BOX,NONE,System initialized. Please open the box.,40.6,OPEN,-0.338,-0.277,1.1,-0.308,-1.135,2.017,145.0,0.0,-137.7,1,0.102,-0.702,2.383,841.0,654.7,1274.3,974.6,-0.354,-1.176,2.051,561.0,215.0,651.0,285.0,EXTRACTED,0,0.07
5,70.421,2026-09-10T08:31:38.042122Z,9.4,0,IDLE,EXTRACT COMPONENT BOX,NONE,System initialized. Please open the box.,46.4,OPEN,-0.34,-0.277,1.1,-0.325,-1.138,2.016,145.0,0.0,-137.7,1,0.104,-0.702,2.383,842.1,653.7,1276.3,975.8,-0.355,-1.176,2.051,560.0,215.0,650.0,285.0,EXTRACTED,0,0.06
6,70.539,2026-09-10T08:31:38.159377Z,8.5,0,IDLE,EXTRACT COMPONENT BOX,NONE,System initialized. Please open the box.,49.6,OPEN,-0.338,-0.276,1.1,-0.332,-1.139,2.015,145.0,0.0,-137.7,1,0.103,-0.702,2.383,841.7,654.1,1275.0,975.2,-0.354,-1.175,2.051,561.0,216.0,651.0,286.0,EXTRACTED,0,0.056
7,70.65,2026-09-10T08:31:38.270909Z,8.6,0,IDLE,EXTRACT COMPONENT BOX,NONE,System initialized. Please open the box.,51.2,OPEN,-0.337,-0.276,1.1,-0.333,-1.139,2.015,145.0,0.0,-137.7,1,0.104,-0.701,2.383,842.6,656.2,1275.8,975.8,-0.353,-1.175,2.051,562.0,216.0,652.0,286.0,EXTRACTED,0,0.055
8,70.746,2026-09-10T08:31:38.366383Z,10.3,0,IDLE,EXTRACT COMPONENT BOX,NONE,System initialized. Please open the box.,51.8,OPEN,-0.337,-0.276,1.1,-0.335,-1.139,2.015,145.0,0.0,-137.7,1,0.103,-0.701,2.383,842.6,655.2,1274.6,975.6,-0.353,-1.175,2.051,562.0,216.0,652.0,286.0,EXTRACTED,0,0.055
9,70.857,2026-09-10T08:31:38.477541Z,9.3,0,IDLE,EXTRACT COMPONENT BOX,NONE,System initialized. Please open the box.,52.2,OPEN,-0.336,-0.276,1.1,-0.336,-1.139,2.014,145.0,0.0,-137.7,1,0.103,-0.701,2.383,842.5,656.0,1274.9,975.6,-0.351,-1.175,2.051,564.0,216.0,654.0,286.0,EXTRACTED,0,0.054
10,70.954,2026-09-10T08:31:38.574246Z,9.7,0,IDLE,EXTRACT COMPONENT BOX,NONE,System initialized. Please open the box.,52.9,OPEN,-0.337,-0.277,1.1,-0.336,-1.14,2.014,145.0,0.0,-137.7,1,0.103,-0.701,2.383,843.0,656.2,1274.9,975.8,-0.352,-1.176,2.051,563.0,215.0,653.0,285.0,EXTRACTED,0,0.054
11,71.057,2026-09-10T08:31:38.677803Z,10.5,0,IDLE,EXTRACT COMPONENT BOX,NONE,System initialized. Please open the box.,53.5,OPEN,-0.337,-0.276,1.1,-0.338,-1.14,2.014,145.0,0.0,-137.7,1,0.104,-0.701,2.383,843.1,655.7,1275.6,975.3,-0.352,-1.175,2.051,563.0,216.0,653.0,286.0,EXTRACTED,0,0.053
12,71.164,2026-09-10T08:31:38.784296Z,9.8,0,IDLE,EXTRACT COMPONENT BOX,NONE,System initialized. Please open the box.,53.3,OPEN,-0.333,-0.276,1.1,-0.335,-1.14,2.014,145.0,0.0,-137.7,1,0.104,-0.701,2.383,842.4,656.2,1276.0,975.1,-0.348,-1.175,2.051,567.0,216.0,657.0,286.0,EXTRACTED,0,0.053
13,71.271,2026-09-10T08:31:38.891607Z,9.0,1,BOX_OPENED,EXTRACT COMPONENT BOX,NONE,Box opened. Next step: Please take out the object.,54.0,OPEN,-0.337,-0.276,1.1,-0.334,-1.14,2.014,145.0,0.0,-137.7,1,0.103,-0.7,2.383,842.2,657.0,1275.6,975.6,-0.353,-1.175,2.051,562.0,216.0,652.0,286.0,EXTRACTED,0,0.055
14,71.373,2026-09-10T08:31:38.993372Z,9.3,1,BOX_OPENED,EXTRACT COMPONENT BOX,NONE,Box opened. Next step: Please take out the object.,53.9,OPEN,-0.337,-0.277,1.1,-0.339,-1.14,2.014,145.0,0.0,-137.7,1,0.103,-0.701,2.383,842.7,656.5,1275.5,975.7,-0.352,-1.176,2.051,563.0,215.0,653.0,285.0,EXTRACTED,0,0.053
15,71.476,2026-09-10T08:31:39.096724Z,9.8,1,BOX_OPENED,EXTRACT COMPONENT BOX,NONE,Box opened. Next step: Please take out the object.,54.7,OPEN,-0.339,-0.277,1.1,-0.339,-1.14,2.014,145.0,0.0,-137.7,1,0.103,-0.701,2.383,842.4,655.7,1275.6,975.3,-0.354,-1.176,2.051,561.0,215.0,651.0,285.0,EXTRACTED,0,0.054
16,71.587,2026-09-10T08:31:39.207283Z,9.7,1,BOX_OPENED,EXTRACT COMPONENT BOX,NONE,Box opened. Next step: Please take out the object.,54.8,OPEN,-0.338,-0.276,1.1,-0.34,-1.14,2.014,145.0,0.0,-137.7,1,0.103,-0.701,2.383,842.2,656.8,1274.9,975.0,-0.353,-1.175,2.051,562.0,216.0,652.0,286.0,EXTRACTED,0,0.053
17,71.733,2026-09-10T08:31:39.354077Z,7.3,1,BOX_OPENED,EXTRACT COMPONENT BOX,NONE,Box opened. Next step: Please take out the object.,54.2,OPEN,-0.336,-0.276,1.1,-0.339,-1.139,2.014,145.0,0.0,-137.7,1,0.103,-0.701,2.383,842.3,656.7,1275.4,975.4,-0.352,-1.175,2.051,563.0,216.0,653.0,286.0,EXTRACTED,0,0.053
18,71.844,2026-09-10T08:31:39.464672Z,8.0,1,BOX_OPENED,EXTRACT COMPONENT BOX,NONE,Box opened. Next step: Please take out the object.,53.2,OPEN,-0.337,-0.276,1.1,-0.338,-1.139,2.014,145.0,0.0,-137.7,1,0.102,-0.7,2.383,841.6,657.5,1274.8,975.2,-0.352,-1.175,2.051,563.0,216.0,653.0,286.0,EXTRACTED,0,0.054
19,71.961,2026-09-10T08:31:39.581852Z,8.3,1,BOX_OPENED,EXTRACT COMPONENT BOX,NONE,Box opened. Next step: Please take out the object.,53.3,OPEN,-0.329,-0.277,1.1,-0.333,-1.14,2.014,145.0,0.0,-137.7,1,0.103,-0.701,2.383,842.2,657.1,1275.3,975.0,-0.344,-1.176,2.051,571.0,215.0,661.0,285.0,EXTRACTED,0,0.053
20,72.073,2026-09-10T08:31:39.693864Z,9.6,1,BOX_OPENED,EXTRACT COMPONENT BOX,NONE,Box opened. Next step: Please take out the object.,53.0,OPEN,-0.338,-0.277,1.1,-0.332,-1.14,2.014,145.0,0.0,-137.7,1,0.102,-0.701,2.383,841.7,656.3,1274.3,974.9,-0.354,-1.176,2.051,561.0,215.0,651.0,285.0,EXTRACTED,0,0.056
21,72.213,2026-09-10T08:31:39.833970Z,8.2,1,BOX_OPENED,EXTRACT COMPONENT BOX,NONE,Box opened. Next step: Please take out the object.,52.8,OPEN,-0.338,-0.277,1.1,-0.339,-1.14,2.015,145.0,0.0,-137.7,1,0.103,-0.701,2.383,841.9,656.4,1275.1,975.7,-0.354,-1.176,2.051,561.0,215.0,651.0,285.0,EXTRACTED,0,0.053
22,72.324,2026-09-10T08:31:39.944885Z,7.5,1,BOX_OPENED,EXTRACT COMPONENT BOX,NONE,Box opened. Next step: Please take out the object.,52.4,OPEN,-0.338,-0.276,1.1,-0.338,-1.14,2.015,145.0,0.0,-137.7,1,0.103,-0.7,2.383,842.7,657.6,1275.1,975.3,-0.353,-1.175,2.051,562.0,216.0,652.0,286.0,EXTRACTED,0,0.053
23,72.434,2026-09-10T08:31:40.054392Z,8.9,1,BOX_OPENED,EXTRACT COMPONENT BOX,NONE,Box opened. Next step: Please take out the object.,52.5,OPEN,-0.335,-0.277,1.1,-0.337,-1.14,2.014,145.0,0.0,-137.7,1,0.103,-0.7,2.384,842.6,657.6,1275.2,975.5,-0.351,-1.176,2.051,564.0,215.0,654.0,285.0,EXTRACTED,0,0.053
24,72.547,2026-09-10T08:31:40.167463Z,9.3,1,BOX_OPENED,EXTRACT COMPONENT BOX,NONE,Box opened. Next step: Please take out the object.,52.5,OPEN,-0.335,-0.277,1.1,-0.335,-1.14,2.014,145.0,0.0,-137.7,1,0.103,-0.701,2.383,841.9,656.7,1275.6,975.1,-0.351,-1.176,2.051,564.0,215.0,654.0,285.0,EXTRACTED,0,0.054
25,72.679,2026-09-10T08:31:40.299826Z,8.9,2,OBJECT_EXTRACTED,EXTRACT COMPONENT BOX,NONE,Object extracted. Next step: Please return the object into the box.,52.6,OPEN,-0.338,-0.277,1.1,-0.336,-1.14,2.014,145.0,0.0,-137.7,1,0.103,-0.7,2.383,842.3,657.5,1275.2,975.1,-0.353,-1.176,2.051,562.0,215.0,652.0,285.0,EXTRACTED,0,0.054
26,72.806,2026-09-10T08:31:40.426710Z,7.0,2,OBJECT_EXTRACTED,EXTRACT COMPONENT BOX,NONE,Object extracted. Next step: Please return the object into the box.,52.9,OPEN,-0.34,-0.277,1.1,-0.339,-1.141,2.014,145.0,0.0,-137.7,1,0.103,-0.7,2.383,842.9,657.7,1274.0,974.8,-0.355,-1.176,2.051,560.0,215.0,650.0,285.0,EXTRACTED,0,0.053
27,72.916,2026-09-10T08:31:40.536936Z,8.6,2,OBJECT_EXTRACTED,EXTRACT COMPONENT BOX,NONE,Object extracted. Next step: Please return the object into the box.,52.8,OPEN,-0.34,-0.277,1.1,-0.339,-1.14,2.014,145.0,0.0,-137.7,1,0.103,-0.701,2.383,842.3,656.0,1275.0,975.7,-0.355,-1.176,2.051,560.0,215.0,650.0,285.0,EXTRACTED,0,0.054
28,73.028,2026-09-10T08:31:40.648829Z,9.3,2,OBJECT_EXTRACTED,EXTRACT COMPONENT BOX,NONE,Object extracted. Next step: Please return the object into the box.,53.9,OPEN,-0.334,-0.277,1.1,-0.337,-1.14,2.014,145.0,0.0,-137.7,1,0.103,-0.701,2.383,842.3,656.2,1275.6,975.4,-0.349,-1.176,2.051,566.0,215.0,656.0,285.0,EXTRACTED,0,0.053
29,73.148,2026-09-10T08:31:40.768892Z,8.4,2,OBJECT_EXTRACTED,EXTRACT COMPONENT BOX,NONE,Object extracted. Next step: Please return the object into the box.,53.4,OPEN,-0.334,-0.277,1.1,-0.332,-1.14,2.014,145.0,0.0,-137.7,1,0.103,-0.701,2.383,842.6,657.1,1275.2,974.8,-0.349,-1.176,2.051,566.0,215.0,656.0,285.0,EXTRACTED,0,0.054
30,73.261,2026-09-10T08:31:40.882203Z,8.9,2,OBJECT_EXTRACTED,EXTRACT COMPONENT BOX,NONE,Object extracted. Next step: Please return the object into the box.,53.2,OPEN,-0.337,-0.277,1.1,-0.335,-1.14,2.014,145.0,0.0,-137.7,1,0.103,-0.701,2.383,842.7,656.2,1275.0,974.8,-0.352,-1.176,2.051,563.0,215.0,653.0,285.0,EXTRACTED,0,0.055
31,73.391,2026-09-10T08:31:41.011843Z,8.3,2,OBJECT_EXTRACTED,EXTRACT COMPONENT BOX,NONE,Object extracted. Next step: Please return the object into the box.,53.0,OPEN,-0.337,-0.277,1.1,-0.337,-1.14,2.014,145.0,0.0,-137.7,1,0.103,-0.701,2.383,842.1,656.8,1275.8,975.1,-0.352,-1.176,2.051,563.0,215.0,653.0,285.0,EXTRACTED,0,0.054
32,73.569,2026-09-10T08:31:41.190100Z,5.6,2,OBJECT_EXTRACTED,EXTRACT COMPONENT BOX,NONE,Object extracted. Next step: Please return the object into the box.,53.4,OPEN,-0.338,-0.276,1.1,-0.338,-1.139,2.015,145.0,0.0,-137.7,1,0.103,-0.701,2.383,842.3,656.1,1274.7,974.9,-0.353,-1.175,2.051,562.0,216.0,652.0,286.0,EXTRACTED,0,0.054
33,73.687,2026-09-10T08:31:41.307280Z,8.3,2,OBJECT_EXTRACTED,EXTRACT COMPONENT BOX,NONE,Object extracted. Next step: Please return the object into the box.,53.5,OPEN,-0.331,-0.276,1.1,-0.334,-1.139,2.015,145.0,0.0,-137.7,1,0.103,-0.701,2.383,842.6,656.4,1274.5,975.2,-0.346,-1.175,2.051,569.0,216.0,659.0,286.0,EXTRACTED,0,0.053
34,73.803,2026-09-10T08:31:41.423214Z,7.9,2,OBJECT_EXTRACTED,EXTRACT COMPONENT BOX,NONE,Object extracted. Next step: Please return the object into the box.,54.1,OPEN,-0.33,-0.276,1.1,-0.328,-1.139,2.015,145.0,0.0,-137.7,1,0.103,-0.701,2.383,842.9,655.8,1274.9,975.0,-0.346,-1.175,2.051,569.0,216.0,659.0,286.0,EXTRACTED,0,0.054
35,73.919,2026-09-10T08:31:41.539561Z,9.2,2,OBJECT_EXTRACTED,EXTRACT COMPONENT BOX,NONE,Object extracted. Next step: Please return the object into the box.,54.5,OPEN,-0.337,-0.277,1.1,-0.332,-1.14,2.014,145.0,0.0,-137.7,1,0.103,-0.7,2.383,842.7,656.8,1275.6,975.6,-0.352,-1.176,2.051,563.0,215.0,653.0,285.0,EXTRACTED,0,0.055
36,74.03,2026-09-10T08:31:41.650824Z,8.6,2,OBJECT_EXTRACTED,EXTRACT COMPONENT BOX,NONE,Object extracted. Next step: Please return the object into the box.,55.2,OPEN,-0.337,-0.277,1.1,-0.337,-1.14,2.014,145.0,0.0,-137.7,1,0.102,-0.701,2.383,841.9,655.9,1274.5,975.2,-0.353,-1.176,2.051,562.0,215.0,652.0,285.0,EXTRACTED,0,0.054
37,74.132,2026-09-10T08:31:41.753160Z,8.9,2,OBJECT_EXTRACTED,EXTRACT COMPONENT BOX,NONE,Object extracted. Next step: Please return the object into the box.,55.6,OPEN,-0.337,-0.277,1.1,-0.337,-1.14,2.014,145.0,0.0,-137.7,1,0.103,-0.7,2.383,842.0,657.0,1275.3,975.1,-0.353,-1.176,2.051,562.0,215.0,652.0,285.0,EXTRACTED,0,0.054
38,74.243,2026-09-10T08:31:41.863364Z,10.1,2,OBJECT_EXTRACTED,EXTRACT COMPONENT BOX,NONE,Object extracted. Next step: Please return the object into the box.,56.3,OPEN,-0.33,-0.276,1.1,-0.334,-1.14,2.014,145.0,0.0,-137.7,1,0.103,-0.7,2.383,841.7,657.2,1276.0,975.4,-0.346,-1.175,2.051,569.0,216.0,659.0,286.0,EXTRACTED,0,0.053
39,74.338,2026-09-10T08:31:41.958779Z,9.1,2,OBJECT_EXTRACTED,EXTRACT COMPONENT BOX,NONE,Object extracted. Next step: Please return the object into the box.,56.1,OPEN,-0.33,-0.277,1.1,-0.329,-1.139,2.014,145.0,0.0,-137.7,1,0.103,-0.7,2.383,841.6,657.1,1275.1,975.4,-0.346,-1.176,2.051,569.0,215.0,659.0,285.0,EXTRACTED,0,0.055
40,74.435,2026-09-10T08:31:42.056097Z,10.9,2,OBJECT_EXTRACTED,EXTRACT COMPONENT BOX,NONE,Object extracted. Next step: Please return the object into the box.,56.0,OPEN,-0.333,-0.277,1.1,-0.332,-1.14,2.014,145.0,0.0,-137.7,1,0.103,-0.701,2.383,842.5,656.8,1275.4,974.8,-0.348,-1.176,2.051,567.0,215.0,657.0,285.0,EXTRACTED,0,0.054
41,74.535,2026-09-10T08:31:42.155761Z,10.1,2,OBJECT_EXTRACTED,EXTRACT COMPONENT BOX,NONE,Object extracted. Next step: Please return the object into the box.,55.8,OPEN,-0.338,-0.277,1.1,-0.336,-1.14,2.014,145.0,0.0,-137.7,1,0.103,-0.7,2.383,841.8,657.9,1275.2,975.0,-0.353,-1.176,2.051,562.0,215.0,652.0,285.0,EXTRACTED,0,0.054
42,74.634,2026-09-10T08:31:42.254309Z,9.9,2,OBJECT_EXTRACTED,EXTRACT COMPONENT BOX,NONE,Object extracted. Next step: Please return the object into the box.,55.6,OPEN,-0.338,-0.277,1.1,-0.34,-1.14,2.014,145.0,0.0,-137.7,1,0.103,-0.7,2.383,841.8,657.2,1275.8,975.2,-0.353,-1.176,2.051,562.0,215.0,652.0,285.0,EXTRACTED,0,0.053
43,74.743,2026-09-10T08:31:42.363950Z,9.8,2,OBJECT_EXTRACTED,EXTRACT COMPONENT BOX,NONE,Object extracted. Next step: Please return the object into the box.,56.1,OPEN,-0.334,-0.277,1.1,-0.337,-1.14,2.014,145.0,0.0,-137.7,1,0.102,-0.701,2.383,840.4,655.9,1275.9,975.0,-0.349,-1.176,2.051,566.0,215.0,656.0,285.0,EXTRACTED,0,0.053
44,74.856,2026-09-10T08:31:42.477156Z,8.1,2,OBJECT_EXTRACTED,EXTRACT COMPONENT BOX,NONE,Object extracted. Next step: Please return the object into the box.,56.6,OPEN,-0.334,-0.277,1.1,-0.334,-1.14,2.014,145.0,0.0,-137.7,1,0.102,-0.701,2.383,841.1,656.7,1273.9,974.7,-0.349,-1.176,2.051,566.0,215.0,656.0,285.0,EXTRACTED,0,0.054
45,74.962,2026-09-10T08:31:42.583177Z,10.6,2,OBJECT_EXTRACTED,EXTRACT COMPONENT BOX,NONE,Object extracted. Next step: Please return the object into the box.,56.3,OPEN,-0.336,-0.277,1.1,-0.336,-1.14,2.014,145.0,0.0,-137.7,1,0.103,-0.7,2.383,841.3,658.0,1275.3,974.5,-0.351,-1.176,2.051,564.0,215.0,654.0,285.0,EXTRACTED,0,0.054
46,75.077,2026-09-10T08:31:42.697428Z,8.7,2,OBJECT_EXTRACTED,EXTRACT COMPONENT BOX,NONE,Object extracted. Next step: Please return the object into the box.,56.1,OPEN,-0.34,-0.277,1.1,-0.338,-1.14,2.014,145.0,0.0,-137.7,1,0.103,-0.7,2.384,840.9,657.9,1276.7,975.2,-0.355,-1.176,2.051,560.0,215.0,650.0,285.0,EXTRACTED,0,0.055
47,75.2,2026-09-10T08:31:42.820505Z,7.5,2,OBJECT_EXTRACTED,IDLE,NONE,Object extracted. Next step: Please return the object into the box.,55.9,OPEN,0.096,0.106,1.1,-0.114,-0.969,2.113,145.0,0.0,-137.7,1,0.103,-0.701,2.383,840.9,656.2,1275.6,975.4,0.1,-0.83,2.251,1015.0,615.0,1105.0,685.0,DOCKED,1,0.291
48,75.308,2026-09-10T08:31:42.928625Z,10.0,2,OBJECT_EXTRACTED,CONTACT COMPONENT BOX,NONE,Object extracted. Next step: Please return the object into the box.,56.3,OPEN,0.095,0.108,1.1,0.183,-0.743,2.244,145.0,0.0,-137.7,1,0.103,-0.702,2.383,841.4,654.3,1275.7,975.2,0.099,-0.827,2.252,1014.0,618.0,1104.0,688.0,GRASPED,1,0.119
49,75.412,2026-09-10T08:31:43.032381Z,9.9,2,OBJECT_EXTRACTED,CONTACT COMPONENT BOX,NONE,Object extracted. Next step: Please return the object into the box.,56.8,OPEN,0.095,0.107,1.1,0.151,-0.766,2.231,145.0,0.0,-137.7,1,0.102,-0.702,2.383,840.6,654.4,1274.3,975.4,0.098,-0.795,2.329,915.5,653.2,1192.8,769.4,GRASPED,1,0.115
50,75.496,2026-09-10T08:31:43.116889Z,9.2,2,OBJECT_EXTRACTED,CONTACT COMPONENT BOX,NONE,Object extracted. Next step: Please return the object into the box.,56.0,OPEN,0.095,0.107,1.1,0.137,-0.778,2.224,145.0,0.0,-137.7,1,0.102,-0.701,2.383,840.6,655.6,1274.7,975.3,0.099,-0.795,2.329,918.0,653.1,1191.2,769.7,GRASPED,1,0.113
51,75.595,2026-09-10T08:31:43.215547Z,11.7,2,OBJECT_EXTRACTED,GRASP COMPONENT BOX,NONE,Object extracted. Next step: Please return the object into the box.,55.3,OPEN,0.095,0.107,1.1,0.126,-0.786,2.219,145.0,0.0,-137.7,1,0.103,-0.7,2.383,841.9,657.3,1276.1,975.2,0.1,-0.794,2.329,920.8,655.9,1191.1,770.1,GRASPED,1,0.114
52,75.683,2026-09-10T08:31:43.304180Z,10.2,2,OBJECT_EXTRACTED,GRASP COMPONENT BOX,NONE,Object extracted. Next step: Please return the object into the box.,55.3,OPEN,0.098,0.107,1.1,0.111,-0.797,2.212,145.0,0.0,-137.7,1,0.102,-0.701,2.383,840.6,656.5,1275.0,975.3,0.099,-0.794,2.329,918.2,654.3,1191.1,769.9,GRASPED,1,0.118
53,75.786,2026-09-10T08:31:43.406969Z,11.2,2,OBJECT_EXTRACTED,IDLE,NONE,Object extracted. Next step: Please return the object into the box.,55.2,OPEN,-0.572,-0.347,1.1,-0.235,-1.002,2.094,145.0,0.0,-137.7,1,0.102,-0.701,2.383,841.5,655.3,1274.0,974.8,0.099,-0.795,2.329,918.0,652.7,1192.3,769.9,DOCKED,1,0.458
54,75.871,2026-09-10T08:31:43.491961Z,10.1,2,OBJECT_EXTRACTED,IDLE,NONE,Object extracted. Next step: Please return the object into the box.,55.3,OPEN,0.096,0.105,1.1,-0.344,-1.067,2.057,145.0,0.0,-137.7,1,0.103,-0.701,2.383,841.8,655.9,1274.8,974.8,0.1,-0.83,2.251,1015.0,615.0,1105.0,685.0,DOCKED,1,0.54
55,75.971,2026-09-10T08:31:43.591741Z,11.8,2,OBJECT_EXTRACTED,APPROACH COMPONENT BOX,NONE,Object extracted. Next step: Please return the object into the box.,55.3,OPEN,0.096,0.108,1.1,0.339,-0.665,2.289,145.0,0.0,-137.7,1,0.103,-0.701,2.383,841.4,655.9,1275.3,975.1,0.099,-0.795,2.329,916.5,653.4,1192.5,770.1,APPROACHED,1,0.277
56,76.058,2026-09-10T08:31:43.678590Z,9.8,2,OBJECT_EXTRACTED,IDLE,NONE,Object extracted. Next step: Please return the object into the box.,54.8,OPEN,0.095,0.105,1.1,0.386,-0.637,2.305,145.0,0.0,-137.7,1,0.102,-0.701,2.383,841.3,654.9,1275.0,975.2,0.099,-0.831,2.25,1014.0,614.0,1104.0,684.0,DOCKED,1,0.35
57,76.18,2026-09-10T08:31:43.800770Z,10.9,2,OBJECT_EXTRACTED,IDLE,NONE,Object extracted. Next step: Please return the object into the box.,55.0,OPEN,-0.57,-0.347,1.1,0.042,-0.842,2.187,145.0,0.0,-137.7,1,0.103,-0.702,2.383,841.2,654.3,1275.8,975.2,-0.401,-0.785,2.277,142.0,323.0,976.0,1080.0,RELEASED,0,0.455
58,76.276,2026-09-10T08:31:43.896815Z,8.7,2,OBJECT_EXTRACTED,IDLE,NONE,Object extracted. Next step: Please return the object into the box.,54.8,OPEN,-0.571,-0.347,1.1,-0.33,-1.06,2.06,145.0,0.0,-137.7,1,0.103,-0.701,2.383,842.0,655.5,1274.6,974.7,0.098,-0.795,2.329,915.8,653.1,1191.6,770.2,DOCKED,1,0.571
59,76.378,2026-09-10T08:31:43.998542Z,9.9,2,OBJECT_EXTRACTED,CONTACT COMPONENT BOX,NONE,Object extracted. Next step: Please return the object into the box.,55.6,OPEN,0.097,0.107,1.1,0.156,-0.774,2.226,145.0,0.0,-137.7,1,0.103,-0.701,2.383,841.8,654.8,1275.3,975.2,0.101,-0.829,2.251,1016.0,616.0,1106.0,686.0,GRASPED,1,0.082
60,76.477,2026-09-10T08:31:44.097778Z,9.9,3,OBJECT_RETURNED,IDLE,NONE,Object returned. Next step: Please close the box.,54.6,OPEN,0.094,0.106,1.1,0.777,-0.407,2.437,145.0,0.0,-137.7,1,0.103,-0.701,2.383,842.0,656.9,1275.5,974.9,0.099,-0.794,2.329,917.3,655.2,1192.7,770.7,DOCKED,1,0.787
61,76.603,2026-09-10T08:31:44.223628Z,9.8,3,OBJECT_RETURNED,IDLE,NONE,Object returned. Next step: Please close the box.,54.8,OPEN,-0.572,-0.347,1.1,0.331,-0.67,2.285,145.0,0.0,-137.7,1,0.102,-0.702,2.383,841.2,654.2,1274.8,975.0,-0.454,-0.627,2.368,102.0,688.0,910.0,1080.0,RELEASED,0,0.79
62,76.726,2026-09-10T08:31:44.346581Z,7.3,3,OBJECT_RETURNED,APPROACH COMPONENT BOX,NONE,Object returned. Next step: Please close the box.,54.5,OPEN,0.095,0.107,1.1,0.29,-0.693,2.271,145.0,0.0,-137.7,1,0.102,-0.702,2.383,840.9,654.3,1274.3,975.3,0.098,-0.828,2.252,1013.0,617.0,1103.0,687.0,APPROACHED,1,0.236
63,76.867,2026-09-10T08:31:44.487566Z,8.7,3,OBJECT_RETURNED,IDLE,NONE,Object returned. Next step: Please close the box.,54.4,OPEN,0.092,0.105,1.1,0.954,-0.301,2.497,145.0,0.0,-137.7,1,0.102,-0.702,2.383,841.4,654.4,1273.1,975.4,0.096,-0.831,2.25,1011.0,614.0,1101.0,684.0,DOCKED,1,1.038
64,77.023,2026-09-10T08:31:44.644180Z,5.9,3,OBJECT_RETURNED,IDLE,NONE,Object returned. Next step: Please close the box.,53.9,OPEN,0.092,0.106,1.1,1.158,-0.181,2.567,145.0,0.0,-137.7,1,0.103,-0.701,2.383,843.1,655.4,1273.8,975.7,0.095,-0.83,2.251,1010.0,615.0,1100.0,685.0,DOCKED,1,1.285
65,77.158,2026-09-10T08:31:44.778843Z,6.6,3,OBJECT_RETURNED,IDLE,NONE,Object returned. Next step: Please close the box.,54.7,OPEN,0.091,0.105,1.1,1.085,-0.223,2.543,145.0,0.0,-137.7,1,0.103,-0.702,2.383,842.4,654.0,1275.0,975.6,0.094,-0.83,2.251,1009.0,615.0,1099.0,685.0,DOCKED,1,1.198
66,77.245,2026-09-10T08:31:44.865413Z,10.1,3,OBJECT_RETURNED,IDLE,NONE,Object returned. Next step: Please close the box.,55.8,OPEN,0.092,0.106,1.1,0.497,-0.569,2.343,145.0,0.0,-137.7,1,0.103,-0.702,2.382,842.2,653.0,1275.5,975.7,0.097,-0.796,2.328,912.2,652.7,1193.7,769.2,DOCKED,1,0.46
67,77.344,2026-09-10T08:31:44.965133Z,10.0,3,OBJECT_RETURNED,APPROACH COMPONENT BOX,NONE,Object returned. Next step: Please close the box.,57.5,OPEN,0.09,0.105,1.1,0.221,-0.732,2.25,145.0,0.0,-137.7,1,0.103,-0.703,2.382,842.4,652.0,1274.4,975.4,0.097,-0.796,2.328,913.5,651.6,1193.1,769.1,APPROACHED,1,0.16
68,77.42,2026-09-10T08:31:45.040914Z,11.8,3,OBJECT_RETURNED,APPROACH COMPONENT BOX,NONE,Object returned. Next step: Please close the box.,58.1,OPEN,0.1,0.107,1.1,0.101,-0.805,2.208,145.0,0.0,-137.7,1,0.103,-0.702,2.382,842.7,652.6,1273.9,976.2,0.097,-0.796,2.328,914.0,651.3,1192.2,769.5,APPROACHED,1,0.121
69,77.506,2026-09-10T08:31:45.126961Z,12.7,3,OBJECT_RETURNED,APPROACH COMPONENT BOX,NONE,Object returned. Next step: Please close the box.,57.4,OPEN,0.09,0.105,1.1,0.047,-0.838,2.189,145.0,0.0,-137.7,1,0.103,-0.702,2.383,842.2,653.6,1274.8,975.7,0.096,-0.795,2.329,922.2,653.3,1182.4,770.6,APPROACHED,1,0.155
70,77.597,2026-09-10T08:31:45.217251Z,11.0,3,OBJECT_RETURNED,APPROACH COMPONENT BOX,NONE,Object returned. Next step: Please close the box.,56.9,OPEN,0.093,0.106,1.1,0.005,-0.86,2.176,145.0,0.0,-137.7,1,0.103,-0.702,2.383,842.1,654.1,1275.3,975.4,0.099,-0.794,2.329,922.5,653.7,1186.8,771.1,APPROACHED,1,0.191
71,77.685,2026-09-10T08:31:45.305444Z,10.9,3,OBJECT_RETURNED,APPROACH COMPONENT BOX,NONE,Object returned. Next step: Please close the box.,55.6,OPEN,0.098,0.108,1.1,-0.005,-0.867,2.172,145.0,0.0,-137.7,1,0.103,-0.701,2.383,841.8,654.6,1275.2,975.6,0.099,-0.795,2.329,922.1,652.5,1187.6,770.8,APPROACHED,1,0.202
72,77.772,2026-09-10T08:31:45.392799Z,11.4,3,OBJECT_RETURNED,APPROACH COMPONENT BOX,NONE,Object returned. Next step: Please close the box.,55.1,OPEN,0.09,0.108,1.1,-0.008,-0.868,2.172,145.0,0.0,-137.7,1,0.103,-0.701,2.383,841.8,655.0,1275.8,975.9,0.099,-0.795,2.329,921.4,651.9,1188.9,771.1,APPROACHED,1,0.204
73,77.862,2026-09-10T08:31:45.482693Z,11.1,3,OBJECT_RETURNED,APPROACH COMPONENT BOX,NONE,Object returned. Next step: Please close the box.,54.0,OPEN,0.093,0.106,1.1,-0.014,-0.87,2.171,145.0,0.0,-137.7,1,0.103,-0.702,2.382,842.5,654.2,1275.7,975.0,0.101,-0.796,2.328,922.4,651.0,1190.8,770.7,APPROACHED,1,0.209
74,77.946,2026-09-10T08:31:45.566288Z,11.8,3,OBJECT_RETURNED,APPROACH COMPONENT BOX,NONE,Object returned. Next step: Please close the box.,53.9,OPEN,0.095,0.107,1.1,-0.005,-0.867,2.172,145.0,0.0,-137.7,1,0.103,-0.702,2.382,842.5,654.0,1275.2,974.9,0.104,-0.795,2.329,923.6,651.8,1195.1,770.8,APPROACHED,1,0.204
75,78.035,2026-09-10T08:31:45.655638Z,11.4,3,OBJECT_RETURNED,APPROACH COMPONENT BOX,NONE,Object returned. Next step: Please close the box.,54.0,OPEN,0.096,0.107,1.1,0.001,-0.865,2.173,145.0,0.0,-137.7,1,0.103,-0.702,2.383,842.5,654.6,1274.6,975.1,0.101,-0.795,2.329,920.4,653.9,1192.4,769.6,APPROACHED,1,0.198
76,78.12,2026-09-10T08:31:45.740231Z,11.8,3,OBJECT_RETURNED,APPROACH COMPONENT BOX,NONE,Object returned. Next step: Please close the box.,52.9,OPEN,0.097,0.107,1.1,0.007,-0.861,2.175,145.0,0.0,-137.7,1,0.103,-0.702,2.383,842.7,654.3,1274.9,975.0,0.102,-0.795,2.329,920.4,653.3,1194.9,770.1,APPROACHED,1,0.192
77,78.221,2026-09-10T08:31:45.841936Z,9.9,3,OBJECT_RETURNED,APPROACH COMPONENT BOX,NONE,Object returned. Next step: Please close the box.,52.0,OPEN,0.095,0.108,1.1,0.055,-0.831,2.192,145.0,0.0,-137.7,1,0.103,-0.702,2.382,843.1,653.4,1274.7,974.9,0.105,-0.795,2.329,923.9,653.4,1197.0,770.3,APPROACHED,1,0.15
78,78.321,2026-09-10T08:31:45.941469Z,10.3,3,OBJECT_RETURNED,APPROACH COMPONENT BOX,NONE,Object returned. Next step: Please close the box.,51.6,OPEN,0.093,0.107,1.1,0.077,-0.817,2.201,145.0,0.0,-137.7,1,0.103,-0.703,2.382,843.9,652.6,1273.9,975.1,0.105,-0.795,2.329,923.9,652.8,1196.5,770.0,APPROACHED,1,0.133
79,78.427,2026-09-10T08:31:46.047639Z,10.6,3,OBJECT_RETURNED,CONTACT COMPONENT BOX,NONE,Object returned. Next step: Please close the box.,51.0,OPEN,0.094,0.107,1.1,0.086,-0.812,2.204,145.0,0.0,-137.7,1,0.104,-0.703,2.382,844.2,651.8,1274.7,975.4,0.098,-0.828,2.252,1013.0,617.0,1103.0,687.0,GRASPED,1,0.052
80,78.528,2026-09-10T08:31:46.148677Z,9.8,3,OBJECT_RETURNED,APPROACH COMPONENT BOX,NONE,Object returned. Next step: Please close the box.,50.4,OPEN,0.093,0.106,1.1,0.091,-0.809,2.205,145.0,0.0,-137.7,1,0.103,-0.702,2.382,843.7,653.2,1274.4,975.3,0.103,-0.795,2.329,921.9,652.7,1196.0,770.4,APPROACHED,1,0.125
81,78.647,2026-09-10T08:31:46.267629Z,9.8,3,OBJECT_RETURNED,IDLE,NONE,Object returned. Next step: Please close the box.,50.7,OPEN,-0.495,-0.347,1.1,-0.207,-1.008,2.09,145.0,0.0,-137.7,1,0.103,-0.701,2.383,844.1,654.7,1274.2,975.7,-0.419,-0.658,2.35,96.0,616.0,986.0,1080.0,RELEASED,0,0.485
82,78.763,2026-09-10T08:31:46.383952Z,8.5,3,OBJECT_RETURNED,IDLE,NONE,Object returned. Next step: Please close the box.,50.2,OPEN,-0.486,-0.347,1.1,-0.549,-1.24,1.956,145.0,0.0,-137.7,1,0.104,-0.701,2.383,844.2,654.2,1275.7,975.8,-0.401,-0.658,2.35,141.0,616.0,976.0,1080.0,RELEASED,0,0.718
83,78.858,2026-09-10T08:31:46.478833Z,8.7,3,OBJECT_RETURNED,IDLE,NONE,Object returned. Next step: Please close the box.,50.2,OPEN,-0.479,-0.347,1.1,-0.45,-1.182,1.99,145.0,0.0,-137.7,1,0.104,-0.701,2.383,844.1,655.2,1274.9,975.3,0.105,-0.794,2.33,925.1,654.8,1196.1,771.3,DOCKED,1,0.758
84,78.969,2026-09-10T08:31:46.589290Z,11.2,3,OBJECT_RETURNED,IDLE,NONE,Object returned. Next step: Please close the box.,50.1,OPEN,-0.468,-0.347,1.1,-0.46,-1.192,1.984,145.0,0.0,-137.7,1,0.104,-0.701,2.383,843.8,655.5,1275.9,975.2,-0.399,-0.631,2.365,136.0,678.0,986.0,1080.0,RELEASED,0,0.68
85,81.08,2026-09-10T08:31:48.700529Z,0.5,3,OBJECT_RETURNED,IDLE,NONE,Object returned. Next step: Please close the box.,50.7,OPEN,-0.45,-0.347,1.1,-0.448,-1.202,1.978,145.0,0.0,-137.7,1,0.104,-0.701,2.383,844.3,654.8,1275.1,975.9,-0.39,-0.618,2.373,156.0,710.0,984.0,1080.0,RELEASED,0,0.708
86,81.194,2026-09-10T08:31:48.814465Z,8.4,3,OBJECT_RETURNED,IDLE,NONE,Object returned. Next step: Please close the box.,51.1,OPEN,-0.335,-0.347,1.1,-0.383,-1.201,1.979,145.0,0.0,-137.7,1,0.103,-0.701,2.383,843.9,654.6,1274.4,975.8,-0.389,-0.586,2.392,166.0,784.0,976.0,1080.0,RELEASED,0,0.741
87,81.295,2026-09-10T08:31:48.915475Z,9.4,3,OBJECT_RETURNED,IDLE,NONE,Object returned. Next step: Please close the box.,52.1,OPEN,-0.336,-0.347,1.1,-0.305,-1.201,1.979,145.0,0.0,-137.7,1,0.104,-0.702,2.383,844.3,654.4,1274.6,975.0,-0.435,-0.606,2.38,142.0,737.0,908.0,1080.0,RELEASED,0,0.729
88,81.39,2026-09-10T08:31:49.010717Z,9.6,3,OBJECT_RETURNED,IDLE,NONE,Object returned. Next step: Please close the box.,52.6,OPEN,-0.34,-0.347,1.1,-0.324,-1.201,1.979,145.0,0.0,-137.7,1,0.104,-0.702,2.383,844.2,654.2,1274.3,975.1,0.104,-0.795,2.329,926.5,653.4,1193.1,770.6,DOCKED,1,0.686
89,81.511,2026-09-10T08:31:49.131365Z,10.1,3,OBJECT_RETURNED,IDLE,NONE,Object returned. Next step: Please close the box.,53.3,OPEN,-0.338,-0.347,1.1,-0.334,-1.201,1.979,145.0,0.0,-137.7,1,0.103,-0.702,2.382,843.8,653.2,1274.5,975.0,-0.51,-0.62,2.372,136.0,704.0,764.0,1080.0,RELEASED,0,0.723
90,81.602,2026-09-10T08:31:49.222314Z,8.5,3,OBJECT_RETURNED,IDLE,NONE,Object returned. Next step: Please close the box.,54.5,OPEN,-0.337,-0.347,1.1,-0.336,-1.201,1.979,145.0,0.0,-137.7,1,0.103,-0.702,2.382,844.2,652.8,1274.1,975.2,0.105,-0.793,2.33,926.4,653.5,1195.7,773.3,DOCKED,1,0.696
91,81.711,2026-09-10T08:31:49.331687Z,10.9,3,OBJECT_RETURNED,IDLE,NONE,Object returned. Next step: Please close the box.,56.3,OPEN,-0.338,-0.347,1.1,-0.337,-1.201,1.979,145.0,0.0,-137.7,1,0.103,-0.701,2.383,843.4,654.1,1274.1,976.4,0.097,-0.794,2.329,923.8,653.6,1182.7,772.2,DOCKED,1,0.691
92,81.861,2026-09-10T08:31:49.481285Z,7.1,3,OBJECT_RETURNED,IDLE,NONE,Object returned. Next step: Please close the box.,56.8,OPEN,-0.34,-0.347,1.1,-0.339,-1.2,1.979,145.0,0.0,-137.7,1,0.105,-0.701,2.383,845.1,653.8,1275.6,976.2,0.106,-0.794,2.329,927.5,654.4,1196.5,770.4,DOCKED,1,0.697
93,81.97,2026-09-10T08:31:49.590724Z,8.0,3,OBJECT_RETURNED,IDLE,NONE,Object returned. Next step: Please close the box.,56.2,OPEN,-0.337,-0.347,1.1,-0.338,-1.201,1.979,145.0,0.0,-137.7,1,0.103,-0.701,2.383,843.9,653.9,1273.8,976.2,0.108,-0.794,2.329,929.1,655.5,1197.6,770.4,DOCKED,1,0.698
94,82.099,2026-09-10T08:31:49.719816Z,8.6,3,OBJECT_RETURNED,IDLE,NONE,Object returned. Next step: Please close the box.,63.4,OPEN,-0.337,-0.347,1.1,-0.336,-1.201,1.979,145.0,0.0,-137.7,1,0.103,-0.701,2.383,843.1,655.3,1274.4,975.6,0.105,-0.794,2.329,927.6,654.7,1194.4,770.3,DOCKED,1,0.695
95,82.211,2026-09-10T08:31:49.832059Z,7.3,3,OBJECT_RETURNED,IDLE,NONE,Object returned. Next step: Please close the box.,68.8,OPEN,0.095,0.108,1.1,-0.115,-1.0,2.095,145.0,0.0,-137.7,1,0.103,-0.702,2.382,843.1,653.3,1275.3,975.4,0.108,-0.795,2.329,929.3,653.5,1198.4,770.7,DOCKED,1,0.383
96,82.319,2026-09-10T08:31:49.940166Z,10.1,3,OBJECT_RETURNED,APPROACH COMPONENT BOX,NONE,Object returned. Next step: Please close the box.,72.9,OPEN,0.099,0.107,1.1,0.224,-0.694,2.272,145.0,0.0,-137.7,1,0.103,-0.701,2.383,843.2,654.9,1274.0,975.8,0.107,-0.794,2.329,929.2,654.5,1195.5,771.0,APPROACHED,1,0.165
97,82.42,2026-09-10T08:31:50.040774Z,9.9,3,OBJECT_RETURNED,APPROACH COMPONENT BOX,NONE,Object returned. Next step: Please close the box.,75.9,OPEN,-0.336,-0.347,1.1,-0.004,-0.903,2.151,145.0,0.0,-137.7,1,0.103,-0.701,2.383,844.0,655.1,1274.1,975.9,0.107,-0.794,2.329,929.1,654.5,1196.5,770.8,APPROACHED,1,0.237
98,82.5,2026-09-10T08:31:50.120954Z,10.3,3,OBJECT_RETURNED,IDLE,NONE,Object returned. Next step: Please close the box.,78.2,OPEN,0.096,0.108,1.1,-0.106,-0.992,2.099,145.0,0.0,-137.7,1,0.104,-0.701,2.383,844.0,654.7,1274.7,976.2,0.105,-0.794,2.329,927.0,654.1,1194.9,770.2,DOCKED,1,0.37
99,82.579,2026-09-10T08:31:50.199450Z,12.6,3,OBJECT_RETURNED,IDLE,NONE,Object returned. Next step: Please close the box.,71.5,OPEN,0.098,0.108,1.1,0.327,-0.599,2.326,145.0,0.0,-137.7,1,0.103,-0.702,2.383,843.7,654.2,1274.4,975.7,0.107,-0.795,2.329,929.6,653.6,1195.4,770.1,DOCKED,1,0.294
100,82.669,2026-09-10T08:31:50.289915Z,12.4,3,OBJECT_RETURNED,APPROACH COMPONENT BOX,NONE,Object returned. Next step: Please close the box.,65.8,OPEN,-0.335,-0.347,1.1,0.1,-0.807,2.206,145.0,0.0,-137.7,1,0.104,-0.701,2.383,844.1,654.1,1275.0,976.3,0.106,-0.795,2.329,928.0,653.8,1195.8,770.4,APPROACHED,1,0.124
101,82.762,2026-09-10T08:31:50.382714Z,11.0,3,OBJECT_RETURNED,APPROACH COMPONENT BOX,NONE,Object returned. Next step: Please close the box.,70.6,OPEN,0.098,0.107,1.1,0.032,-0.869,2.171,145.0,0.0,-137.7,1,0.104,-0.701,2.383,843.7,654.4,1274.9,975.8,0.106,-0.795,2.329,927.0,653.4,1195.8,770.6,APPROACHED,1,0.19
102,82.859,2026-09-10T08:31:50.480151Z,10.5,3,OBJECT_RETURNED,APPROACH COMPONENT BOX,NONE,Object returned. Next step: Please close the box.,74.2,OPEN,-0.336,-0.347,1.1,0.19,-0.725,2.254,145.0,0.0,-137.7,1,0.103,-0.702,2.382,843.5,653.5,1274.9,975.7,0.107,-0.795,2.329,928.5,652.5,1196.7,770.0,APPROACHED,1,0.132
1,83.017,2026-09-10T08:31:50.637391Z,26.3,0,IDLE,IDLE,NONE,System initialized. Please open the box.,13.3,CLOSED,-0.338,-0.277,1.1,-0.108,-0.963,2.116,145.0,0.0,-137.7,1,0.102,-0.701,2.383,840.2,655.6,1274.7,975.2,-0.353,-1.176,2.051,562.0,215.0,652.0,285.0,RELEASED,0,0.331
2,83.149,2026-09-10T08:31:50.769232Z,8.2,0,IDLE,APPROACH COMPONENT BOX,NONE,System initialized. Please open the box.,24.4,OPEN,-0.335,-0.277,1.1,-0.253,-1.074,2.053,145.0,0.0,-137.7,1,0.102,-0.701,2.383,840.6,655.1,1274.9,975.3,-0.35,-1.176,2.051,565.0,215.0,655.0,285.0,RELEASED,0,0.141
3,83.25,2026-09-10T08:31:50.871037Z,8.6,0,IDLE,EXTRACT COMPONENT BOX,NONE,System initialized. Please open the box.,33.2,OPEN,-0.337,-0.277,1.1,-0.323,-1.147,2.01,145.0,0.0,-137.7,1,0.101,-0.702,2.382,840.2,654.0,1274.1,974.8,-0.352,-1.176,2.051,563.0,215.0,653.0,285.0,EXTRACTED,0,0.057
4,83.347,2026-09-10T08:31:50.967402Z,9.8,0,IDLE,EXTRACT COMPONENT BOX,NONE,System initialized. Please open the box.,40.6,OPEN,-0.338,-0.277,1.1,-0.356,-1.176,1.993,145.0,0.0,-137.7,1,0.102,-0.702,2.383,841.0,654.7,1274.3,974.6,-0.354,-1.176,2.051,561.0,215.0,651.0,285.0,EXTRACTED,0,0.058
5,83.456,2026-09-10T08:31:51.076458Z,8.7,0,IDLE,EXTRACT COMPONENT BOX,NONE,System initialized. Please open the box.,46.4,OPEN,-0.34,-0.277,1.1,-0.346,-1.155,2.005,145.0,0.0,-137.7,1,0.104,-0.702,2.383,842.1,653.7,1276.3,975.8,-0.355,-1.176,2.051,560.0,215.0,650.0,285.0,EXTRACTED,0,0.051
6,83.553,2026-09-10T08:31:51.173303Z,11.2,0,IDLE,EXTRACT COMPONENT BOX,NONE,System initialized. Please open the box.,49.6,OPEN,-0.338,-0.276,1.1,-0.342,-1.147,2.01,145.0,0.0,-137.7,1,0.103,-0.702,2.383,841.7,654.1,1275.0,975.2,-0.354,-1.175,2.051,561.0,216.0,651.0,286.0,EXTRACTED,0,0.052
7,83.654,2026-09-10T08:31:51.275085Z,10.5,0,IDLE,EXTRACT COMPONENT BOX,NONE,System initialized. Please open the box.,51.2,OPEN,-0.337,-0.276,1.1,-0.338,-1.143,2.013,145.0,0.0,-137.7,1,0.104,-0.701,2.383,842.6,656.2,1275.8,975.8,-0.353,-1.175,2.051,562.0,216.0,652.0,286.0,EXTRACTED,0,0.053
8,83.75,2026-09-10T08:31:51.370328Z,9.5,0,IDLE,EXTRACT COMPONENT BOX,NONE,System initialized. Please open the box.,51.8,OPEN,-0.337,-0.276,1.1,-0.338,-1.141,2.014,145.0,0.0,-137.7,1,0.103,-0.701,2.383,842.6,655.2,1274.6,975.6,-0.353,-1.175,2.051,562.0,216.0,652.0,286.0,EXTRACTED,0,0.053
9,83.837,2026-09-10T08:31:51.457965Z,10.7,0,IDLE,EXTRACT COMPONENT BOX,NONE,System initialized. Please open the box.,52.2,OPEN,-0.336,-0.276,1.1,-0.337,-1.14,2.014,145.0,0.0,-137.7,1,0.103,-0.701,2.383,842.5,656.0,1274.9,975.6,-0.351,-1.175,2.051,564.0,216.0,654.0,286.0,EXTRACTED,0,0.053
10,83.928,2026-09-10T08:31:51.548841Z,11.2,0,IDLE,EXTRACT COMPONENT BOX,NONE,System initialized. Please open the box.,52.9,OPEN,-0.337,-0.277,1.1,-0.336,-1.14,2.014,145.0,0.0,-137.7,1,0.103,-0.701,2.383,843.0,656.2,1274.9,975.8,-0.352,-1.176,2.051,563.0,215.0,653.0,285.0,EXTRACTED,0,0.054
11,84.025,2026-09-10T08:31:51.645655Z,10.8,0,IDLE,EXTRACT COMPONENT BOX,NONE,System initialized. Please open the box.,53.5,OPEN,-0.337,-0.276,1.1,-0.337,-1.14,2.014,145.0,0.0,-137.7,1,0.104,-0.701,2.383,843.1,655.7,1275.6,975.3,-0.352,-1.175,2.051,563.0,216.0,653.0,286.0,EXTRACTED,0,0.054
12,84.115,2026-09-10T08:31:51.735272Z,10.9,0,IDLE,EXTRACT COMPONENT BOX,NONE,System initialized. Please open the box.,53.3,OPEN,-0.333,-0.276,1.1,-0.335,-1.139,2.014,145.0,0.0,-137.7,1,0.104,-0.701,2.383,842.4,656.2,1276.0,975.1,-0.348,-1.175,2.051,567.0,216.0,657.0,286.0,EXTRACTED,0,0.054
13,84.211,2026-09-10T08:31:51.831780Z,12.0,1,BOX_OPENED,EXTRACT COMPONENT BOX,NONE,Box opened. Next step: Please take out the object.,54.0,OPEN,-0.337,-0.276,1.1,-0.334,-1.139,2.014,145.0,0.0,-137.7,1,0.103,-0.7,2.383,842.2,657.0,1275.6,975.6,-0.353,-1.175,2.051,562.0,216.0,652.0,286.0,EXTRACTED,0,0.055
14,84.305,2026-09-10T08:31:51.926135Z,9.5,1,BOX_OPENED,EXTRACT COMPONENT BOX,NONE,Box opened. Next step: Please take out the object.,53.9,OPEN,-0.337,-0.277,1.1,-0.338,-1.139,2.014,145.0,0.0,-137.7,1,0.103,-0.701,2.383,842.7,656.5,1275.5,975.7,-0.352,-1.176,2.051,563.0,215.0,653.0,285.0,EXTRACTED,0,0.054
15,84.401,2026-09-10T08:31:52.021952Z,10.6,1,BOX_OPENED,EXTRACT COMPONENT BOX,NONE,Box opened. Next step: Please take out the object.,54.7,OPEN,-0.339,-0.277,1.1,-0.338,-1.139,2.014,145.0,0.0,-137.7,1,0.103,-0.701,2.383,842.4,655.7,1275.6,975.3,-0.354,-1.176,2.051,561.0,215.0,651.0,285.0,EXTRACTED,0,0.055
16,84.493,2026-09-10T08:31:52.113631Z,10.7,1,BOX_OPENED,EXTRACT COMPONENT BOX,NONE,Box opened. Next step: Please take out the object.,54.8,OPEN,-0.338,-0.276,1.1,-0.338,-1.139,2.014,145.0,0.0,-137.7,1,0.103,-0.701,2.383,842.2,656.8,1274.9,975.0,-0.353,-1.175,2.051,562.0,216.0,652.0,286.0,EXTRACTED,0,0.054
17,84.581,2026-09-10T08:31:52.201218Z,11.1,1,BOX_OPENED,EXTRACT COMPONENT BOX,NONE,Box opened. Next step: Please take out the object.,54.2,OPEN,-0.336,-0.276,1.1,-0.337,-1.139,2.014,145.0,0.0,-137.7,1,0.103,-0.701,2.383,842.3,656.7,1275.4,975.4,-0.352,-1.175,2.051,563.0,216.0,653.0,286.0,EXTRACTED,0,0.055
18,84.677,2026-09-10T08:31:52.298123Z,10.6,1,BOX_OPENED,EXTRACT COMPONENT BOX,NONE,Box opened. Next step: Please take out the object.,53.2,OPEN,-0.337,-0.276,1.1,-0.337,-1.139,2.014,145.0,0.0,-137.7,1,0.102,-0.7,2.383,841.6,657.5,1274.8,975.2,-0.352,-1.175,2.051,563.0,216.0,653.0,286.0,EXTRACTED,0,0.054
19,84.782,2026-09-10T08:31:52.402639Z,10.9,1,BOX_OPENED,EXTRACT COMPONENT BOX,NONE,Box opened. Next step: Please take out the object.,53.3,OPEN,-0.329,-0.277,1.1,-0.334,-1.139,2.014,145.0,0.0,-137.7,1,0.103,-0.701,2.383,842.2,657.1,1275.3,975.0,-0.344,-1.176,2.051,571.0,215.0,661.0,285.0,EXTRACTED,0,0.053
20,84.919,2026-09-10T08:31:52.539295Z,7.6,1,BOX_OPENED,EXTRACT COMPONENT BOX,NONE,Box opened. Next step: Please take out the object.,53.0,OPEN,-0.338,-0.277,1.1,-0.333,-1.14,2.014,145.0,0.0,-137.7,1,0.102,-0.701,2.383,841.7,656.3,1274.3,974.9,-0.354,-1.176,2.051,561.0,215.0,651.0,285.0,EXTRACTED,0,0.056
21,85.044,2026-09-10T08:31:52.664516Z,8.6,1,BOX_OPENED,EXTRACT COMPONENT BOX,NONE,Box opened. Next step: Please take out the object.,52.8,OPEN,-0.338,-0.277,1.1,-0.341,-1.14,2.014,145.0,0.0,-137.7,1,0.103,-0.701,2.383,841.9,656.4,1275.1,975.7,-0.354,-1.176,2.051,561.0,215.0,651.0,285.0,EXTRACTED,0,0.053
22,85.147,2026-09-10T08:31:52.767313Z,8.0,1,BOX_OPENED,EXTRACT COMPONENT BOX,NONE,Box opened. Next step: Please take out the object.,52.4,OPEN,-0.338,-0.276,1.1,-0.341,-1.14,2.014,145.0,0.0,-137.7,1,0.103,-0.7,2.383,842.7,657.6,1275.1,975.3,-0.353,-1.175,2.051,562.0,216.0,652.0,286.0,EXTRACTED,0,0.052
23,85.259,2026-09-10T08:31:52.880021Z,9.3,1,BOX_OPENED,EXTRACT COMPONENT BOX,NONE,Box opened. Next step: Please take out the object.,52.5,OPEN,-0.335,-0.277,1.1,-0.338,-1.14,2.014,145.0,0.0,-137.7,1,0.103,-0.7,2.384,842.6,657.6,1275.2,975.5,-0.351,-1.176,2.051,564.0,215.0,654.0,285.0,EXTRACTED,0,0.053
24,85.354,2026-09-10T08:31:52.974670Z,10.2,1,BOX_OPENED,EXTRACT COMPONENT BOX,NONE,Box opened. Next step: Please take out the object.,52.5,OPEN,-0.335,-0.277,1.1,-0.336,-1.14,2.014,145.0,0.0,-137.7,1,0.103,-0.701,2.383,841.9,656.7,1275.6,975.1,-0.351,-1.176,2.051,564.0,215.0,654.0,285.0,EXTRACTED,0,0.054
25,85.46,2026-09-10T08:31:53.080616Z,10.2,2,OBJECT_EXTRACTED,EXTRACT COMPONENT BOX,NONE,Object extracted. Next step: Please return the object into the box.,52.6,OPEN,-0.338,-0.277,1.1,-0.337,-1.14,2.014,145.0,0.0,-137.7,1,0.103,-0.7,2.383,842.3,657.5,1275.2,975.1,-0.353,-1.176,2.051,562.0,215.0,652.0,285.0,EXTRACTED,0,0.054
26,85.559,2026-09-10T08:31:53.179413Z,9.2,2,OBJECT_EXTRACTED,EXTRACT COMPONENT BOX,NONE,Object extracted. Next step: Please return the object into the box.,52.9,OPEN,-0.34,-0.277,1.1,-0.34,-1.14,2.014,145.0,0.0,-137.7,1,0.103,-0.7,2.383,842.9,657.7,1274.0,974.8,-0.355,-1.176,2.051,560.0,215.0,650.0,285.0,EXTRACTED,0,0.054
27,85.654,2026-09-10T08:31:53.274897Z,10.0,2,OBJECT_EXTRACTED,EXTRACT COMPONENT BOX,NONE,Object extracted. Next step: Please return the object into the box.,52.8,OPEN,-0.34,-0.277,1.1,-0.34,-1.14,2.014,145.0,0.0,-137.7,1,0.103,-0.701,2.383,842.3,656.0,1275.0,975.7,-0.355,-1.176,2.051,560.0,215.0,650.0,285.0,EXTRACTED,0,0.054
28,85.753,2026-09-10T08:31:53.374141Z,10.6,2,OBJECT_EXTRACTED,EXTRACT COMPONENT BOX,NONE,Object extracted. Next step: Please return the object into the box.,53.9,OPEN,-0.334,-0.277,1.1,-0.336,-1.14,2.014,145.0,0.0,-137.7,1,0.103,-0.701,2.383,842.3,656.2,1275.6,975.4,-0.349,-1.176,2.051,566.0,215.0,656.0,285.0,EXTRACTED,0,0.053
29,85.848,2026-09-10T08:31:53.468309Z,10.0,2,OBJECT_EXTRACTED,EXTRACT COMPONENT BOX,NONE,Object extracted. Next step: Please return the object into the box.,53.4,OPEN,-0.334,-0.277,1.1,-0.331,-1.14,2.014,145.0,0.0,-137.7,1,0.103,-0.701,2.383,842.6,657.1,1275.2,974.8,-0.349,-1.176,2.051,566.0,215.0,656.0,285.0,EXTRACTED,0,0.055
30,85.946,2026-09-10T08:31:53.567042Z,10.5,2,OBJECT_EXTRACTED,EXTRACT COMPONENT BOX,NONE,Object extracted. Next step: Please return the object into the box.,53.2,OPEN,-0.337,-0.277,1.1,-0.333,-1.14,2.014,145.0,0.0,-137.7,1,0.103,-0.701,2.383,842.7,656.2,1275.0,974.8,-0.352,-1.176,2.051,563.0,215.0,653.0,285.0,EXTRACTED,0,0.055
31,86.048,2026-09-10T08:31:53.668300Z,9.9,2,OBJECT_EXTRACTED,EXTRACT COMPONENT BOX,NONE,Object extracted. Next step: Please return the object into the box.,53.0,OPEN,-0.337,-0.277,1.1,-0.336,-1.14,2.014,145.0,0.0,-137.7,1,0.103,-0.701,2.383,842.1,656.8,1275.8,975.1,-0.352,-1.176,2.051,563.0,215.0,653.0,285.0,EXTRACTED,0,0.054
32,86.211,2026-09-10T08:31:53.832179Z,8.2,2,OBJECT_EXTRACTED,EXTRACT COMPONENT BOX,NONE,Object extracted. Next step: Please return the object into the box.,53.4,OPEN,-0.338,-0.276,1.1,-0.336,-1.14,2.015,145.0,0.0,-137.7,1,0.103,-0.701,2.383,842.3,656.1,1274.7,974.9,-0.353,-1.175,2.051,562.0,216.0,652.0,286.0,EXTRACTED,0,0.054
33,86.31,2026-09-10T08:31:53.930235Z,7.0,2,OBJECT_EXTRACTED,EXTRACT COMPONENT BOX,NONE,Object extracted. Next step: Please return the object into the box.,53.5,OPEN,-0.331,-0.276,1.1,-0.333,-1.139,2.015,145.0,0.0,-137.7,1,0.103,-0.701,2.383,842.6,656.4,1274.5,975.2,-0.346,-1.175,2.051,569.0,216.0,659.0,286.0,EXTRACTED,0,0.053
34,86.415,2026-09-10T08:31:54.035314Z,10.3,2,OBJECT_EXTRACTED,EXTRACT COMPONENT BOX,NONE,Object extracted. Next step: Please return the object into the box.,54.1,OPEN,-0.33,-0.276,1.1,-0.327,-1.14,2.014,145.0,0.0,-137.7,1,0.103,-0.701,2.383,842.9,655.8,1274.9,975.0,-0.346,-1.175,2.051,569.0,216.0,659.0,286.0,EXTRACTED,0,0.055
35,86.526,2026-09-10T08:31:54.146279Z,8.4,2,OBJECT_EXTRACTED,EXTRACT COMPONENT BOX,NONE,Object extracted. Next step: Please return the object into the box.,54.5,OPEN,-0.337,-0.277,1.1,-0.329,-1.14,2.014,145.0,0.0,-137.7,1,0.103,-0.7,2.383,842.7,656.8,1275.6,975.6,-0.352,-1.176,2.051,563.0,215.0,653.0,285.0,EXTRACTED,0,0.057
36,86.635,2026-09-10T08:31:54.255468Z,10.3,2,OBJECT_EXTRACTED,EXTRACT COMPONENT BOX,NONE,Object extracted. Next step: Please return the object into the box.,55.2,OPEN,-0.337,-0.277,1.1,-0.334,-1.14,2.014,145.0,0.0,-137.7,1,0.102,-0.701,2.383,841.9,655.9,1274.5,975.2,-0.353,-1.176,2.051,562.0,215.0,652.0,285.0,EXTRACTED,0,0.055
37,86.741,2026-09-10T08:31:54.361653Z,8.8,2,OBJECT_EXTRACTED,EXTRACT COMPONENT BOX,NONE,Object extracted. Next step: Please return the object into the box.,55.6,OPEN,-0.337,-0.277,1.1,-0.334,-1.14,2.014,145.0,0.0,-137.7,1,0.103,-0.7,2.383,842.0,657.0,1275.3,975.1,-0.353,-1.176,2.051,562.0,215.0,652.0,285.0,EXTRACTED,0,0.055
38,86.84,2026-09-10T08:31:54.460671Z,9.8,2,OBJECT_EXTRACTED,EXTRACT COMPONENT BOX,NONE,Object extracted. Next step: Please return the object into the box.,56.3,OPEN,-0.33,-0.276,1.1,-0.332,-1.14,2.014,145.0,0.0,-137.7,1,0.103,-0.7,2.383,841.7,657.2,1276.0,975.4,-0.346,-1.175,2.051,569.0,216.0,659.0,286.0,EXTRACTED,0,0.053
39,86.939,2026-09-10T08:31:54.559605Z,10.7,2,OBJECT_EXTRACTED,EXTRACT COMPONENT BOX,NONE,Object extracted. Next step: Please return the object into the box.,56.1,OPEN,-0.33,-0.277,1.1,-0.328,-1.14,2.014,145.0,0.0,-137.7,1,0.103,-0.7,2.383,841.6,657.1,1275.1,975.4,-0.346,-1.176,2.051,569.0,215.0,659.0,285.0,EXTRACTED,0,0.055
40,87.044,2026-09-10T08:31:54.664685Z,9.1,2,OBJECT_EXTRACTED,EXTRACT COMPONENT BOX,NONE,Object extracted. Next step: Please return the object into the box.,56.0,OPEN,-0.333,-0.277,1.1,-0.331,-1.14,2.014,145.0,0.0,-137.7,1,0.103,-0.701,2.383,842.5,656.8,1275.4,974.8,-0.348,-1.176,2.051,567.0,215.0,657.0,285.0,EXTRACTED,0,0.054
41,87.135,2026-09-10T08:31:54.755638Z,10.6,2,OBJECT_EXTRACTED,EXTRACT COMPONENT BOX,NONE,Object extracted. Next step: Please return the object into the box.,55.8,OPEN,-0.338,-0.277,1.1,-0.335,-1.14,2.014,145.0,0.0,-137.7,1,0.103,-0.7,2.383,841.8,657.9,1275.2,975.0,-0.353,-1.176,2.051,562.0,215.0,652.0,285.0,EXTRACTED,0,0.054
42,87.235,2026-09-10T08:31:54.855326Z,10.6,2,OBJECT_EXTRACTED,EXTRACT COMPONENT BOX,NONE,Object extracted. Next step: Please return the object into the box.,55.6,OPEN,-0.338,-0.277,1.1,-0.339,-1.14,2.014,145.0,0.0,-137.7,1,0.103,-0.7,2.383,841.8,657.2,1275.8,975.2,-0.353,-1.176,2.051,562.0,215.0,652.0,285.0,EXTRACTED,0,0.053
43,87.341,2026-09-10T08:31:54.961875Z,10.1,2,OBJECT_EXTRACTED,EXTRACT COMPONENT BOX,NONE,Object extracted. Next step: Please return the object into the box.,56.1,OPEN,-0.334,-0.277,1.1,-0.337,-1.14,2.014,145.0,0.0,-137.7,1,0.102,-0.701,2.383,840.4,655.9,1275.9,975.0,-0.349,-1.176,2.051,566.0,215.0,656.0,285.0,EXTRACTED,0,0.053
44,87.484,2026-09-10T08:31:55.105110Z,7.7,2,OBJECT_EXTRACTED,EXTRACT COMPONENT BOX,NONE,Object extracted. Next step: Please return the object into the box.,56.6,OPEN,-0.334,-0.277,1.1,-0.333,-1.14,2.015,145.0,0.0,-137.7,1,0.102,-0.701,2.383,841.1,656.7,1273.9,974.7,-0.349,-1.176,2.051,566.0,215.0,656.0,285.0,EXTRACTED,0,0.054
45,87.587,2026-09-10T08:31:55.207557Z,8.1,2,OBJECT_EXTRACTED,EXTRACT COMPONENT BOX,NONE,Object extracted. Next step: Please return the object into the box.,56.3,OPEN,-0.336,-0.277,1.1,-0.335,-1.14,2.015,145.0,0.0,-137.7,1,0.103,-0.7,2.383,841.3,658.0,1275.3,974.5,-0.351,-1.176,2.051,564.0,215.0,654.0,285.0,EXTRACTED,0,0.054
46,87.692,2026-09-10T08:31:55.312556Z,9.9,2,OBJECT_EXTRACTED,EXTRACT COMPONENT BOX,NONE,Object extracted. Next step: Please return the object into the box.,56.1,OPEN,-0.34,-0.277,1.1,-0.339,-1.14,2.014,145.0,0.0,-137.7,1,0.103,-0.7,2.384,840.9,657.9,1276.7,975.2,-0.355,-1.176,2.051,560.0,215.0,650.0,285.0,EXTRACTED,0,0.054
47,87.782,2026-09-10T08:31:55.402454Z,9.4,2,OBJECT_EXTRACTED,IDLE,NONE,Object extracted. Next step: Please return the object into the box.,55.9,OPEN,0.096,0.106,1.1,-0.109,-0.963,2.117,145.0,0.0,-137.7,1,0.103,-0.701,2.383,840.9,656.2,1275.6,975.4,0.1,-0.83,2.251,1015.0,615.0,1105.0,685.0,DOCKED,1,0.282
48,87.884,2026-09-10T08:31:55.504463Z,11.3,2,OBJECT_EXTRACTED,APPROACH COMPONENT BOX,NONE,Object extracted. Next step: Please return the object into the box.,56.3,OPEN,0.095,0.108,1.1,0.242,-0.695,2.271,145.0,0.0,-137.7,1,0.103,-0.702,2.383,841.4,654.3,1275.7,975.2,0.099,-0.827,2.252,1014.0,618.0,1104.0,688.0,APPROACHED,1,0.196
49,87.976,2026-09-10T08:31:55.596206Z,9.8,2,OBJECT_EXTRACTED,APPROACH COMPONENT BOX,NONE,Object extracted. Next step: Please return the object into the box.,56.8,OPEN,0.095,0.107,1.1,0.213,-0.716,2.259,145.0,0.0,-137.7,1,0.102,-0.702,2.383,840.6,654.4,1274.3,975.4,0.098,-0.795,2.329,915.5,653.2,1192.8,769.4,APPROACHED,1,0.156
50,88.072,2026-09-10T08:31:55.692990Z,9.9,2,OBJECT_EXTRACTED,APPROACH COMPONENT BOX,NONE,Object extracted. Next step: Please return the object into the box.,56.0,OPEN,0.095,0.107,1.1,0.195,-0.731,2.251,145.0,0.0,-137.7,1,0.102,-0.701,2.383,840.6,655.6,1274.7,975.3,0.099,-0.795,2.329,918.0,653.1,1191.2,769.7,APPROACHED,1,0.139
51,88.181,2026-09-10T08:31:55.801366Z,11.5,2,OBJECT_EXTRACTED,CONTACT COMPONENT BOX,NONE,Object extracted. Next step: Please return the object into the box.,55.3,OPEN,0.095,0.107,1.1,0.139,-0.774,2.226,145.0,0.0,-137.7,1,0.103,-0.7,2.383,841.9,657.3,1276.1,975.2,0.1,-0.794,2.329,920.8,655.9,1191.1,770.1,GRASPED,1,0.113
52,88.286,2026-09-10T08:31:55.907092Z,9.1,2,OBJECT_EXTRACTED,CONTACT COMPONENT BOX,NONE,Object extracted. Next step: Please return the object into the box.,55.3,OPEN,0.098,0.107,1.1,0.117,-0.792,2.215,145.0,0.0,-137.7,1,0.102,-0.701,2.383,840.6,656.5,1275.0,975.3,0.099,-0.794,2.329,918.2,654.3,1191.1,769.9,GRASPED,1,0.115
53,88.401,2026-09-10T08:31:56.021547Z,9.3,2,OBJECT_EXTRACTED,IDLE,NONE,Object extracted. Next step: Please return the object into the box.,55.2,OPEN,-0.572,-0.347,1.1,-0.234,-1.001,2.094,145.0,0.0,-137.7,1,0.102,-0.701,2.383,841.5,655.3,1274.0,974.8,0.099,-0.795,2.329,918.0,652.7,1192.3,769.9,DOCKED,1,0.457
54,88.486,2026-09-10T08:31:56.107037Z,9.1,2,OBJECT_EXTRACTED,IDLE,NONE,Object extracted. Next step: Please return the object into the box.,55.3,OPEN,0.096,0.105,1.1,-0.366,-1.079,2.049,145.0,0.0,-137.7,1,0.103,-0.701,2.383,841.8,655.9,1274.8,974.8,0.1,-0.83,2.251,1015.0,615.0,1105.0,685.0,DOCKED,1,0.566
55,88.581,2026-09-10T08:31:56.201276Z,11.4,2,OBJECT_EXTRACTED,IDLE,NONE,Object extracted. Next step: Please return the object into the box.,55.3,OPEN,0.096,0.108,1.1,0.382,-0.64,2.303,145.0,0.0,-137.7,1,0.103,-0.701,2.383,841.4,655.9,1275.3,975.1,0.099,-0.795,2.329,916.5,653.4,1192.5,770.1,DOCKED,1,0.324
56,88.683,2026-09-10T08:31:56.303562Z,10.7,2,OBJECT_EXTRACTED,IDLE,NONE,Object extracted. Next step: Please return the object into the box.,54.8,OPEN,0.095,0.105,1.1,0.448,-0.601,2.325,145.0,0.0,-137.7,1,0.102,-0.701,2.383,841.3,654.9,1275.0,975.2,0.099,-0.831,2.25,1014.0,614.0,1104.0,684.0,DOCKED,1,0.424
57,88.8,2026-09-10T08:31:56.420283Z,9.7,2,OBJECT_EXTRACTED,IDLE,NONE,Object extracted. Next step: Please return the object into the box.,55.0,OPEN,-0.57,-0.347,1.1,0.148,-0.779,2.222,145.0,0.0,-137.7,1,0.103,-0.702,2.383,841.2,654.3,1275.8,975.2,-0.401,-0.785,2.277,142.0,323.0,976.0,1080.0,RELEASED,0,0.552
58,88.894,2026-09-10T08:31:56.515145Z,8.9,2,OBJECT_EXTRACTED,IDLE,NONE,Object extracted. Next step: Please return the object into the box.,54.8,OPEN,-0.571,-0.347,1.1,-0.267,-1.024,2.081,145.0,0.0,-137.7,1,0.103,-0.701,2.383,842.0,655.5,1274.6,974.7,0.098,-0.795,2.329,915.8,653.1,1191.6,770.2,DOCKED,1,0.496
59,88.989,2026-09-10T08:31:56.609620Z,10.2,2,OBJECT_EXTRACTED,APPROACH COMPONENT BOX,NONE,Object extracted. Next step: Please return the object into the box.,55.6,OPEN,0.097,0.107,1.1,0.197,-0.75,2.239,145.0,0.0,-137.7,1,0.103,-0.701,2.383,841.8,654.8,1275.3,975.2,0.101,-0.829,2.251,1016.0,616.0,1106.0,686.0,APPROACHED,1,0.125
60,89.086,2026-09-10T08:31:56.706221Z,11.0,3,OBJECT_RETURNED,IDLE,NONE,Object returned. Next step: Please close the box.,54.6,OPEN,0.094,0.106,1.1,0.789,-0.4,2.441,145.0,0.0,-137.7,1,0.103,-0.701,2.383,842.0,656.9,1275.5,974.9,0.099,-0.794,2.329,917.3,655.2,1192.7,770.7,DOCKED,1,0.802
61,89.202,2026-09-10T08:31:56.822880Z,10.0,3,OBJECT_RETURNED,IDLE,NONE,Object returned. Next step: Please close the box.,54.8,OPEN,-0.572,-0.347,1.1,0.392,-0.634,2.306,145.0,0.0,-137.7,1,0.102,-0.702,2.383,841.2,654.2,1274.8,975.0,-0.454,-0.627,2.368,102.0,688.0,910.0,1080.0,RELEASED,0,0.848
62,89.306,2026-09-10T08:31:56.926224Z,7.9,3,OBJECT_RETURNED,IDLE,NONE,Object returned. Next step: Please close the box.,54.5,OPEN,0.095,0.107,1.1,0.365,-0.649,2.297,145.0,0.0,-137.7,1,0.102,-0.702,2.383,840.9,654.3,1274.3,975.3,0.098,-0.828,2.252,1013.0,617.0,1103.0,687.0,DOCKED,1,0.324
63,89.402,2026-09-10T08:31:57.022779Z,9.9,3,OBJECT_RETURNED,IDLE,NONE,Object returned. Next step: Please close the box.,54.4,OPEN,0.092,0.105,1.1,0.976,-0.289,2.505,145.0,0.0,-137.7,1,0.102,-0.702,2.383,841.4,654.4,1273.1,975.4,0.096,-0.831,2.25,1011.0,614.0,1101.0,684.0,DOCKED,1,1.065
64,89.513,2026-09-10T08:31:57.133645Z,9.9,3,OBJECT_RETURNED,IDLE,NONE,Object returned. Next step: Please close the box.,53.9,OPEN,0.092,0.106,1.1,0.909,-0.328,2.482,145.0,0.0,-137.7,1,0.103,-0.701,2.383,843.1,655.4,1273.8,975.7,0.095,-0.83,2.251,1010.0,615.0,1100.0,685.0,DOCKED,1,0.984
65,89.625,2026-09-10T08:31:57.245729Z,8.6,3,OBJECT_RETURNED,IDLE,NONE,Object returned. Next step: Please close the box.,54.7,OPEN,0.091,0.105,1.1,0.892,-0.337,2.477,145.0,0.0,-137.7,1,0.103,-0.702,2.383,842.4,654.0,1275.0,975.6,0.094,-0.83,2.251,1009.0,615.0,1099.0,685.0,DOCKED,1,0.965
66,89.731,2026-09-10T08:31:57.351210Z,9.9,3,OBJECT_RETURNED,IDLE,NONE,Object returned. Next step: Please close the box.,55.8,OPEN,0.092,0.106,1.1,0.432,-0.608,2.321,145.0,0.0,-137.7,1,0.103,-0.702,2.382,842.2,653.0,1275.5,975.7,0.097,-0.796,2.328,912.2,652.7,1193.7,769.2,DOCKED,1,0.384
67,89.868,2026-09-10T08:31:57.488706Z,9.4,3,OBJECT_RETURNED,APPROACH COMPONENT BOX,NONE,Object returned. Next step: Please close the box.,57.5,OPEN,0.09,0.105,1.1,0.21,-0.739,2.246,145.0,0.0,-137.7,1,0.103,-0.703,2.382,842.4,652.0,1274.4,975.4,0.097,-0.796,2.328,913.5,651.6,1193.1,769.1,APPROACHED,1,0.151
68,89.981,2026-09-10T08:31:57.602013Z,6.7,3,OBJECT_RETURNED,APPROACH COMPONENT BOX,NONE,Object returned. Next step: Please close the box.,58.1,OPEN,0.1,0.107,1.1,0.086,-0.813,2.203,145.0,0.0,-137.7,1,0.103,-0.702,2.382,842.7,652.6,1273.9,976.2,0.097,-0.796,2.328,914.0,651.3,1192.2,769.5,APPROACHED,1,0.127
69,90.079,2026-09-10T08:31:57.700012Z,9.5,3,OBJECT_RETURNED,APPROACH COMPONENT BOX,NONE,Object returned. Next step: Please close the box.,57.4,OPEN,0.09,0.105,1.1,0.046,-0.838,2.188,145.0,0.0,-137.7,1,0.103,-0.702,2.383,842.2,653.6,1274.8,975.7,0.096,-0.795,2.329,922.2,653.3,1182.4,770.6,APPROACHED,1,0.155
70,90.173,2026-09-10T08:31:57.793715Z,11.0,3,OBJECT_RETURNED,APPROACH COMPONENT BOX,NONE,Object returned. Next step: Please close the box.,56.9,OPEN,0.093,0.106,1.1,0.026,-0.847,2.183,145.0,0.0,-137.7,1,0.103,-0.702,2.383,842.1,654.1,1275.3,975.4,0.099,-0.794,2.329,922.5,653.7,1186.8,771.1,APPROACHED,1,0.171
71,90.285,2026-09-10T08:31:57.905974Z,9.8,3,OBJECT_RETURNED,APPROACH COMPONENT BOX,NONE,Object returned. Next step: Please close the box.,55.6,OPEN,0.098,0.108,1.1,0.022,-0.851,2.181,145.0,0.0,-137.7,1,0.103,-0.701,2.383,841.8,654.6,1275.2,975.6,0.099,-0.795,2.329,922.1,652.5,1187.6,770.8,APPROACHED,1,0.176
72,90.386,2026-09-10T08:31:58.006946Z,8.6,3,OBJECT_RETURNED,APPROACH COMPONENT BOX,NONE,Object returned. Next step: Please close the box.,55.1,OPEN,0.09,0.108,1.1,0.059,-0.827,2.195,145.0,0.0,-137.7,1,0.103,-0.701,2.383,841.8,655.0,1275.8,975.9,0.099,-0.795,2.329,921.4,651.9,1188.9,771.1,APPROACHED,1,0.143
73,90.473,2026-09-10T08:31:58.094156Z,11.5,3,OBJECT_RETURNED,APPROACH COMPONENT BOX,NONE,Object returned. Next step: Please close the box.,54.0,OPEN,0.093,0.106,1.1,0.072,-0.818,2.2,145.0,0.0,-137.7,1,0.103,-0.702,2.382,842.5,654.2,1275.7,975.0,0.101,-0.796,2.328,922.4,651.0,1190.8,770.7,APPROACHED,1,0.133
74,90.556,2026-09-10T08:31:58.176380Z,11.7,3,OBJECT_RETURNED,APPROACH COMPONENT BOX,NONE,Object returned. Next step: Please close the box.,53.9,OPEN,0.095,0.107,1.1,0.084,-0.813,2.203,145.0,0.0,-137.7,1,0.103,-0.702,2.382,842.5,654.0,1275.2,974.9,0.104,-0.795,2.329,923.6,651.8,1195.1,770.8,APPROACHED,1,0.128
75,90.639,2026-09-10T08:31:58.259836Z,12.4,3,OBJECT_RETURNED,APPROACH COMPONENT BOX,NONE,Object returned. Next step: Please close the box.,54.0,OPEN,0.096,0.107,1.1,0.091,-0.81,2.205,145.0,0.0,-137.7,1,0.103,-0.702,2.383,842.5,654.6,1274.6,975.1,0.101,-0.795,2.329,920.4,653.9,1192.4,769.6,APPROACHED,1,0.125
76,90.729,2026-09-10T08:31:58.349405Z,11.4,3,OBJECT_RETURNED,APPROACH COMPONENT BOX,NONE,Object returned. Next step: Please close the box.,52.9,OPEN,0.097,0.107,1.1,0.093,-0.809,2.206,145.0,0.0,-137.7,1,0.103,-0.702,2.383,842.7,654.3,1274.9,975.0,0.102,-0.795,2.329,920.4,653.3,1194.9,770.1,APPROACHED,1,0.124
77,90.817,2026-09-10T08:31:58.437767Z,11.0,3,OBJECT_RETURNED,APPROACH COMPONENT BOX,NONE,Object returned. Next step: Please close the box.,52.0,OPEN,0.095,0.108,1.1,0.094,-0.808,2.206,145.0,0.0,-137.7,1,0.103,-0.702,2.382,843.1,653.4,1274.7,974.9,0.105,-0.795,2.329,923.9,653.4,1197.0,770.3,APPROACHED,1,0.124
78,90.902,2026-09-10T08:31:58.522435Z,11.7,3,OBJECT_RETURNED,APPROACH COMPONENT BOX,NONE,Object returned. Next step: Please close the box.,51.6,OPEN,0.093,0.107,1.1,0.092,-0.807,2.206,145.0,0.0,-137.7,1,0.103,-0.703,2.382,843.9,652.6,1273.9,975.1,0.105,-0.795,2.329,923.9,652.8,1196.5,770.0,APPROACHED,1,0.124
79,90.994,2026-09-10T08:31:58.615133Z,12.0,3,OBJECT_RETURNED,CONTACT COMPONENT BOX,NONE,Object returned. Next step: Please close the box.,51.0,OPEN,0.094,0.107,1.1,0.092,-0.807,2.206,145.0,0.0,-137.7,1,0.104,-0.703,2.382,844.2,651.8,1274.7,975.4,0.098,-0.828,2.252,1013.0,617.0,1103.0,687.0,GRASPED,1,0.051
80,91.101,2026-09-10T08:31:58.721761Z,10.0,3,OBJECT_RETURNED,APPROACH COMPONENT BOX,NONE,Object returned. Next step: Please close the box.,50.4,OPEN,0.093,0.106,1.1,0.092,-0.808,2.206,145.0,0.0,-137.7,1,0.103,-0.702,2.382,843.7,653.2,1274.4,975.3,0.103,-0.795,2.329,921.9,652.7,1196.0,770.4,APPROACHED,1,0.124
81,91.232,2026-09-10T08:31:58.852715Z,9.4,3,OBJECT_RETURNED,IDLE,NONE,Object returned. Next step: Please close the box.,50.7,OPEN,-0.495,-0.347,1.1,-0.212,-1.011,2.089,145.0,0.0,-137.7,1,0.103,-0.701,2.383,844.1,654.7,1274.2,975.7,-0.419,-0.658,2.35,96.0,616.0,986.0,1080.0,RELEASED,0,0.485
82,91.346,2026-09-10T08:31:58.966512Z,8.1,3,OBJECT_RETURNED,IDLE,NONE,Object returned. Next step: Please close the box.,50.2,OPEN,-0.486,-0.347,1.1,-0.539,-1.233,1.96,145.0,0.0,-137.7,1,0.104,-0.701,2.383,844.2,654.2,1275.7,975.8,-0.401,-0.658,2.35,141.0,616.0,976.0,1080.0,RELEASED,0,0.708
83,91.443,2026-09-10T08:31:59.063399Z,8.6,3,OBJECT_RETURNED,IDLE,NONE,Object returned. Next step: Please close the box.,50.2,OPEN,-0.479,-0.347,1.1,-0.428,-1.166,1.999,145.0,0.0,-137.7,1,0.104,-0.701,2.383,844.1,655.2,1274.9,975.3,0.105,-0.794,2.33,925.1,654.8,1196.1,771.3,DOCKED,1,0.729
84,91.552,2026-09-10T08:31:59.172453Z,10.4,3,OBJECT_RETURNED,IDLE,NONE,Object returned. Next step: Please close the box.,50.1,OPEN,-0.468,-0.347,1.1,-0.45,-1.185,1.988,145.0,0.0,-137.7,1,0.104,-0.701,2.383,843.8,655.5,1275.9,975.2,-0.399,-0.631,2.365,136.0,678.0,986.0,1080.0,RELEASED,0,0.672
85,91.666,2026-09-10T08:31:59.287026Z,9.3,3,OBJECT_RETURNED,IDLE,NONE,Object returned. Next step: Please close the box.,50.7,OPEN,-0.45,-0.347,1.1,-0.45,-1.194,1.983,145.0,0.0,-137.7,1,0.104,-0.701,2.383,844.3,654.8,1275.1,975.9,-0.39,-0.618,2.373,156.0,710.0,984.0,1080.0,RELEASED,0,0.699
86,91.773,2026-09-10T08:31:59.393559Z,8.9,3,OBJECT_RETURNED,IDLE,NONE,Object returned. Next step: Please close the box.,51.1,OPEN,-0.335,-0.347,1.1,-0.389,-1.199,1.98,145.0,0.0,-137.7,1,0.103,-0.701,2.383,843.9,654.6,1274.4,975.8,-0.389,-0.586,2.392,166.0,784.0,976.0,1080.0,RELEASED,0,0.739
87,91.885,2026-09-10T08:31:59.506003Z,9.3,3,OBJECT_RETURNED,IDLE,NONE,Object returned. Next step: Please close the box.,52.1,OPEN,-0.336,-0.347,1.1,-0.308,-1.201,1.978,145.0,0.0,-137.7,1,0.104,-0.702,2.383,844.3,654.4,1274.6,975.0,-0.435,-0.606,2.38,142.0,737.0,908.0,1080.0,RELEASED,0,0.729
88,91.982,2026-09-10T08:31:59.602582Z,8.8,3,OBJECT_RETURNED,IDLE,NONE,Object returned. Next step: Please close the box.,52.6,OPEN,-0.34,-0.347,1.1,-0.325,-1.202,1.978,145.0,0.0,-137.7,1,0.104,-0.702,2.383,844.2,654.2,1274.3,975.1,0.104,-0.795,2.329,926.5,653.4,1193.1,770.6,DOCKED,1,0.689
89,92.095,2026-09-10T08:31:59.715708Z,10.3,3,OBJECT_RETURNED,IDLE,NONE,Object returned. Next step: Please close the box.,53.3,OPEN,-0.338,-0.347,1.1,-0.334,-1.202,1.978,145.0,0.0,-137.7,1,0.103,-0.702,2.382,843.8,653.2,1274.5,975.0,-0.51,-0.62,2.372,136.0,704.0,764.0,1080.0,RELEASED,0,0.725
90,92.188,2026-09-10T08:31:59.808912Z,8.8,3,OBJECT_RETURNED,IDLE,NONE,Object returned. Next step: Please close the box.,54.5,OPEN,-0.337,-0.347,1.1,-0.336,-1.202,1.977,145.0,0.0,-137.7,1,0.103,-0.702,2.382,844.2,652.8,1274.1,975.2,0.105,-0.793,2.33,926.4,653.5,1195.7,773.3,DOCKED,1,0.698
91,92.283,2026-09-10T08:31:59.903302Z,11.4,3,OBJECT_RETURNED,IDLE,NONE,Object returned. Next step: Please close the box.,56.3,OPEN,-0.338,-0.347,1.1,-0.337,-1.201,1.978,145.0,0.0,-137.7,1,0.103,-0.701,2.383,843.4,654.1,1274.1,976.4,0.097,-0.794,2.329,923.8,653.6,1182.7,772.2,DOCKED,1,0.692
92,92.381,2026-09-10T08:32:00.001606Z,10.2,3,OBJECT_RETURNED,IDLE,NONE,Object returned. Next step: Please close the box.,56.8,OPEN,-0.34,-0.347,1.1,-0.339,-1.201,1.979,145.0,0.0,-137.7,1,0.105,-0.701,2.383,845.1,653.8,1275.6,976.2,0.106,-0.794,2.329,927.5,654.4,1196.5,770.4,DOCKED,1,0.698
93,92.49,2026-09-10T08:32:00.111174Z,9.4,3,OBJECT_RETURNED,IDLE,NONE,Object returned. Next step: Please close the box.,56.2,OPEN,-0.337,-0.347,1.1,-0.338,-1.201,1.979,145.0,0.0,-137.7,1,0.103,-0.701,2.383,843.9,653.9,1273.8,976.2,0.108,-0.794,2.329,929.1,655.5,1197.6,770.4,DOCKED,1,0.698
94,92.621,2026-09-10T08:32:00.241958Z,8.1,3,OBJECT_RETURNED,IDLE,NONE,Object returned. Next step: Please close the box.,63.4,OPEN,-0.337,-0.347,1.1,-0.335,-1.201,1.979,145.0,0.0,-137.7,1,0.103,-0.701,2.383,843.1,655.3,1274.4,975.6,0.105,-0.794,2.329,927.6,654.7,1194.4,770.3,DOCKED,1,0.695
95,92.733,2026-09-10T08:32:00.353397Z,7.6,3,OBJECT_RETURNED,IDLE,NONE,Object returned. Next step: Please close the box.,68.8,OPEN,0.095,0.108,1.1,-0.115,-1.0,2.095,145.0,0.0,-137.7,1,0.103,-0.702,2.382,843.1,653.3,1275.3,975.4,0.108,-0.795,2.329,929.3,653.5,1198.4,770.7,DOCKED,1,0.383
96,92.837,2026-09-10T08:32:00.457242Z,10.4,3,OBJECT_RETURNED,APPROACH COMPONENT BOX,NONE,Object returned. Next step: Please close the box.,72.9,OPEN,0.099,0.107,1.1,0.212,-0.704,2.265,145.0,0.0,-137.7,1,0.103,-0.701,2.383,843.2,654.9,1274.0,975.8,0.107,-0.794,2.329,929.2,654.5,1195.5,771.0,APPROACHED,1,0.153
97,92.936,2026-09-10T08:32:00.556779Z,10.2,3,OBJECT_RETURNED,APPROACH COMPONENT BOX,NONE,Object returned. Next step: Please close the box.,75.9,OPEN,-0.336,-0.347,1.1,-0.019,-0.916,2.143,145.0,0.0,-137.7,1,0.103,-0.701,2.383,844.0,655.1,1274.1,975.9,0.107,-0.794,2.329,929.1,654.5,1196.5,770.8,APPROACHED,1,0.256
98,93.022,2026-09-10T08:32:00.642693Z,10.1,3,OBJECT_RETURNED,IDLE,NONE,Object returned. Next step: Please close the box.,78.2,OPEN,0.096,0.108,1.1,-0.121,-1.005,2.091,145.0,0.0,-137.7,1,0.104,-0.701,2.383,844.0,654.7,1274.7,976.2,0.105,-0.794,2.329,927.0,654.1,1194.9,770.2,DOCKED,1,0.39
99,93.111,2026-09-10T08:32:00.731510Z,11.4,3,OBJECT_RETURNED,APPROACH COMPONENT BOX,NONE,Object returned. Next step: Please close the box.,71.5,OPEN,0.098,0.108,1.1,0.311,-0.613,2.318,145.0,0.0,-137.7,1,0.103,-0.702,2.383,843.7,654.2,1274.4,975.7,0.107,-0.795,2.329,929.6,653.6,1195.4,770.1,APPROACHED,1,0.273
100,93.212,2026-09-10T08:32:00.832542Z,11.0,3,OBJECT_RETURNED,APPROACH COMPONENT BOX,NONE,Object returned. Next step: Please close the box.,65.8,OPEN,-0.335,-0.347,1.1,0.084,-0.821,2.197,145.0,0.0,-137.7,1,0.104,-0.701,2.383,844.1,654.1,1275.0,976.3,0.106,-0.795,2.329,928.0,653.8,1195.8,770.4,APPROACHED,1,0.136
101,93.298,2026-09-10T08:32:00.918380Z,10.1,3,OBJECT_RETURNED,APPROACH COMPONENT BOX,NONE,Object returned. Next step: Please close the box.,70.6,OPEN,0.098,0.107,1.1,0.015,-0.883,2.161,145.0,0.0,-137.7,1,0.104,-0.701,2.383,843.7,654.4,1274.9,975.8,0.106,-0.795,2.329,927.0,653.4,1195.8,770.6,APPROACHED,1,0.21
102,93.396,2026-09-10T08:32:01.016319Z,11.7,3,OBJECT_RETURNED,APPROACH COMPONENT BOX,NONE,Object returned. Next step: Please close the box.,74.2,OPEN,-0.336,-0.347,1.1,0.202,-0.712,2.26,145.0,0.0,-137.7,1,0.103,-0.702,2.382,843.5,653.5,1274.9,975.7,0.107,-0.795,2.329,928.5,652.5,1196.7,770.0,APPROACHED,1,0.143
103,93.48,2026-09-10T08:32:01.101101Z,10.2,3,OBJECT_RETURNED,APPROACH COMPONENT BOX,NONE,Object returned. Next step: Please close the box.,76.9,OPEN,0.098,0.109,1.1,0.172,-0.739,2.244,145.0,0.0,-137.7,1,0.104,-0.701,2.383,844.3,655.3,1274.4,975.4,0.106,-0.794,2.329,928.7,654.8,1195.3,770.6,APPROACHED,1,0.121
104,93.577,2026-09-10T08:32:01.197257Z,11.6,3,OBJECT_RETURNED,IDLE,NONE,Object returned. Next step: Please close the box.,71.1,OPEN,-0.337,-0.347,1.1,0.371,-0.558,2.349,145.0,0.0,-137.7,1,0.103,-0.702,2.383,844.1,653.3,1274.3,976.4,0.105,-0.795,2.329,926.7,653.0,1195.1,770.0,DOCKED,1,0.357
105,93.671,2026-09-10T08:32:01.291621Z,10.8,3,OBJECT_RETURNED,APPROACH COMPONENT BOX,NONE,Object returned. Next step: Please close the box.,66.5,OPEN,-0.334,-0.347,1.1,0.097,-0.809,2.204,145.0,0.0,-137.7,1,0.104,-0.701,2.383,844.0,654.3,1274.4,976.2,0.107,-0.794,2.329,928.9,655.6,1196.4,770.2,APPROACHED,1,0.126
106,93.787,2026-09-10T08:32:01.407870Z,10.6,3,OBJECT_RETURNED,CONTACT COMPONENT BOX,NONE,Object returned. Next step: Please close the box.,62.7,OPEN,-0.336,-0.347,1.1,0.149,-0.762,2.232,145.0,0.0,-137.7,1,0.103,-0.702,2.383,843.8,653.4,1274.5,976.5,0.105,-0.794,2.329,926.6,654.6,1195.3,770.0,GRASPED,1,0.112
107,93.902,2026-09-10T08:32:01.523019Z,8.5,3,OBJECT_RETURNED,IDLE,NONE,Object returned. Next step: Please close the box.,59.5,OPEN,-0.337,-0.347,1.1,0.203,-0.711,2.262,145.0,0.0,-137.7,1,0.103,-0.702,2.382,843.8,653.2,1273.1,975.1,-0.401,-0.61,2.378,166.0,728.0,952.0,1080.0,RELEASED,0,0.624
108,94.0,2026-09-10T08:32:01.620500Z,8.7,3,OBJECT_RETURNED,IDLE,NONE,Object returned. Next step: Please close the box.,56.7,OPEN,-0.336,-0.347,1.1,-0.114,-0.999,2.095,145.0,0.0,-137.7,1,0.104,-0.702,2.383,844.5,654.0,1274.6,975.5,0.105,-0.795,2.329,927.1,653.3,1195.1,770.2,DOCKED,1,0.38
109,94.107,2026-09-10T08:32:01.727508Z,10.4,3,OBJECT_RETURNED,IDLE,NONE,Object returned. Next step: Please close the box.,55.0,OPEN,-0.336,-0.347,1.1,-0.258,-1.131,2.019,145.0,0.0,-137.7,1,0.103,-0.702,2.382,843.9,653.0,1273.0,975.2,0.107,-0.796,2.328,925.2,650.1,1199.2,771.3,DOCKED,1,0.584
110,94.237,2026-09-10T08:32:01.857565Z,7.4,3,OBJECT_RETURNED,IDLE,NONE,Object returned. Next step: Please close the box.,53.0,OPEN,-0.329,-0.347,1.1,-0.296,-1.168,1.998,145.0,0.0,-137.7,1,0.103,-0.702,2.382,844.1,653.9,1273.6,975.3,0.106,-0.796,2.328,926.4,651.9,1196.5,769.9,DOCKED,1,0.64
111,94.394,2026-09-10T08:32:02.015105Z,8.4,3,OBJECT_RETURNED,IDLE,NONE,Object returned. Next step: Please close the box.,51.9,OPEN,-0.336,-0.347,1.1,-0.314,-1.186,1.987,145.0,0.0,-137.7,1,0.103,-0.702,2.382,842.8,652.7,1273.9,975.1,-0.391,-0.586,2.391,134.0,782.0,1004.0,1080.0,RELEASED,0,0.727
112,94.518,2026-09-10T08:32:02.138603Z,6.2,3,OBJECT_RETURNED,IDLE,NONE,Object returned. Next step: Please close the box.,60.2,OPEN,-0.334,-0.347,1.1,-0.327,-1.196,1.982,145.0,0.0,-137.7,1,0.103,-0.702,2.383,843.7,654.2,1274.5,975.3,0.106,-0.795,2.329,925.4,652.5,1197.7,770.0,DOCKED,1,0.684
113,94.653,2026-09-10T08:32:02.274003Z,8.9,3,OBJECT_RETURNED,IDLE,NONE,Object returned. Next step: Please close the box.,57.3,OPEN,-0.338,-0.347,1.1,-0.331,-1.2,1.98,145.0,0.0,-137.7,1,0.104,-0.702,2.383,843.8,654.2,1275.3,975.5,-0.428,-0.626,2.368,90.0,690.0,974.0,1080.0,RELEASED,0,0.7
114,94.765,2026-09-10T08:32:02.385670Z,7.7,3,OBJECT_RETURNED,IDLE,NONE,Object returned. Next step: Please close the box.,54.4,OPEN,-0.338,-0.347,1.1,-0.334,-1.202,1.978,145.0,0.0,-137.7,1,0.104,-0.701,2.383,844.4,655.1,1274.7,976.1,-0.392,-0.594,2.387,132.0,764.0,1004.0,1080.0,RELEASED,0,0.734
115,94.881,2026-09-10T08:32:02.501673Z,8.9,3,OBJECT_RETURNED,IDLE,NONE,Object returned. Next step: Please close the box.,52.3,OPEN,-0.336,-0.347,1.1,-0.333,-1.203,1.978,145.0,0.0,-137.7,1,0.105,-0.701,2.383,844.4,654.8,1276.6,975.5,-0.419,-0.625,2.369,78.0,692.0,1004.0,1080.0,RELEASED,0,0.702
116,95.007,2026-09-10T08:32:02.627743Z,8.6,3,OBJECT_RETURNED,IDLE,NONE,Object returned. Next step: Please close the box.,51.8,OPEN,-0.333,-0.347,1.1,-0.333,-1.202,1.979,145.0,0.0,-137.7,1,0.104,-0.702,2.382,844.0,653.0,1276.0,975.4,-0.461,-0.648,2.356,142.0,640.0,856.0,1080.0,RELEASED,0,0.682
117,95.125,2026-09-10T08:32:02.746123Z,7.7,3,OBJECT_RETURNED,IDLE,NONE,Object returned. Next step: Please close the box.,52.3,OPEN,-0.334,-0.347,1.1,-0.334,-1.201,1.979,145.0,0.0,-137.7,1,0.105,-0.703,2.382,844.6,651.1,1276.2,975.1,-0.465,-0.596,2.386,131.0,759.0,858.0,1080.0,RELEASED,0,0.741
118,95.256,2026-09-10T08:32:02.877022Z,8.6,3,OBJECT_RETURNED,IDLE,NONE,Object returned. Next step: Please close the box.,52.0,OPEN,-0.337,-0.347,1.1,-0.338,-1.201,1.979,145.0,0.0,-137.7,1,0.105,-0.704,2.381,844.6,648.7,1276.1,975.0,-0.405,-0.618,2.373,150.0,710.0,960.0,1080.0,RELEASED,0,0.707
119,95.399,2026-09-10T08:32:03.020091Z,7.2,3,OBJECT_RETURNED,IDLE,NONE,Object returned. Next step: Please close the box.,60.2,OPEN,-0.338,-0.347,1.1,-0.338,-1.201,1.979,145.0,0.0,-137.7,1,0.106,-0.702,2.382,846.0,653.1,1277.6,974.8,-0.405,-0.649,2.355,140.0,638.0,970.0,1080.0,RELEASED,0,0.672
120,95.534,2026-09-10T08:32:03.154216Z,7.1,3,OBJECT_RETURNED,IDLE,NONE,Object returned. Next step: Please close the box.,66.0,OPEN,-0.339,-0.347,1.1,-0.338,-1.201,1.979,145.0,0.0,-137.7,1,0.105,-0.705,2.381,845.1,647.8,1276.3,974.9,-0.408,-0.655,2.352,96.0,624.0,1008.0,1080.0,RELEASED,0,0.665
121,95.678,2026-09-10T08:32:03.299079Z,7.4,3,OBJECT_RETURNED,IDLE,NONE,Object returned. Next step: Please close the box.,70.8,OPEN,-0.335,-0.347,1.1,-0.336,-1.201,1.979,145.0,0.0,-137.7,1,0.104,-0.695,2.387,843.7,670.9,1274.8,974.2,-0.406,-0.59,2.389,132.0,774.0,976.0,1080.0,RELEASED,0,0.739
122,95.815,2026-09-10T08:32:03.435477Z,6.9,3,OBJECT_RETURNED,IDLE,NONE,Object returned. Next step: Please close the box.,74.3,OPEN,-0.335,-0.347,1.1,-0.334,-1.201,1.979,145.0,0.0,-137.7,1,0.105,-0.701,2.383,844.6,657.0,1275.7,974.6,-0.406,-0.597,2.385,132.0,758.0,976.0,1080.0,RELEASED,0,0.731
123,95.944,2026-09-10T08:32:03.564689Z,7.2,3,OBJECT_RETURNED,IDLE,NONE,Object returned. Next step: Please close the box.,76.9,OPEN,-0.339,-0.347,1.1,-0.337,-1.201,1.979,145.0,0.0,-137.7,1,0.105,-0.704,2.381,845.0,649.7,1277.1,975.0,-0.409,-0.605,2.381,126.0,740.0,976.0,1080.0,RELEASED,0,0.722
124,96.08,2026-09-10T08:32:03.700877Z,8.1,3,OBJECT_RETURNED,IDLE,NONE,Object returned. Next step: Please close the box.,78.9,OPEN,-0.339,-0.347,1.1,-0.34,-1.2,1.979,145.0,0.0,-137.7,1,0.105,-0.7,2.383,844.4,657.9,1276.3,974.7,-0.384,-0.599,2.384,150.0,752.0,1002.0,1080.0,RELEASED,0,0.726
125,96.238,2026-09-10T08:32:03.858614Z,6.7,3,OBJECT_RETURNED,IDLE,NONE,Object returned. Next step: Please close the box.,80.4,OPEN,-0.337,-0.347,1.1,-0.338,-1.201,1.979,145.0,0.0,-137.7,1,0.103,-0.697,2.385,843.0,665.6,1274.9,974.3,-0.398,-0.628,2.368,136.0,687.0,988.0,1080.0,RELEASED,0,0.695
126,96.413,2026-09-10T08:32:04.033746Z,6.6,3,OBJECT_RETURNED,IDLE,NONE,Object returned. Next step: Please close the box.,79.0,OPEN,-0.337,-0.347,1.1,-0.337,-1.201,1.979,145.0,0.0,-137.7,1,0.105,-0.7,2.383,843.5,657.8,1277.4,974.6,-0.393,-0.627,2.368,144.0,688.0,990.0,1080.0,RELEASED,0,0.695
127,96.566,2026-09-10T08:32:04.186345Z,5.5,3,OBJECT_RETURNED,IDLE,NONE,Object returned. Next step: Please close the box.,78.2,OPEN,-0.337,-0.347,1.1,-0.337,-1.201,1.979,145.0,0.0,-137.7,1,0.106,-0.71,2.378,845.0,636.0,1279.1,975.2,-0.389,-0.619,2.372,150.0,706.0,992.0,1080.0,RELEASED,0,0.704
128,96.695,2026-09-10T08:32:04.315875Z,7.2,3,OBJECT_RETURNED,IDLE,NONE,Object returned. Next step: Please close the box.,79.9,OPEN,-0.336,-0.347,1.1,-0.337,-1.201,1.979,145.0,0.0,-137.7,1,0.104,-0.697,2.385,842.0,666.4,1276.5,974.1,-0.391,-0.618,2.373,151.0,710.0,988.0,1080.0,RELEASED,0,0.706
129,96.828,2026-09-10T08:32:04.448273Z,7.8,3,OBJECT_RETURNED,IDLE,NONE,Object returned. Next step: Please close the box.,81.2,OPEN,-0.339,-0.347,1.1,-0.338,-1.201,1.979,145.0,0.0,-137.7,1,0.105,-0.697,2.386,844.3,666.2,1276.5,974.7,-0.392,-0.619,2.372,122.0,706.0,1014.0,1080.0,RELEASED,0,0.704
130,96.961,2026-09-10T08:32:04.581398Z,7.8,3,OBJECT_RETURNED,IDLE,NONE,Object returned. Next step: Please close the box.,82.1,OPEN,-0.336,-0.347,1.1,-0.339,-1.201,1.979,145.0,0.0,-137.7,1,0.104,-0.697,2.385,842.0,666.4,1277.0,974.3,-0.404,-0.62,2.372,122.0,704.0,990.0,1080.0,RELEASED,0,0.704
131,97.074,2026-09-10T08:32:04.694714Z,7.7,3,OBJECT_RETURNED,IDLE,NONE,Object returned. Next step: Please close the box.,82.9,OPEN,-0.333,-0.347,1.1,-0.334,-1.2,1.979,145.0,0.0,-137.7,1,0.104,-0.697,2.386,841.0,666.7,1278.2,974.2,-0.406,-0.62,2.372,122.0,704.0,986.0,1080.0,RELEASED,0,0.704
132,97.192,2026-09-10T08:32:04.812753Z,8.7,3,OBJECT_RETURNED,IDLE,NONE,Object returned. Next step: Please close the box.,83.4,OPEN,-0.336,-0.347,1.1,-0.335,-1.201,1.979,145.0,0.0,-137.7,1,0.104,-0.699,2.384,841.6,662.0,1278.4,974.2,-0.427,-0.62,2.372,96.0,704.0,970.0,1080.0,RELEASED,0,0.707
133,97.301,2026-09-10T08:32:04.921826Z,8.8,3,OBJECT_RETURNED,IDLE,NONE,Object returned. Next step: Please close the box.,83.8,OPEN,-0.336,-0.347,1.1,-0.338,-1.201,1.979,145.0,0.0,-137.7,1,0.105,-0.698,2.385,842.2,664.2,1279.8,974.4,-0.395,-0.595,2.386,152.0,762.0,978.0,1080.0,RELEASED,0,0.732
134,97.408,2026-09-10T08:32:05.028456Z,9.6,3,OBJECT_RETURNED,IDLE,NONE,Object returned. Next step: Please close the box.,84.1,OPEN,-0.339,-0.347,1.1,-0.339,-1.201,1.979,145.0,0.0,-137.7,1,0.105,-0.694,2.387,842.4,673.0,1279.0,974.4,-0.422,-0.621,2.371,90.0,702.0,986.0,1080.0,RELEASED,0,0.705
135,97.52,2026-09-10T08:32:05.140584Z,9.1,3,OBJECT_RETURNED,IDLE,NONE,Object returned. Next step: Please close the box.,84.3,OPEN,-0.339,-0.347,1.1,-0.342,-1.201,1.979,145.0,0.0,-137.7,1,0.107,-0.7,2.383,844.0,657.8,1280.7,974.7,-0.424,-0.648,2.356,96.0,640.0,976.0,1080.0,RELEASED,0,0.674
136,97.633,2026-09-10T08:32:05.253765Z,9.1,3,OBJECT_RETURNED,IDLE,NONE,Object returned. Next step: Please close the box.,82.0,OPEN,-0.334,-0.347,1.1,-0.339,-1.201,1.979,145.0,0.0,-137.7,1,0.105,-0.71,2.378,840.9,636.7,1279.7,975.5,-0.401,-0.637,2.362,130.0,664.0,988.0,1080.0,RELEASED,0,0.684
137,97.77,2026-09-10T08:32:05.390665Z,8.4,3,OBJECT_RETURNED,IDLE,NONE,Object returned. Next step: Please close the box.,80.4,OPEN,-0.334,-0.347,1.1,-0.336,-1.201,1.979,145.0,0.0,-137.7,1,0.106,-0.709,2.378,841.6,638.0,1281.1,975.5,-0.427,-0.857,2.235,80.0,158.0,986.0,1080.0,RELEASED,0,0.439
138,97.902,2026-09-10T08:32:05.523069Z,6.9,3,OBJECT_RETURNED,IDLE,NONE,Object returned. Next step: Please close the box.,81.5,OPEN,-0.336,-0.347,1.1,-0.337,-1.201,1.979,145.0,0.0,-137.7,1,0.106,-0.703,2.382,843.0,650.2,1279.6,975.4,-0.4,-0.605,2.38,92.0,738.0,1028.0,1080.0,RELEASED,0,0.721
139,97.997,2026-09-10T08:32:05.618119Z,7.6,3,OBJECT_RETURNED,IDLE,NONE,Object returned. Next step: Please close the box.,81.6,OPEN,0.086,0.103,1.1,-0.114,-0.995,2.098,145.0,0.0,-137.7,1,0.105,-0.706,2.38,843.0,645.0,1279.0,975.2,0.089,-0.832,2.249,1004.0,612.0,1094.0,682.0,DOCKED,1,0.301
140,98.126,2026-09-10T08:32:05.746875Z,9.8,3,OBJECT_RETURNED,APPROACH COMPONENT BOX,NONE,Object returned. Next step: Please close the box.,82.4,OPEN,0.09,0.126,1.1,0.3,-0.606,2.323,145.0,0.0,-137.7,1,0.104,-0.704,2.381,842.5,649.0,1277.2,975.1,0.108,-0.805,2.323,924.8,632.2,1202.2,767.6,APPROACHED,1,0.277
141,98.217,2026-09-10T08:32:05.837682Z,8.7,3,OBJECT_RETURNED,IDLE,NONE,Object returned. Next step: Please close the box.,83.1,OPEN,0.095,0.15,1.1,0.317,-0.571,2.343,145.0,0.0,-137.7,1,0.104,-0.703,2.382,843.8,650.8,1276.0,975.2,0.109,-0.797,2.328,926.6,649.2,1202.4,770.4,DOCKED,1,0.307
142,98.308,2026-09-10T08:32:05.928834Z,10.7,3,OBJECT_RETURNED,APPROACH COMPONENT BOX,NONE,Object returned. Next step: Please close the box.,83.5,OPEN,0.091,0.108,1.1,0.299,-0.595,2.329,145.0,0.0,-137.7,1,0.104,-0.702,2.383,844.8,654.7,1274.5,975.2,0.11,-0.79,2.332,925.1,654.7,1206.4,779.7,APPROACHED,1,0.271
143,98.398,2026-09-10T08:32:06.018722Z,11.4,3,OBJECT_RETURNED,APPROACH COMPONENT BOX,NONE,Object returned. Next step: Please close the box.,83.9,OPEN,0.078,0.115,1.1,0.271,-0.639,2.304,145.0,0.0,-137.7,1,0.104,-0.7,2.384,843.6,657.3,1275.8,976.1,0.109,-0.788,2.333,924.4,655.5,1204.1,783.7,APPROACHED,1,0.222
144,98.481,2026-09-10T08:32:06.102072Z,11.5,3,OBJECT_RETURNED,APPROACH COMPONENT BOX,NONE,Object returned. Next step: Please close the box.,84.2,OPEN,0.071,0.114,1.1,0.245,-0.645,2.3,145.0,0.0,-137.7,1,0.105,-0.698,2.385,843.9,661.0,1276.4,976.6,0.111,-0.785,2.335,924.5,658.3,1208.0,787.4,APPROACHED,1,0.197
145,98.568,2026-09-10T08:32:06.188354Z,12.1,3,OBJECT_RETURNED,APPROACH COMPONENT BOX,NONE,Object returned. Next step: Please close the box.,84.4,OPEN,0.095,0.108,1.1,0.241,-0.66,2.292,145.0,0.0,-137.7,1,0.106,-0.699,2.384,845.1,659.1,1277.1,976.3,0.111,-0.787,2.333,924.8,656.4,1208.5,783.8,APPROACHED,1,0.186
146,98.659,2026-09-10T08:32:06.279253Z,11.6,3,OBJECT_RETURNED,APPROACH COMPONENT BOX,NONE,Object returned. Next step: Please close the box.,84.5,OPEN,0.079,0.113,1.1,0.245,-0.668,2.287,145.0,0.0,-137.7,1,0.106,-0.699,2.384,845.1,659.6,1278.0,976.0,0.107,-0.786,2.334,921.7,660.1,1203.5,783.0,APPROACHED,1,0.187
147,98.747,2026-09-10T08:32:06.367216Z,10.3,3,OBJECT_RETURNED,APPROACH COMPONENT BOX,NONE,Object returned. Next step: Please close the box.,84.7,OPEN,0.099,0.108,1.1,0.243,-0.665,2.289,145.0,0.0,-137.7,1,0.107,-0.7,2.384,845.9,657.3,1278.8,976.1,0.109,-0.789,2.332,922.8,657.7,1205.5,779.1,APPROACHED,1,0.187
148,98.832,2026-09-10T08:32:06.453100Z,12.2,3,OBJECT_RETURNED,APPROACH COMPONENT BOX,NONE,Object returned. Next step: Please close the box.,84.7,OPEN,0.099,0.109,1.1,0.244,-0.683,2.279,145.0,0.0,-137.7,1,0.106,-0.701,2.383,844.0,655.9,1279.4,976.1,0.11,-0.789,2.332,923.5,656.0,1206.9,779.9,APPROACHED,1,0.18
149,98.914,2026-09-10T08:32:06.535062Z,11.9,3,OBJECT_RETURNED,APPROACH COMPONENT BOX,NONE,Object returned. Next step: Please close the box.,84.8,OPEN,0.098,0.109,1.1,0.234,-0.691,2.274,145.0,0.0,-137.7,1,0.109,-0.7,2.384,845.0,656.1,1283.4,977.0,0.11,-0.789,2.332,922.2,656.5,1207.8,779.9,APPROACHED,1,0.169
150,98.999,2026-09-10T08:32:06.619893Z,12.1,3,OBJECT_RETURNED,APPROACH COMPONENT BOX,NONE,Object returned. Next step: Please close the box.,84.9,OPEN,0.097,0.109,1.1,0.222,-0.7,2.269,145.0,0.0,-137.7,1,0.11,-0.702,2.383,845.0,652.8,1285.3,976.7,0.111,-0.792,2.331,924.7,654.3,1208.0,776.1,APPROACHED,1,0.157
151,99.097,2026-09-10T08:32:06.717841Z,11.8,3,OBJECT_RETURNED,CONTACT COMPONENT BOX,NONE,Object returned. Next step: Please close the box.,84.8,OPEN,0.094,0.109,1.1,0.152,-0.758,2.235,145.0,0.0,-137.7,1,0.108,-0.703,2.382,845.4,649.7,1281.9,977.2,0.108,-0.794,2.329,921.2,651.7,1205.6,772.6,GRASPED,1,0.11
152,99.194,2026-09-10T08:32:06.814389Z,10.0,3,OBJECT_RETURNED,CONTACT COMPONENT BOX,NONE,Object returned. Next step: Please close the box.,84.8,OPEN,0.097,0.108,1.1,0.123,-0.783,2.22,145.0,0.0,-137.7,1,0.108,-0.702,2.383,842.4,652.9,1284.9,976.8,0.109,-0.793,2.33,923.4,653.8,1205.8,772.9,GRASPED,1,0.111
153,99.309,2026-09-10T08:32:06.929711Z,9.5,3,OBJECT_RETURNED,CONTACT COMPONENT BOX,NONE,Object returned. Next step: Please close the box.,84.9,OPEN,0.098,0.108,1.1,0.112,-0.796,2.212,145.0,0.0,-137.7,1,0.108,-0.702,2.382,843.0,651.5,1284.8,976.4,0.112,-0.795,2.329,926.7,650.7,1207.6,772.9,GRASPED,1,0.116
154,99.435,2026-09-10T08:32:07.056204Z,9.0,3,OBJECT_RETURNED,APPROACH COMPONENT BOX,NONE,Object returned. Next step: Please close the box.,84.9,OPEN,0.1,0.109,1.1,0.106,-0.802,2.209,145.0,0.0,-137.7,1,0.111,-0.702,2.382,844.9,652.2,1287.6,976.7,0.11,-0.792,2.33,923.0,654.6,1207.4,774.7,APPROACHED,1,0.122
155,99.552,2026-09-10T08:32:07.172283Z,6.9,3,OBJECT_RETURNED,APPROACH COMPONENT BOX,NONE,Object returned. Next step: Please close the box.,84.9,OPEN,0.105,0.093,1.1,0.105,-0.811,2.204,145.0,0.0,-137.7,1,0.109,-0.702,2.382,842.9,652.5,1285.5,975.3,0.108,-0.793,2.33,921.1,654.7,1205.8,773.4,APPROACHED,1,0.127
156,99.754,2026-09-10T08:32:07.374677Z,7.0,3,OBJECT_RETURNED,APPROACH COMPONENT BOX,NONE,Object returned. Next step: Please close the box.,85.0,OPEN,0.094,0.109,1.1,0.101,-0.814,2.202,145.0,0.0,-137.7,1,0.108,-0.702,2.382,841.1,652.6,1286.7,975.6,0.108,-0.792,2.331,923.3,656.9,1204.0,773.2,APPROACHED,1,0.131
157,99.897,2026-09-10T08:32:07.518130Z,5.1,3,OBJECT_RETURNED,APPROACH COMPONENT BOX,NONE,Object returned. Next step: Please close the box.,85.0,OPEN,0.094,0.109,1.1,0.094,-0.808,2.205,145.0,0.0,-137.7,1,0.109,-0.702,2.382,841.3,652.9,1287.8,975.3,0.108,-0.792,2.331,921.0,656.5,1206.2,773.8,APPROACHED,1,0.127
158,99.984,2026-09-10T08:32:07.604214Z,10.1,3,OBJECT_RETURNED,APPROACH COMPONENT BOX,NONE,Object returned. Next step: Please close the box.,85.0,OPEN,0.099,0.109,1.1,0.098,-0.81,2.204,145.0,0.0,-137.7,1,0.107,-0.702,2.383,839.6,654.2,1286.3,975.7,0.11,-0.792,2.33,921.6,655.1,1209.7,774.2,APPROACHED,1,0.128
159,100.07,2026-09-10T08:32:07.690898Z,11.2,3,OBJECT_RETURNED,APPROACH COMPONENT BOX,NONE,Object returned. Next step: Please close the box.,85.0,OPEN,0.1,0.11,1.1,0.103,-0.811,2.204,145.0,0.0,-137.7,1,0.11,-0.703,2.382,843.7,651.4,1287.6,976.1,0.112,-0.793,2.33,924.2,654.8,1210.8,773.2,APPROACHED,1,0.128
160,100.155,2026-09-10T08:32:07.775405Z,11.7,3,OBJECT_RETURNED,APPROACH COMPONENT BOX,NONE,Object returned. Next step: Please close the box.,85.0,OPEN,0.1,0.11,1.1,0.103,-0.81,2.204,145.0,0.0,-137.7,1,0.109,-0.703,2.382,840.1,649.9,1289.2,975.9,0.11,-0.792,2.33,920.3,656.0,1211.0,772.8,APPROACHED,1,0.127
161,100.244,2026-09-10T08:32:07.865038Z,11.7,3,OBJECT_RETURNED,APPROACH COMPONENT BOX,NONE,Object returned. Next step: Please close the box.,85.0,OPEN,0.093,0.11,1.1,0.098,-0.807,2.206,145.0,0.0,-137.7,1,0.109,-0.702,2.382,842.0,652.6,1287.4,975.7,0.108,-0.792,2.33,919.0,656.5,1208.1,772.9,APPROACHED,1,0.125
162,100.328,2026-09-10T08:32:07.948964Z,11.3,3,OBJECT_RETURNED,APPROACH COMPONENT BOX,NONE,Object returned. Next step: Please close the box.,85.0,OPEN,0.096,0.11,1.1,0.094,-0.806,2.207,145.0,0.0,-137.7,1,0.108,-0.702,2.382,839.2,652.9,1288.0,975.2,0.107,-0.791,2.331,918.6,657.8,1206.9,774.7,APPROACHED,1,0.126
163,100.411,2026-09-10T08:32:08.031543Z,12.6,3,OBJECT_RETURNED,APPROACH COMPONENT BOX,NONE,Object returned. Next step: Please close the box.,85.0,OPEN,0.094,0.11,1.1,0.096,-0.806,2.207,145.0,0.0,-137.7,1,0.108,-0.701,2.383,841.5,655.3,1285.2,976.1,0.105,-0.79,2.332,919.2,658.3,1202.5,775.6,APPROACHED,1,0.126
164,100.498,2026-09-10T08:32:08.119204Z,11.3,3,OBJECT_RETURNED,APPROACH COMPONENT BOX,NONE,Object returned. Next step: Please close the box.,85.0,OPEN,0.096,0.109,1.1,0.096,-0.806,2.207,145.0,0.0,-137.7,1,0.108,-0.701,2.383,843.7,655.3,1283.9,976.1,0.109,-0.791,2.331,924.9,656.8,1204.1,775.9,APPROACHED,1,0.126
165,100.581,2026-09-10T08:32:08.202111Z,11.9,3,OBJECT_RETURNED,APPROACH COMPONENT BOX,NONE,Object returned. Next step: Please close the box.,85.0,OPEN,0.092,0.109,1.1,0.095,-0.806,2.206,145.0,0.0,-137.7,1,0.107,-0.701,2.383,840.9,654.6,1284.5,976.4,0.104,-0.792,2.33,917.0,654.4,1201.4,774.8,APPROACHED,1,0.125
166,100.676,2026-09-10T08:32:08.296431Z,11.9,3,OBJECT_RETURNED,APPROACH COMPONENT BOX,NONE,Object returned. Next step: Please close the box.,85.0,OPEN,0.093,0.109,1.1,0.093,-0.807,2.206,145.0,0.0,-137.7,1,0.108,-0.701,2.383,844.6,654.4,1283.3,976.4,0.104,-0.792,2.33,918.3,654.0,1201.4,775.7,APPROACHED,1,0.126
167,100.756,2026-09-10T08:32:08.376409Z,11.3,3,OBJECT_RETURNED,APPROACH COMPONENT BOX,NONE,Object returned. Next step: Please close the box.,85.0,OPEN,0.102,0.121,1.1,0.098,-0.801,2.209,145.0,0.0,-137.7,1,0.107,-0.699,2.384,843.5,658.2,1281.7,976.7,0.108,-0.79,2.332,925.6,655.6,1202.0,778.9,APPROACHED,1,0.123
168,100.854,2026-09-10T08:32:08.475107Z,11.9,3,OBJECT_RETURNED,CONTACT COMPONENT BOX,NONE,Object returned. Next step: Please close the box.,85.0,OPEN,0.101,0.121,1.1,0.105,-0.792,2.215,145.0,0.0,-137.7,1,0.107,-0.699,2.384,845.2,660.5,1280.0,975.7,0.108,-0.787,2.333,923.3,657.1,1204.2,782.7,GRASPED,1,0.119
169,100.943,2026-09-10T08:32:08.563263Z,10.1,3,OBJECT_RETURNED,CONTACT COMPONENT BOX,NONE,Object returned. Next step: Please close the box.,85.0,OPEN,0.103,0.121,1.1,0.105,-0.793,2.214,145.0,0.0,-137.7,1,0.107,-0.698,2.384,846.4,660.6,1279.1,976.0,0.109,-0.788,2.333,922.9,654.9,1206.4,784.0,GRASPED,1,0.119
170,101.052,2026-09-10T08:32:08.673043Z,10.3,3,OBJECT_RETURNED,APPROACH COMPONENT BOX,NONE,Object returned. Next step: Please close the box.,85.0,OPEN,0.102,0.122,1.1,0.105,-0.794,2.214,145.0,0.0,-137.7,1,0.106,-0.697,2.385,846.9,662.9,1276.0,976.0,0.11,-0.786,2.334,925.1,654.3,1205.0,788.6,APPROACHED,1,0.12
171,101.157,2026-09-10T08:32:08.777980Z,9.7,3,OBJECT_RETURNED,APPROACH COMPONENT BOX,NONE,Object returned. Next step: Please close the box.,85.0,OPEN,0.104,0.12,1.1,0.105,-0.794,2.214,145.0,0.0,-137.7,1,0.106,-0.698,2.385,846.2,661.9,1276.6,976.3,0.112,-0.784,2.335,927.1,655.5,1206.8,792.8,APPROACHED,1,0.122
172,101.246,2026-09-10T08:32:08.867211Z,9.8,3,OBJECT_RETURNED,APPROACH COMPONENT BOX,NONE,Object returned. Next step: Please close the box.,85.0,OPEN,0.101,0.119,1.1,0.104,-0.796,2.213,145.0,0.0,-137.7,1,0.104,-0.7,2.383,844.2,656.8,1275.8,975.8,0.111,-0.786,2.334,925.2,652.8,1206.7,791.0,APPROACHED,1,0.122
173,101.343,2026-09-10T08:32:08.963677Z,10.1,3,OBJECT_RETURNED,APPROACH COMPONENT BOX,NONE,Object returned. Next step: Please close the box.,85.0,OPEN,0.085,0.118,1.1,0.092,-0.797,2.212,145.0,0.0,-137.7,1,0.104,-0.702,2.383,844.2,654.6,1274.7,974.9,0.111,-0.79,2.332,928.6,650.6,1204.1,784.3,APPROACHED,1,0.121
174,101.427,2026-09-10T08:32:09.047433Z,11.2,3,OBJECT_RETURNED,APPROACH COMPONENT BOX,NONE,Object returned. Next step: Please close the box.,85.0,OPEN,0.087,0.12,1.1,0.083,-0.797,2.212,145.0,0.0,-137.7,1,0.104,-0.701,2.383,844.3,656.5,1275.3,975.3,0.112,-0.787,2.333,926.3,652.9,1208.0,787.6,APPROACHED,1,0.125
175,101.513,2026-09-10T08:32:09.133568Z,12.3,3,OBJECT_RETURNED,APPROACH COMPONENT BOX,NONE,Object returned. Next step: Please close the box.,85.0,OPEN,0.096,0.09,1.1,0.091,-0.809,2.205,145.0,0.0,-137.7,1,0.104,-0.702,2.382,843.8,653.8,1275.3,975.3,0.11,-0.79,2.332,927.5,649.5,1203.9,784.3,APPROACHED,1,0.129
176,101.618,2026-09-10T08:32:09.238609Z,11.0,3,OBJECT_RETURNED,CONTACT COMPONENT BOX,NONE,Object returned. Next step: Please close the box.,85.0,OPEN,0.095,0.169,1.1,0.098,-0.791,2.216,145.0,0.0,-137.7,1,0.105,-0.703,2.382,844.6,652.5,1275.8,974.8,0.109,-0.79,2.331,925.2,650.5,1203.6,783.0,GRASPED,1,0.116
177,101.702,2026-09-10T08:32:09.322641Z,9.8,3,OBJECT_RETURNED,CONTACT COMPONENT BOX,NONE,Object returned. Next step: Please close the box.,85.0,OPEN,0.096,0.168,1.1,0.097,-0.734,2.248,145.0,0.0,-137.7,1,0.104,-0.702,2.382,843.9,653.2,1275.2,975.4,0.11,-0.792,2.33,925.7,647.3,1204.9,782.3,GRASPED,1,0.101
178,101.794,2026-09-10T08:32:09.414847Z,10.7,3,OBJECT_RETURNED,CONTACT COMPONENT BOX,NONE,Object returned. Next step: Please close the box.,85.0,OPEN,0.098,0.087,1.1,0.098,-0.784,2.219,145.0,0.0,-137.7,1,0.104,-0.703,2.382,844.8,651.6,1274.6,974.2,0.112,-0.794,2.329,927.7,643.5,1206.4,782.0,GRASPED,1,0.111
179,101.891,2026-09-10T08:32:09.511918Z,11.8,3,OBJECT_RETURNED,APPROACH COMPONENT BOX,NONE,Object returned. Next step: Please close the box.,84.2,OPEN,0.103,0.109,1.1,0.102,-0.828,2.194,145.0,0.0,-137.7,1,0.104,-0.705,2.381,844.3,648.2,1275.7,974.5,0.114,-0.799,2.326,930.4,633.3,1208.5,781.0,APPROACHED,1,0.136
180,101.974,2026-09-10T08:32:09.594504Z,10.7,3,OBJECT_RETURNED,APPROACH COMPONENT BOX,NONE,Object returned. Next step: Please close the box.,84.4,OPEN,0.098,0.079,1.1,0.104,-0.822,2.197,145.0,0.0,-137.7,1,0.104,-0.702,2.383,845.2,654.5,1274.2,975.4,0.113,-0.789,2.332,928.9,652.6,1207.7,783.7,APPROACHED,1,0.139
181,102.064,2026-09-10T08:32:09.684796Z,11.7,3,OBJECT_RETURNED,APPROACH COMPONENT BOX,NONE,Object returned. Next step: Please close the box.,84.5,OPEN,0.114,0.086,1.1,0.107,-0.837,2.189,145.0,0.0,-137.7,1,0.105,-0.702,2.382,845.7,653.9,1274.8,975.2,0.113,-0.789,2.332,928.2,653.8,1207.6,781.6,APPROACHED,1,0.151
182,102.152,2026-09-10T08:32:09.772889Z,11.0,3,OBJECT_RETURNED,APPROACH COMPONENT BOX,NONE,Object returned. Next step: Please close the box.,84.6,OPEN,0.098,0.11,1.1,0.11,-0.819,2.199,145.0,0.0,-137.7,1,0.104,-0.702,2.382,845.2,653.9,1273.8,975.0,0.112,-0.789,2.332,929.1,655.9,1206.4,781.5,APPROACHED,1,0.137
183,102.237,2026-09-10T08:32:09.858172Z,11.6,3,OBJECT_RETURNED,APPROACH COMPONENT BOX,NONE,Object returned. Next step: Please close the box.,84.7,OPEN,0.092,0.109,1.1,0.091,-0.804,2.207,145.0,0.0,-137.7,1,0.104,-0.702,2.382,844.6,653.6,1274.1,975.5,0.111,-0.789,2.332,926.5,654.2,1206.8,781.1,APPROACHED,1,0.127
184,102.325,2026-09-10T08:32:09.945403Z,11.9,3,OBJECT_RETURNED,APPROACH COMPONENT BOX,NONE,Object returned. Next step: Please close the box.,84.8,OPEN,0.092,0.11,1.1,0.088,-0.807,2.206,145.0,0.0,-137.7,1,0.105,-0.701,2.383,845.8,655.5,1274.6,975.7,0.111,-0.787,2.333,924.2,655.9,1209.1,784.4,APPROACHED,1,0.131
185,102.421,2026-09-10T08:32:10.041277Z,10.0,3,OBJECT_RETURNED,APPROACH COMPONENT BOX,NONE,Object returned. Next step: Please close the box.,84.9,OPEN,0.098,0.111,1.1,0.092,-0.807,2.206,145.0,0.0,-137.7,1,0.105,-0.701,2.383,846.1,654.7,1275.2,975.7,0.113,-0.788,2.333,930.5,656.4,1205.8,781.5,APPROACHED,1,0.129
186,102.515,2026-09-10T08:32:10.135745Z,12.1,3,OBJECT_RETURNED,APPROACH COMPONENT BOX,NONE,Object returned. Next step: Please close the box.,84.9,OPEN,0.1,0.111,1.1,0.098,-0.807,2.206,145.0,0.0,-137.7,1,0.105,-0.701,2.383,846.7,654.8,1274.8,975.7,0.112,-0.789,2.332,929.8,656.8,1205.2,780.3,APPROACHED,1,0.128
187,102.609,2026-09-10T08:32:10.229654Z,10.3,3,OBJECT_RETURNED,APPROACH COMPONENT BOX,NONE,Object returned. Next step: Please close the box.,84.9,OPEN,0.102,0.108,1.1,0.101,-0.808,2.205,145.0,0.0,-137.7,1,0.105,-0.701,2.383,846.8,654.8,1273.6,975.4,0.112,-0.788,2.333,928.7,657.4,1205.7,781.8,APPROACHED,1,0.13
188,102.693,2026-09-10T08:32:10.313758Z,11.3,3,OBJECT_RETURNED,APPROACH COMPONENT BOX,NONE,Object returned. Next step: Please close the box.,84.9,OPEN,0.103,0.106,1.1,0.102,-0.811,2.204,145.0,0.0,-137.7,1,0.104,-0.701,2.383,846.7,655.2,1273.1,975.5,0.113,-0.787,2.333,931.6,657.7,1205.0,782.0,APPROACHED,1,0.131
189,102.782,2026-09-10T08:32:10.402326Z,10.9,3,OBJECT_RETURNED,APPROACH COMPONENT BOX,NONE,Object returned. Next step: Please close the box.,85.0,OPEN,0.099,0.107,1.1,0.1,-0.812,2.204,145.0,0.0,-137.7,1,0.105,-0.702,2.383,846.3,654.2,1274.5,975.4,0.115,-0.787,2.333,929.0,654.7,1211.0,785.2,APPROACHED,1,0.132
190,102.879,2026-09-10T08:32:10.499445Z,11.1,3,OBJECT_RETURNED,APPROACH COMPONENT BOX,NONE,Object returned. Next step: Please close the box.,85.0,OPEN,0.103,0.105,1.1,0.099,-0.811,2.204,145.0,0.0,-137.7,1,0.106,-0.702,2.382,846.9,654.1,1275.5,974.8,0.112,-0.787,2.334,926.6,657.0,1208.6,784.7,APPROACHED,1,0.132
191,103.019,2026-09-10T08:32:10.640046Z,9.4,3,OBJECT_RETURNED,CONTACT COMPONENT BOX,NONE,Object returned. Next step: Please close the box.,85.0,OPEN,0.1,0.166,1.1,0.101,-0.783,2.22,145.0,0.0,-137.7,1,0.105,-0.702,2.383,846.7,654.1,1274.1,975.2,0.113,-0.786,2.334,927.8,656.6,1208.2,785.7,GRASPED,1,0.114
192,103.101,2026-09-10T08:32:10.721820Z,8.1,3,OBJECT_RETURNED,CONTACT COMPONENT BOX,NONE,Object returned. Next step: Please close the box.,85.0,OPEN,0.098,0.166,1.1,0.097,-0.749,2.24,145.0,0.0,-137.7,1,0.105,-0.702,2.382,846.3,653.3,1274.1,975.4,0.11,-0.786,2.334,926.0,656.9,1204.3,785.0,GRASPED,1,0.101
193,103.182,2026-09-10T08:32:10.802548Z,12.2,3,OBJECT_RETURNED,CONTACT COMPONENT BOX,NONE,Object returned. Next step: Please close the box.,85.0,OPEN,0.098,0.166,1.1,0.096,-0.76,2.234,145.0,0.0,-137.7,1,0.104,-0.702,2.382,845.2,652.7,1274.3,975.5,0.11,-0.787,2.334,925.0,656.3,1206.0,785.2,GRASPED,1,0.104
194,103.278,2026-09-10T08:32:10.898293Z,11.9,3,OBJECT_RETURNED,GRASP COMPONENT BOX,NONE,Object returned. Next step: Please close the box.,85.0,OPEN,0.098,0.166,1.1,0.097,-0.765,2.231,145.0,0.0,-137.7,1,0.105,-0.702,2.382,845.6,652.7,1275.0,975.5,0.108,-0.787,2.333,924.3,655.8,1203.1,785.5,GRASPED,1,0.105
195,103.356,2026-09-10T08:32:10.976302Z,10.8,3,OBJECT_RETURNED,GRASP COMPONENT BOX,NONE,Object returned. Next step: Please close the box.,85.0,OPEN,0.097,0.165,1.1,0.097,-0.76,2.234,145.0,0.0,-137.7,1,0.104,-0.702,2.383,845.0,653.7,1275.2,975.9,0.109,-0.786,2.334,923.4,655.7,1205.8,786.2,GRASPED,1,0.104
196,103.436,2026-09-10T08:32:11.056954Z,13.4,3,OBJECT_RETURNED,GRASP COMPONENT BOX,NONE,Object returned. Next step: Please close the box.,85.0,OPEN,0.097,0.165,1.1,0.097,-0.759,2.234,145.0,0.0,-137.7,1,0.104,-0.702,2.382,845.0,653.1,1275.1,975.1,0.108,-0.787,2.333,923.6,655.6,1203.9,785.4,GRASPED,1,0.104
197,103.527,2026-09-10T08:32:11.147359Z,10.9,3,OBJECT_RETURNED,GRASP COMPONENT BOX,NONE,Object returned. Next step: Please close the box.,85.0,OPEN,0.097,0.165,1.1,0.097,-0.758,2.235,145.0,0.0,-137.7,1,0.104,-0.702,2.382,844.3,652.8,1275.4,975.7,0.11,-0.787,2.333,924.7,655.1,1205.2,784.8,GRASPED,1,0.103
198,103.612,2026-09-10T08:32:11.232973Z,11.7,3,OBJECT_RETURNED,GRASP COMPONENT BOX,NONE,Object returned. Next step: Please close the box.,85.0,OPEN,0.098,0.165,1.1,0.097,-0.758,2.235,145.0,0.0,-137.7,1,0.104,-0.702,2.382,845.0,652.8,1274.8,975.2,0.11,-0.787,2.333,925.2,654.9,1205.2,785.0,GRASPED,1,0.103
199,103.695,2026-09-10T08:32:11.315464Z,12.0,3,OBJECT_RETURNED,GRASP COMPONENT BOX,NONE,Object returned. Next step: Please close the box.,85.0,OPEN,0.096,0.164,1.1,0.097,-0.758,2.235,145.0,0.0,-137.7,1,0.104,-0.702,2.382,844.5,652.6,1275.6,975.5,0.108,-0.787,2.333,923.6,654.7,1204.1,784.9,GRASPED,1,0.103
200,103.799,2026-09-10T08:32:11.419595Z,9.8,3,OBJECT_RETURNED,GRASP COMPONENT BOX,NONE,Object returned. Next step: Please close the box.,85.0,OPEN,0.096,0.164,1.1,0.096,-0.758,2.235,145.0,0.0,-137.7,1,0.104,-0.702,2.382,844.2,652.7,1275.3,975.2,0.109,-0.787,2.333,925.3,655.1,1204.5,785.1,GRASPED,1,0.104
201,103.893,2026-09-10T08:32:11.513793Z,11.7,3,OBJECT_RETURNED,GRASP COMPONENT BOX,NONE,Object returned. Next step: Please close the box.,85.0,OPEN,0.096,0.164,1.1,0.096,-0.758,2.235,145.0,0.0,-137.7,1,0.103,-0.703,2.382,843.2,652.4,1274.3,975.3,0.11,-0.788,2.333,925.1,653.4,1206.0,785.3,GRASPED,1,0.103
202,103.989,2026-09-10T08:32:11.609495Z,10.3,3,OBJECT_RETURNED,GRASP COMPONENT BOX,NONE,Object returned. Next step: Please close the box.,85.0,OPEN,0.096,0.164,1.1,0.096,-0.758,2.235,145.0,0.0,-137.7,1,0.103,-0.702,2.382,844.3,653.3,1273.3,975.3,0.111,-0.788,2.333,925.4,654.4,1206.5,785.3,GRASPED,1,0.104
203,104.078,2026-09-10T08:32:11.698699Z,10.6,3,OBJECT_RETURNED,GRASP COMPONENT BOX,NONE,Object returned. Next step: Please close the box.,85.0,OPEN,0.094,0.164,1.1,0.095,-0.758,2.235,145.0,0.0,-137.7,1,0.104,-0.703,2.382,844.5,652.1,1274.9,975.1,0.109,-0.789,2.332,923.9,652.2,1205.9,784.5,GRASPED,1,0.103
204,104.16,2026-09-10T08:32:11.780768Z,11.4,3,OBJECT_RETURNED,GRASP COMPONENT BOX,NONE,Object returned. Next step: Please close the box.,85.0,OPEN,0.094,0.163,1.1,0.094,-0.758,2.234,145.0,0.0,-137.7,1,0.104,-0.703,2.382,844.0,652.2,1274.9,974.9,0.109,-0.789,2.332,923.5,651.8,1205.9,784.9,GRASPED,1,0.104
205,104.258,2026-09-10T08:32:11.878689Z,11.2,3,OBJECT_RETURNED,GRASP COMPONENT BOX,NONE,Object returned. Next step: Please close the box.,85.0,OPEN,0.094,0.163,1.1,0.094,-0.759,2.234,145.0,0.0,-137.7,1,0.104,-0.703,2.382,844.3,651.9,1275.0,975.2,0.11,-0.79,2.331,924.5,650.0,1205.7,783.0,GRASPED,1,0.103
206,104.369,2026-09-10T08:32:11.989785Z,9.1,3,OBJECT_RETURNED,GRASP COMPONENT BOX,NONE,Object returned. Next step: Please close the box.,85.0,OPEN,0.094,0.163,1.1,0.094,-0.759,2.234,145.0,0.0,-137.7,1,0.103,-0.703,2.382,842.8,651.7,1273.8,975.2,0.109,-0.79,2.332,923.5,651.1,1206.0,783.5,GRASPED,1,0.104
207,104.464,2026-09-10T08:32:12.085042Z,9.5,3,OBJECT_RETURNED,GRASP COMPONENT BOX,NONE,Object returned. Next step: Please close the box.,85.0,OPEN,0.085,0.081,1.1,0.09,-0.794,2.214,145.0,0.0,-137.7,1,0.103,-0.703,2.382,843.0,650.9,1275.2,975.3,0.11,-0.791,2.331,924.1,648.4,1206.3,782.6,GRASPED,1,0.119
208,104.577,2026-09-10T08:32:12.197760Z,11.1,3,OBJECT_RETURNED,APPROACH COMPONENT BOX,NONE,Object returned. Next step: Please close the box.,85.0,OPEN,0.085,0.083,1.1,0.083,-0.848,2.182,145.0,0.0,-137.7,1,0.102,-0.703,2.382,842.7,651.4,1273.5,975.0,0.109,-0.791,2.331,923.3,650.4,1205.2,782.4,APPROACHED,1,0.162
209,104.692,2026-09-10T08:32:12.312763Z,8.3,3,OBJECT_RETURNED,APPROACH COMPONENT BOX,NONE,Object returned. Next step: Please close the box.,85.0,OPEN,0.088,0.084,1.1,0.084,-0.845,2.184,145.0,0.0,-137.7,1,0.104,-0.703,2.382,844.3,651.4,1274.8,975.5,0.11,-0.79,2.331,923.8,650.9,1206.7,782.6,APPROACHED,1,0.159
210,104.803,2026-09-10T08:32:12.423375Z,8.8,3,OBJECT_RETURNED,APPROACH COMPONENT BOX,NONE,Object returned. Next step: Please close the box.,85.0,OPEN,0.094,0.107,1.1,0.09,-0.833,2.191,145.0,0.0,-137.7,1,0.104,-0.703,2.382,844.6,651.2,1274.6,975.6,0.046,-0.786,2.334,906.7,663.5,1101.1,779.8,APPROACHED,1,0.157
211,104.9,2026-09-10T08:32:12.520362Z,9.7,3,OBJECT_RETURNED,APPROACH COMPONENT BOX,NONE,Object returned. Next step: Please close the box.,85.0,OPEN,0.091,0.107,1.1,0.092,-0.818,2.2,145.0,0.0,-137.7,1,0.105,-0.702,2.382,845.6,652.7,1275.0,975.2,0.109,-0.79,2.331,924.2,651.5,1204.8,781.5,APPROACHED,1,0.135
212,104.997,2026-09-10T08:32:12.617250Z,10.4,3,OBJECT_RETURNED,APPROACH COMPONENT BOX,NONE,Object returned. Next step: Please close the box.,85.0,OPEN,0.089,0.108,1.1,0.088,-0.818,2.2,145.0,0.0,-137.7,1,0.105,-0.703,2.382,844.9,651.5,1275.6,975.0,0.108,-0.791,2.331,924.1,651.1,1203.1,781.1,APPROACHED,1,0.136
213,105.112,2026-09-10T08:32:12.732561Z,10.1,3,OBJECT_RETURNED,APPROACH COMPONENT BOX,NONE,Object returned. Next step: Please close the box.,85.0,OPEN,0.092,0.109,1.1,0.089,-0.817,2.2,145.0,0.0,-137.7,1,0.105,-0.703,2.382,845.1,650.5,1275.2,975.5,0.111,-0.791,2.331,924.4,650.6,1207.7,782.1,APPROACHED,1,0.136
214,105.197,2026-09-10T08:32:12.817737Z,9.1,3,OBJECT_RETURNED,APPROACH COMPONENT BOX,NONE,Object returned. Next step: Please close the box.,85.0,OPEN,0.09,0.108,1.1,0.09,-0.818,2.2,145.0,0.0,-137.7,1,0.105,-0.703,2.382,845.2,650.7,1276.0,975.7,0.11,-0.791,2.331,924.6,651.2,1205.8,781.6,APPROACHED,1,0.136
215,105.3,2026-09-10T08:32:12.920372Z,10.2,3,OBJECT_RETURNED,APPROACH COMPONENT BOX,NONE,Object returned. Next step: Please close the box.,85.0,OPEN,0.092,0.109,1.1,0.088,-0.817,2.2,145.0,0.0,-137.7,1,0.104,-0.703,2.382,845.1,651.7,1274.6,975.7,0.111,-0.79,2.332,925.1,651.3,1207.3,782.5,APPROACHED,1,0.136
216,105.394,2026-09-10T08:32:13.014395Z,10.7,3,OBJECT_RETURNED,APPROACH COMPONENT BOX,NONE,Object returned. Next step: Please close the box.,85.0,OPEN,0.09,0.108,1.1,0.088,-0.816,2.2,145.0,0.0,-137.7,1,0.104,-0.703,2.382,844.0,651.0,1276.0,975.6,0.11,-0.79,2.331,924.1,651.3,1206.0,782.3,APPROACHED,1,0.135
217,105.491,2026-09-10T08:32:13.111776Z,10.3,3,OBJECT_RETURNED,APPROACH COMPONENT BOX,NONE,Object returned. Next step: Please close the box.,85.0,OPEN,0.094,0.109,1.1,0.089,-0.816,2.201,145.0,0.0,-137.7,1,0.105,-0.703,2.382,846.0,651.0,1275.9,975.8,0.111,-0.79,2.331,925.3,651.2,1208.0,781.9,APPROACHED,1,0.135
218,105.579,2026-09-10T08:32:13.199404Z,11.3,3,OBJECT_RETURNED,APPROACH COMPONENT BOX,NONE,Object returned. Next step: Please close the box.,84.9,OPEN,0.095,0.109,1.1,0.092,-0.814,2.202,145.0,0.0,-137.7,1,0.104,-0.703,2.382,845.0,650.4,1274.8,975.6,0.111,-0.791,2.331,925.9,650.9,1206.8,780.3,APPROACHED,1,0.132
219,105.666,2026-09-10T08:32:13.286876Z,11.4,3,OBJECT_RETURNED,APPROACH COMPONENT BOX,NONE,Object returned. Next step: Please close the box.,85.0,OPEN,0.093,0.109,1.1,0.091,-0.813,2.203,145.0,0.0,-137.7,1,0.104,-0.703,2.382,845.9,650.9,1274.3,975.5,0.111,-0.79,2.332,923.9,651.4,1208.4,782.3,APPROACHED,1,0.132
220,105.761,2026-09-10T08:32:13.381581Z,11.3,3,OBJECT_RETURNED,APPROACH COMPONENT BOX,NONE,Object returned. Next step: Please close the box.,85.0,OPEN,0.089,0.109,1.1,0.088,-0.813,2.203,145.0,0.0,-137.7,1,0.105,-0.703,2.382,845.9,651.2,1275.3,975.1,0.108,-0.791,2.331,923.5,651.4,1203.1,780.9,APPROACHED,1,0.132
221,105.859,2026-09-10T08:32:13.479452Z,10.0,3,OBJECT_RETURNED,APPROACH COMPONENT BOX,NONE,Object returned. Next step: Please close the box.,85.0,OPEN,0.096,0.109,1.1,0.092,-0.809,2.205,145.0,0.0,-137.7,1,0.104,-0.703,2.382,845.6,650.7,1274.2,975.2,0.11,-0.791,2.331,924.0,650.8,1206.7,781.7,APPROACHED,1,0.129
222,105.957,2026-09-10T08:32:13.577426Z,10.3,3,OBJECT_RETURNED,APPROACH COMPONENT BOX,NONE,Object returned. Next step: Please close the box.,85.0,OPEN,0.096,0.109,1.1,0.099,-0.807,2.206,145.0,0.0,-137.7,1,0.104,-0.703,2.382,844.8,651.2,1275.0,975.5,0.11,-0.791,2.331,924.3,650.6,1207.1,781.7,APPROACHED,1,0.126
223,106.047,2026-09-10T08:32:13.668131Z,10.5,3,OBJECT_RETURNED,APPROACH COMPONENT BOX,NONE,Object returned. Next step: Please close the box.,84.9,OPEN,0.093,0.107,1.1,0.098,-0.806,2.207,145.0,0.0,-137.7,1,0.105,-0.704,2.381,845.5,650.0,1274.8,975.1,0.111,-0.791,2.331,924.4,649.3,1209.2,782.1,APPROACHED,1,0.126
224,106.152,2026-09-10T08:32:13.772388Z,10.9,3,OBJECT_RETURNED,APPROACH COMPONENT BOX,NONE,Object returned. Next step: Please close the box.,84.9,OPEN,0.092,0.109,1.1,0.095,-0.806,2.207,145.0,0.0,-137.7,1,0.104,-0.704,2.382,845.5,650.5,1274.6,975.0,0.11,-0.792,2.331,924.4,649.4,1207.1,780.9,APPROACHED,1,0.126
225,106.244,2026-09-10T08:32:13.864560Z,9.4,3,OBJECT_RETURNED,APPROACH COMPONENT BOX,NONE,Object returned. Next step: Please close the box.,84.8,OPEN,0.097,0.109,1.1,0.097,-0.804,2.208,145.0,0.0,-137.7,1,0.104,-0.703,2.382,844.9,651.0,1274.8,975.3,0.11,-0.792,2.331,924.2,648.9,1207.3,781.2,APPROACHED,1,0.124
226,106.331,2026-09-10T08:32:13.951832Z,11.9,3,OBJECT_RETURNED,APPROACH COMPONENT BOX,NONE,Object returned. Next step: Please close the box.,84.6,OPEN,0.098,0.109,1.1,0.101,-0.804,2.208,145.0,0.0,-137.7,1,0.104,-0.703,2.382,844.9,650.2,1273.9,975.6,0.11,-0.792,2.33,923.9,648.3,1207.0,780.9,APPROACHED,1,0.124
227,106.417,2026-09-10T08:32:14.037491Z,11.5,3,OBJECT_RETURNED,APPROACH COMPONENT BOX,NONE,Object returned. Next step: Please close the box.,84.7,OPEN,0.097,0.109,1.1,0.101,-0.804,2.207,145.0,0.0,-137.7,1,0.104,-0.703,2.382,845.1,651.3,1274.1,975.0,0.111,-0.792,2.33,924.7,648.1,1207.2,781.2,APPROACHED,1,0.124
228,106.502,2026-09-10T08:32:14.122321Z,11.7,3,OBJECT_RETURNED,APPROACH COMPONENT BOX,NONE,Object returned. Next step: Please close the box.,84.7,OPEN,0.095,0.11,1.1,0.099,-0.804,2.208,145.0,0.0,-137.7,1,0.104,-0.703,2.382,845.1,650.8,1274.4,975.6,0.111,-0.792,2.331,924.8,648.7,1207.3,781.9,APPROACHED,1,0.124
229,106.586,2026-09-10T08:32:14.206558Z,11.8,3,OBJECT_RETURNED,APPROACH COMPONENT BOX,NONE,Object returned. Next step: Please close the box.,84.7,OPEN,0.094,0.11,1.1,0.097,-0.803,2.208,145.0,0.0,-137.7,1,0.104,-0.703,2.382,845.2,651.0,1273.5,975.3,0.11,-0.792,2.33,924.5,648.1,1206.7,781.0,APPROACHED,1,0.123
230,106.682,2026-09-10T08:32:14.302302Z,10.2,3,OBJECT_RETURNED,APPROACH COMPONENT BOX,NONE,Object returned. Next step: Please close the box.,84.8,OPEN,0.098,0.111,1.1,0.098,-0.803,2.208,145.0,0.0,-137.7,1,0.104,-0.702,2.382,844.8,651.7,1275.2,976.1,0.11,-0.791,2.331,925.4,649.9,1205.4,781.9,APPROACHED,1,0.124
231,106.777,2026-09-10T08:32:14.397561Z,11.1,3,OBJECT_RETURNED,APPROACH COMPONENT BOX,NONE,Object returned. Next step: Please close the box.,84.7,OPEN,0.098,0.111,1.1,0.101,-0.803,2.208,145.0,0.0,-137.7,1,0.104,-0.703,2.382,845.0,650.6,1274.7,975.6,0.11,-0.792,2.33,923.8,648.4,1206.7,780.5,APPROACHED,1,0.123
232,106.909,2026-09-10T08:32:14.529384Z,8.7,3,OBJECT_RETURNED,APPROACH COMPONENT BOX,NONE,Object returned. Next step: Please close the box.,84.8,OPEN,0.096,0.111,1.1,0.101,-0.803,2.208,145.0,0.0,-137.7,1,0.105,-0.703,2.382,845.6,651.6,1274.9,975.6,0.11,-0.79,2.332,924.3,651.7,1205.8,782.4,APPROACHED,1,0.124
233,107.005,2026-09-10T08:32:14.625943Z,8.8,3,OBJECT_RETURNED,APPROACH COMPONENT BOX,NONE,Object returned. Next step: Please close the box.,84.8,OPEN,0.095,0.111,1.1,0.099,-0.803,2.208,145.0,0.0,-137.7,1,0.104,-0.703,2.382,845.0,650.9,1274.8,975.3,0.11,-0.793,2.33,925.2,647.8,1206.3,780.7,APPROACHED,1,0.123
234,107.092,2026-09-10T08:32:14.712890Z,11.3,3,OBJECT_RETURNED,APPROACH COMPONENT BOX,NONE,Object returned. Next step: Please close the box.,84.8,OPEN,0.089,0.111,1.1,0.095,-0.803,2.208,145.0,0.0,-137.7,1,0.104,-0.703,2.382,844.6,651.0,1274.8,975.5,0.108,-0.791,2.331,923.5,649.9,1203.1,781.0,APPROACHED,1,0.124
235,107.185,2026-09-10T08:32:14.805335Z,11.8,3,OBJECT_RETURNED,CONTACT COMPONENT BOX,NONE,Object returned. Next step: Please close the box.,84.7,OPEN,0.094,0.162,1.1,0.093,-0.78,2.222,145.0,0.0,-137.7,1,0.104,-0.703,2.382,844.9,650.4,1273.8,975.3,0.11,-0.791,2.331,924.5,649.4,1205.7,782.0,GRASPED,1,0.111
236,107.275,2026-09-10T08:32:14.896076Z,10.7,3,OBJECT_RETURNED,CONTACT COMPONENT BOX,NONE,Object returned. Next step: Please close the box.,84.8,OPEN,0.094,0.162,1.1,0.099,-0.744,2.243,145.0,0.0,-137.7,1,0.103,-0.703,2.382,844.9,651.9,1273.0,975.2,0.11,-0.79,2.332,924.5,650.9,1206.9,782.9,GRASPED,1,0.101
237,107.36,2026-09-10T08:32:14.980381Z,11.2,3,OBJECT_RETURNED,CONTACT COMPONENT BOX,NONE,Object returned. Next step: Please close the box.,84.8,OPEN,0.095,0.162,1.1,0.098,-0.749,2.24,145.0,0.0,-137.7,1,0.104,-0.703,2.382,845.6,651.5,1274.1,975.6,0.11,-0.788,2.333,924.4,654.1,1206.6,784.0,GRASPED,1,0.101
238,107.45,2026-09-10T08:32:15.071062Z,12.3,3,OBJECT_RETURNED,GRASP COMPONENT BOX,NONE,Object returned. Next step: Please close the box.,84.8,OPEN,0.097,0.112,1.1,0.097,-0.778,2.223,145.0,0.0,-137.7,1,0.103,-0.703,2.382,844.0,651.5,1274.0,975.8,0.109,-0.789,2.332,924.3,653.1,1205.2,782.9,GRASPED,1,0.11
239,107.533,2026-09-10T08:32:15.153577Z,10.5,3,OBJECT_RETURNED,GRASP COMPONENT BOX,NONE,Object returned. Next step: Please close the box.,84.8,OPEN,0.095,0.162,1.1,0.097,-0.795,2.213,145.0,0.0,-137.7,1,0.104,-0.703,2.382,844.5,651.2,1274.1,975.4,0.11,-0.79,2.332,925.6,651.5,1206.1,782.7,GRASPED,1,0.119
240,107.617,2026-09-10T08:32:15.238151Z,12.0,3,OBJECT_RETURNED,GRASP COMPONENT BOX,NONE,Object returned. Next step: Please close the box.,84.9,OPEN,0.095,0.161,1.1,0.095,-0.759,2.234,145.0,0.0,-137.7,1,0.104,-0.703,2.382,844.8,651.7,1273.7,975.3,0.11,-0.789,2.332,925.3,652.9,1206.1,782.4,GRASPED,1,0.104
241,107.704,2026-09-10T08:32:15.325121Z,11.8,3,OBJECT_RETURNED,GRASP COMPONENT BOX,NONE,Object returned. Next step: Please close the box.,84.5,OPEN,0.094,0.161,1.1,0.094,-0.76,2.233,145.0,0.0,-137.7,1,0.103,-0.704,2.381,844.2,649.0,1273.4,975.2,0.111,-0.791,2.331,924.6,650.9,1207.7,781.3,GRASPED,1,0.104
242,107.794,2026-09-10T08:32:15.414925Z,11.9,3,OBJECT_RETURNED,GRASP COMPONENT BOX,NONE,Object returned. Next step: Please close the box.,84.6,OPEN,0.096,0.162,1.1,0.095,-0.76,2.233,145.0,0.0,-137.7,1,0.103,-0.703,2.382,844.1,651.2,1273.8,975.6,0.111,-0.791,2.331,926.7,650.9,1206.7,780.9,GRASPED,1,0.104
243,107.892,2026-09-10T08:32:15.512707Z,10.3,3,OBJECT_RETURNED,GRASP COMPONENT BOX,NONE,Object returned. Next step: Please close the box.,84.6,OPEN,0.096,0.161,1.1,0.096,-0.76,2.234,145.0,0.0,-137.7,1,0.103,-0.704,2.382,843.2,649.6,1274.8,976.0,0.114,-0.792,2.33,927.6,649.0,1210.3,780.7,GRASPED,1,0.103
244,107.98,2026-09-10T08:32:15.600900Z,10.4,3,OBJECT_RETURNED,GRASP COMPONENT BOX,NONE,Object returned. Next step: Please close the box.,84.6,OPEN,0.096,0.161,1.1,0.096,-0.76,2.233,145.0,0.0,-137.7,1,0.103,-0.704,2.382,843.2,649.9,1274.6,975.5,0.112,-0.791,2.331,926.4,650.9,1207.8,781.6,GRASPED,1,0.104
245,108.102,2026-09-10T08:32:15.722797Z,9.7,3,OBJECT_RETURNED,GRASP COMPONENT BOX,NONE,Object returned. Next step: Please close the box.,84.7,OPEN,0.095,0.161,1.1,0.095,-0.76,2.233,145.0,0.0,-137.7,1,0.103,-0.703,2.382,843.5,651.0,1274.3,975.2,0.111,-0.791,2.331,925.4,650.5,1207.6,782.3,GRASPED,1,0.104
246,108.244,2026-09-10T08:32:15.865111Z,8.1,3,OBJECT_RETURNED,GRASP COMPONENT BOX,NONE,Object returned. Next step: Please close the box.,84.8,OPEN,0.095,0.161,1.1,0.095,-0.76,2.233,145.0,0.0,-137.7,1,0.104,-0.703,2.382,845.5,651.8,1274.6,975.3,0.111,-0.789,2.332,926.1,652.6,1206.4,782.9,GRASPED,1,0.104
247,108.356,2026-09-10T08:32:15.977035Z,6.8,3,OBJECT_RETURNED,GRASP COMPONENT BOX,NONE,Object returned. Next step: Please close the box.,84.8,OPEN,0.097,0.162,1.1,0.096,-0.76,2.233,145.0,0.0,-137.7,1,0.105,-0.702,2.382,845.7,652.5,1274.7,975.7,0.112,-0.79,2.332,928.1,655.3,1205.8,779.7,GRASPED,1,0.104
248,108.445,2026-09-10T08:32:16.065630Z,10.9,3,OBJECT_RETURNED,GRASP COMPONENT BOX,NONE,Object returned. Next step: Please close the box.,84.9,OPEN,0.097,0.162,1.1,0.096,-0.76,2.233,145.0,0.0,-137.7,1,0.104,-0.702,2.382,845.2,653.1,1273.2,975.4,0.111,-0.789,2.332,927.0,655.3,1206.3,780.1,GRASPED,1,0.104
249,108.53,2026-09-10T08:32:16.150647Z,11.8,3,OBJECT_RETURNED,GRASP COMPONENT BOX,NONE,Object returned. Next step: Please close the box.,84.9,OPEN,0.097,0.161,1.1,0.097,-0.76,2.233,145.0,0.0,-137.7,1,0.105,-0.703,2.382,845.4,652.3,1275.5,974.9,0.112,-0.788,2.333,926.3,655.0,1208.9,783.3,GRASPED,1,0.104
250,108.615,2026-09-10T08:32:16.235378Z,12.0,3,OBJECT_RETURNED,GRASP COMPONENT BOX,NONE,Object returned. Next step: Please close the box.,84.9,OPEN,0.097,0.161,1.1,0.097,-0.76,2.233,145.0,0.0,-137.7,1,0.105,-0.703,2.382,845.6,652.2,1275.1,974.5,0.112,-0.789,2.332,926.6,654.0,1207.7,782.8,GRASPED,1,0.104
251,108.702,2026-09-10T08:32:16.322482Z,11.8,3,OBJECT_RETURNED,GRASP COMPONENT BOX,NONE,Object returned. Next step: Please close the box.,84.9,OPEN,0.096,0.161,1.1,0.096,-0.76,2.233,145.0,0.0,-137.7,1,0.105,-0.702,2.382,846.0,652.8,1274.4,975.0,0.109,-0.79,2.332,926.7,656.8,1203.0,778.4,GRASPED,1,0.104
252,108.789,2026-09-10T08:32:16.409289Z,11.3,3,OBJECT_RETURNED,GRASP COMPONENT BOX,NONE,Object returned. Next step: Please close the box.,85.0,OPEN,0.096,0.161,1.1,0.096,-0.761,2.233,145.0,0.0,-137.7,1,0.104,-0.703,2.382,845.1,651.7,1275.1,974.8,0.109,-0.789,2.332,925.3,654.6,1204.2,781.9,GRASPED,1,0.104
253,108.878,2026-09-10T08:32:16.498825Z,12.0,3,OBJECT_RETURNED,GRASP COMPONENT BOX,NONE,Object returned. Next step: Please close the box.,85.0,OPEN,0.095,0.109,1.1,0.096,-0.783,2.22,145.0,0.0,-137.7,1,0.104,-0.703,2.382,845.0,652.0,1274.7,974.6,0.109,-0.789,2.332,924.0,654.1,1204.5,782.4,GRASPED,1,0.113
254,108.961,2026-09-10T08:32:16.581982Z,10.8,3,OBJECT_RETURNED,GRASP COMPONENT BOX,NONE,Object returned. Next step: Please close the box.,85.0,OPEN,0.097,0.161,1.1,0.096,-0.793,2.215,145.0,0.0,-137.7,1,0.104,-0.702,2.382,845.2,653.3,1274.8,975.3,0.109,-0.787,2.333,924.0,656.3,1204.9,783.8,GRASPED,1,0.119
255,109.046,2026-09-10T08:32:16.666582Z,11.9,3,OBJECT_RETURNED,GRASP COMPONENT BOX,NONE,Object returned. Next step: Please close the box.,85.0,OPEN,0.098,0.161,1.1,0.098,-0.747,2.241,145.0,0.0,-137.7,1,0.104,-0.703,2.382,844.7,652.3,1274.6,975.2,0.111,-0.789,2.332,925.8,654.5,1206.2,782.6,GRASPED,1,0.101
256,109.136,2026-09-10T08:32:16.756808Z,11.7,3,OBJECT_RETURNED,GRASP COMPONENT BOX,NONE,Object returned. Next step: Please close the box.,85.0,OPEN,0.1,0.109,1.1,0.1,-0.77,2.228,145.0,0.0,-137.7,1,0.104,-0.703,2.382,844.5,652.4,1275.1,975.3,0.11,-0.788,2.333,924.6,654.3,1206.6,783.4,GRASPED,1,0.107
257,109.219,2026-09-10T08:32:16.839434Z,11.4,3,OBJECT_RETURNED,GRASP COMPONENT BOX,NONE,Object returned. Next step: Please close the box.,85.0,OPEN,0.096,0.161,1.1,0.099,-0.779,2.222,145.0,0.0,-137.7,1,0.105,-0.702,2.382,845.6,653.0,1275.1,975.8,0.109,-0.787,2.333,923.1,655.8,1205.6,784.0,GRASPED,1,0.111
258,109.309,2026-09-10T08:32:16.929645Z,11.4,3,OBJECT_RETURNED,GRASP COMPONENT BOX,NONE,Object returned. Next step: Please close the box.,85.0,OPEN,0.095,0.161,1.1,0.095,-0.736,2.247,145.0,0.0,-137.7,1,0.104,-0.703,2.382,844.5,652.0,1274.9,975.1,0.109,-0.789,2.332,923.6,654.0,1205.4,781.7,GRASPED,1,0.101
259,109.395,2026-09-10T08:32:17.015979Z,11.1,3,OBJECT_RETURNED,GRASP COMPONENT BOX,NONE,Object returned. Next step: Please close the box.,85.0,OPEN,0.095,0.161,1.1,0.095,-0.738,2.246,145.0,0.0,-137.7,1,0.105,-0.703,2.382,845.8,650.5,1275.1,975.5,0.109,-0.79,2.332,923.1,652.5,1205.7,781.8,GRASPED,1,0.101
260,109.487,2026-09-10T08:32:17.107978Z,11.0,3,OBJECT_RETURNED,GRASP COMPONENT BOX,NONE,Object returned. Next step: Please close the box.,85.0,OPEN,0.097,0.161,1.1,0.096,-0.75,2.239,145.0,0.0,-137.7,1,0.105,-0.703,2.382,845.4,651.2,1275.1,975.5,0.11,-0.79,2.332,925.5,653.0,1206.1,781.1,GRASPED,1,0.102
261,109.599,2026-09-10T08:32:17.219862Z,9.7,3,OBJECT_RETURNED,GRASP COMPONENT BOX,NONE,Object returned. Next step: Please close the box.,85.0,OPEN,0.096,0.161,1.1,0.097,-0.756,2.236,145.0,0.0,-137.7,1,0.105,-0.703,2.382,846.1,650.8,1275.5,975.9,0.11,-0.79,2.332,925.1,652.2,1206.3,782.5,GRASPED,1,0.103
262,109.699,2026-09-10T08:32:17.320173Z,10.1,3,OBJECT_RETURNED,GRASP COMPONENT BOX,NONE,Object returned. Next step: Please close the box.,85.0,OPEN,0.098,0.162,1.1,0.097,-0.758,2.235,145.0,0.0,-137.7,1,0.105,-0.703,2.382,845.9,651.2,1275.8,976.0,0.112,-0.788,2.333,925.9,654.3,1209.2,784.0,GRASPED,1,0.104
263,109.783,2026-09-10T08:32:17.404006Z,10.9,3,OBJECT_RETURNED,GRASP COMPONENT BOX,NONE,Object returned. Next step: Please close the box.,85.0,OPEN,0.097,0.11,1.1,0.098,-0.782,2.221,145.0,0.0,-137.7,1,0.105,-0.703,2.382,845.8,650.9,1275.7,975.4,0.11,-0.789,2.332,924.6,653.9,1207.0,782.2,GRASPED,1,0.112
264,109.886,2026-09-10T08:32:17.506655Z,11.3,3,OBJECT_RETURNED,APPROACH COMPONENT BOX,NONE,Object returned. Next step: Please close the box.,85.0,OPEN,0.098,0.111,1.1,0.097,-0.819,2.199,145.0,0.0,-137.7,1,0.105,-0.702,2.382,845.8,652.6,1276.2,975.4,0.109,-0.787,2.333,923.8,655.8,1205.9,783.8,APPROACHED,1,0.138
265,109.978,2026-09-10T08:32:17.598968Z,10.2,3,OBJECT_RETURNED,GRASP COMPONENT BOX,NONE,Object returned. Next step: Please close the box.,85.0,OPEN,0.095,0.161,1.1,0.097,-0.792,2.215,145.0,0.0,-137.7,1,0.105,-0.703,2.382,845.8,651.4,1275.3,975.4,0.108,-0.79,2.332,923.7,652.7,1204.2,781.8,GRASPED,1,0.117
266,110.069,2026-09-10T08:32:17.689834Z,10.4,3,OBJECT_RETURNED,GRASP COMPONENT BOX,NONE,Object returned. Next step: Please close the box.,85.0,OPEN,0.095,0.161,1.1,0.094,-0.757,2.235,145.0,0.0,-137.7,1,0.104,-0.703,2.382,845.0,652.4,1275.0,975.1,0.108,-0.789,2.332,923.2,653.9,1204.2,782.0,GRASPED,1,0.103
267,110.157,2026-09-10T08:32:17.777258Z,10.8,3,OBJECT_RETURNED,GRASP COMPONENT BOX,NONE,Object returned. Next step: Please close the box.,85.0,OPEN,0.097,0.161,1.1,0.095,-0.76,2.233,145.0,0.0,-137.7,1,0.105,-0.703,2.382,845.6,652.0,1276.5,975.6,0.109,-0.789,2.332,923.4,654.0,1205.8,782.8,GRASPED,1,0.104
268,110.238,2026-09-10T08:32:17.858352Z,12.4,3,OBJECT_RETURNED,GRASP COMPONENT BOX,NONE,Object returned. Next step: Please close the box.,85.0,OPEN,0.096,0.162,1.1,0.096,-0.76,2.233,145.0,0.0,-137.7,1,0.106,-0.702,2.382,846.7,653.0,1276.7,975.5,0.109,-0.788,2.333,923.9,655.0,1204.9,782.8,GRASPED,1,0.104
269,110.327,2026-09-10T08:32:17.947328Z,11.7,3,OBJECT_RETURNED,GRASP COMPONENT BOX,NONE,Object returned. Next step: Please close the box.,85.0,OPEN,0.096,0.161,1.1,0.095,-0.76,2.233,145.0,0.0,-137.7,1,0.105,-0.703,2.382,845.6,651.6,1275.7,974.5,0.11,-0.789,2.332,924.5,653.1,1206.8,782.4,GRASPED,1,0.104
270,110.41,2026-09-10T08:32:18.030989Z,11.0,3,OBJECT_RETURNED,GRASP COMPONENT BOX,NONE,Object returned. Next step: Please close the box.,85.0,OPEN,0.096,0.162,1.1,0.095,-0.761,2.232,145.0,0.0,-137.7,1,0.105,-0.703,2.382,845.3,652.1,1275.3,975.6,0.11,-0.789,2.332,924.6,653.4,1205.9,782.2,GRASPED,1,0.105
271,110.499,2026-09-10T08:32:18.120205Z,12.3,3,OBJECT_RETURNED,GRASP COMPONENT BOX,NONE,Object returned. Next step: Please close the box.,85.0,OPEN,0.097,0.161,1.1,0.096,-0.761,2.232,145.0,0.0,-137.7,1,0.104,-0.702,2.382,845.2,652.8,1274.5,975.7,0.107,-0.79,2.332,922.9,654.7,1202.9,779.7,GRASPED,1,0.104
272,110.58,2026-09-10T08:32:18.201157Z,11.4,3,OBJECT_RETURNED,GRASP COMPONENT BOX,NONE,Object returned. Next step: Please close the box.,85.0,OPEN,0.096,0.161,1.1,0.096,-0.762,2.232,145.0,0.0,-137.7,1,0.105,-0.702,2.382,844.7,652.7,1275.9,975.9,0.109,-0.788,2.333,922.0,654.1,1206.3,784.3,GRASPED,1,0.105
273,110.662,2026-09-10T08:32:18.282982Z,12.2,3,OBJECT_RETURNED,GRASP COMPONENT BOX,NONE,Object returned. Next step: Please close the box.,85.0,OPEN,0.096,0.161,1.1,0.095,-0.762,2.232,145.0,0.0,-137.7,1,0.103,-0.702,2.383,843.5,653.6,1274.6,975.7,0.108,-0.787,2.333,921.0,655.0,1206.8,785.3,GRASPED,1,0.105
274,110.74,2026-09-10T08:32:18.360725Z,12.8,3,OBJECT_RETURNED,GRASP COMPONENT BOX,NONE,Object returned. Next step: Please close the box.,85.0,OPEN,0.094,0.163,1.1,0.095,-0.761,2.232,145.0,0.0,-137.7,1,0.104,-0.702,2.382,843.7,652.9,1275.2,975.5,0.107,-0.788,2.333,920.1,655.0,1204.1,783.7,GRASPED,1,0.105
275,110.829,2026-09-10T08:32:18.450058Z,11.4,3,OBJECT_RETURNED,GRASP COMPONENT BOX,NONE,Object returned. Next step: Please close the box.,85.0,OPEN,0.094,0.165,1.1,0.094,-0.759,2.234,145.0,0.0,-137.7,1,0.103,-0.701,2.383,843.8,654.9,1274.5,975.7,0.107,-0.787,2.333,921.2,657.2,1203.6,783.9,GRASPED,1,0.104
276,110.944,2026-09-10T08:32:18.565153Z,10.7,3,OBJECT_RETURNED,GRASP COMPONENT BOX,NONE,Object returned. Next step: Please close the box.,85.0,OPEN,0.094,0.162,1.1,0.094,-0.759,2.234,145.0,0.0,-137.7,1,0.104,-0.702,2.383,844.3,654.1,1275.1,975.5,0.106,-0.787,2.334,920.7,657.8,1202.0,783.9,GRASPED,1,0.104
277,111.048,2026-09-10T08:32:18.668278Z,8.4,3,OBJECT_RETURNED,GRASP COMPONENT BOX,NONE,Object returned. Next step: Please close the box.,85.0,OPEN,0.094,0.163,1.1,0.094,-0.76,2.233,145.0,0.0,-137.7,1,0.104,-0.702,2.382,844.3,654.0,1274.6,975.2,0.107,-0.787,2.334,920.8,656.9,1203.9,784.8,GRASPED,1,0.105
278,111.144,2026-09-10T08:32:18.764963Z,10.5,3,OBJECT_RETURNED,GRASP COMPONENT BOX,NONE,Object returned. Next step: Please close the box.,85.0,OPEN,0.095,0.164,1.1,0.095,-0.758,2.234,145.0,0.0,-137.7,1,0.104,-0.702,2.382,845.3,653.2,1274.9,975.7,0.109,-0.787,2.333,922.4,656.1,1206.2,784.8,GRASPED,1,0.104
279,111.243,2026-09-10T08:32:18.863508Z,10.4,3,OBJECT_RETURNED,GRASP COMPONENT BOX,NONE,Object returned. Next step: Please close the box.,85.0,OPEN,0.096,0.163,1.1,0.095,-0.759,2.234,145.0,0.0,-137.7,1,0.105,-0.702,2.382,845.6,653.1,1274.8,975.4,0.11,-0.788,2.333,923.1,655.2,1206.9,783.8,GRASPED,1,0.104
280,111.343,2026-09-10T08:32:18.963928Z,9.6,3,OBJECT_RETURNED,GRASP COMPONENT BOX,NONE,Object returned. Next step: Please close the box.,85.0,OPEN,0.096,0.162,1.1,0.096,-0.76,2.233,145.0,0.0,-137.7,1,0.104,-0.702,2.382,845.8,653.2,1274.2,975.5,0.108,-0.788,2.333,922.9,656.0,1204.4,783.6,GRASPED,1,0.104
281,111.434,2026-09-10T08:32:19.054838Z,10.8,3,OBJECT_RETURNED,GRASP COMPONENT BOX,NONE,Object returned. Next step: Please close the box.,85.0,OPEN,0.094,0.161,1.1,0.095,-0.76,2.233,145.0,0.0,-137.7,1,0.104,-0.703,2.382,845.5,651.4,1273.5,975.6,0.106,-0.79,2.332,921.7,651.7,1201.7,783.1,GRASPED,1,0.103
282,111.529,2026-09-10T08:32:19.149911Z,10.5,3,OBJECT_RETURNED,GRASP COMPONENT BOX,NONE,Object returned. Next step: Please close the box.,84.9,OPEN,0.088,0.111,1.1,0.09,-0.782,2.221,145.0,0.0,-137.7,1,0.105,-0.703,2.382,844.9,651.6,1276.5,976.0,0.105,-0.791,2.331,921.4,649.6,1199.8,783.3,GRASPED,1,0.112
283,111.626,2026-09-10T08:32:19.246497Z,11.3,3,OBJECT_RETURNED,APPROACH CONTAINER LID,NONE,Object returned. Next step: Please close the box.,85.0,OPEN,0.094,0.162,1.1,0.09,-0.791,2.216,145.0,0.0,-137.7,1,0.105,-0.702,2.382,845.4,653.4,1275.0,975.6,0.108,-0.789,2.332,923.2,654.6,1204.1,782.4,GRASPED,1,0.118
284,111.706,2026-09-10T08:32:19.326655Z,11.2,3,OBJECT_RETURNED,APPROACH CONTAINER LID,NONE,Object returned. Next step: Please close the box.,85.0,OPEN,0.094,0.161,1.1,0.096,-0.75,2.239,145.0,0.0,-137.7,1,0.104,-0.702,2.382,844.0,653.9,1275.0,975.1,0.106,-0.788,2.333,922.5,656.1,1200.3,783.5,GRASPED,1,0.102
285,111.787,2026-09-10T08:32:19.408161Z,12.2,3,OBJECT_RETURNED,APPROACH CONTAINER LID,NONE,Object returned. Next step: Please close the box.,84.7,OPEN,0.093,0.161,1.1,0.095,-0.752,2.238,145.0,0.0,-137.7,1,0.104,-0.702,2.382,844.8,653.2,1275.5,975.8,0.107,-0.789,2.332,923.8,654.4,1200.4,782.4,GRASPED,1,0.102
286,111.929,2026-09-10T08:32:19.549421Z,11.7,3,OBJECT_RETURNED,GRASP COMPONENT BOX,NONE,Object returned. Next step: Please close the box.,84.0,OPEN,0.094,0.161,1.1,0.094,-0.757,2.235,145.0,0.0,-137.7,1,0.104,-0.702,2.382,844.6,651.9,1275.4,976.2,0.107,-0.788,2.333,923.3,654.9,1201.8,783.3,GRASPED,1,0.103
287,112.061,2026-09-10T08:32:19.681986Z,5.6,3,OBJECT_RETURNED,APPROACH CONTAINER LID,NONE,Object returned. Next step: Please close the box.,84.1,OPEN,0.091,0.161,1.1,0.093,-0.759,2.234,145.0,0.0,-137.7,1,0.103,-0.702,2.382,843.8,652.4,1274.3,975.8,0.106,-0.787,2.333,922.0,655.7,1201.8,784.6,GRASPED,1,0.104
288,112.156,2026-09-10T08:32:19.776273Z,10.4,3,OBJECT_RETURNED,GRASP COMPONENT BOX,NONE,Object returned. Next step: Please close the box.,84.3,OPEN,0.091,0.161,1.1,0.09,-0.76,2.233,145.0,0.0,-137.7,1,0.104,-0.702,2.382,844.5,652.9,1274.7,975.6,0.105,-0.788,2.333,921.5,655.6,1200.2,783.4,GRASPED,1,0.105
289,112.237,2026-09-10T08:32:19.857878Z,11.1,3,OBJECT_RETURNED,GRASP COMPONENT BOX,NONE,Object returned. Next step: Please close the box.,84.5,OPEN,0.093,0.161,1.1,0.091,-0.76,2.233,145.0,0.0,-137.7,1,0.104,-0.702,2.382,844.5,652.6,1274.9,976.1,0.107,-0.788,2.333,922.9,654.4,1201.5,783.5,GRASPED,1,0.105
290,112.336,2026-09-10T08:32:19.956444Z,10.5,3,OBJECT_RETURNED,GRASP COMPONENT BOX,NONE,Object returned. Next step: Please close the box.,84.6,OPEN,0.094,0.161,1.1,0.093,-0.76,2.232,145.0,0.0,-137.7,1,0.104,-0.703,2.382,844.3,652.0,1274.8,975.7,0.108,-0.789,2.332,923.8,653.8,1203.5,782.5,GRASPED,1,0.105
291,112.428,2026-09-10T08:32:20.049023Z,11.4,3,OBJECT_RETURNED,GRASP COMPONENT BOX,NONE,Object returned. Next step: Please close the box.,84.7,OPEN,0.094,0.161,1.1,0.093,-0.76,2.233,145.0,0.0,-137.7,1,0.105,-0.703,2.382,844.9,651.2,1275.5,975.2,0.108,-0.789,2.332,923.2,653.3,1203.6,782.1,GRASPED,1,0.104
292,112.524,2026-09-10T08:32:20.144750Z,10.4,3,OBJECT_RETURNED,GRASP COMPONENT BOX,NONE,Object returned. Next step: Please close the box.,84.4,OPEN,0.094,0.161,1.1,0.093,-0.761,2.233,145.0,0.0,-137.7,1,0.104,-0.704,2.381,844.6,649.9,1275.4,974.3,0.108,-0.789,2.332,923.0,652.5,1204.0,783.1,GRASPED,1,0.104
293,112.621,2026-09-10T08:32:20.241307Z,9.8,3,OBJECT_RETURNED,GRASP COMPONENT BOX,NONE,Object returned. Next step: Please close the box.,84.1,OPEN,0.094,0.16,1.1,0.093,-0.761,2.233,145.0,0.0,-137.7,1,0.105,-0.704,2.381,844.7,649.1,1275.9,974.5,0.108,-0.79,2.332,923.7,652.3,1202.8,781.7,GRASPED,1,0.104
294,112.707,2026-09-10T08:32:20.327244Z,11.6,3,OBJECT_RETURNED,GRASP COMPONENT BOX,NONE,Object returned. Next step: Please close the box.,83.8,OPEN,0.095,0.16,1.1,0.094,-0.761,2.233,145.0,0.0,-137.7,1,0.105,-0.704,2.381,845.3,649.5,1276.1,974.8,0.109,-0.789,2.332,924.5,654.4,1203.6,781.5,GRASPED,1,0.104
295,112.792,2026-09-10T08:32:20.412426Z,11.5,3,OBJECT_RETURNED,GRASP COMPONENT BOX,NONE,Object returned. Next step: Please close the box.,83.7,OPEN,0.095,0.16,1.1,0.095,-0.761,2.233,145.0,0.0,-137.7,1,0.106,-0.704,2.381,846.0,650.0,1276.5,974.8,0.109,-0.789,2.332,925.1,654.4,1203.2,782.0,GRASPED,1,0.104
296,112.876,2026-09-10T08:32:20.496749Z,12.2,3,OBJECT_RETURNED,GRASP COMPONENT BOX,NONE,Object returned. Next step: Please close the box.,83.7,OPEN,0.094,0.16,1.1,0.095,-0.761,2.233,145.0,0.0,-137.7,1,0.105,-0.703,2.382,845.9,650.7,1275.7,975.4,0.108,-0.789,2.332,924.9,654.5,1201.9,780.9,GRASPED,1,0.104
297,112.964,2026-09-10T08:32:20.584211Z,11.3,3,OBJECT_RETURNED,GRASP COMPONENT BOX,NONE,Object returned. Next step: Please close the box.,83.5,OPEN,0.094,0.16,1.1,0.094,-0.761,2.233,145.0,0.0,-137.7,1,0.105,-0.704,2.381,845.1,649.5,1275.3,974.5,0.108,-0.79,2.332,924.0,653.7,1203.1,780.8,GRASPED,1,0.104
298,113.047,2026-09-10T08:32:20.667918Z,11.6,3,OBJECT_RETURNED,GRASP COMPONENT BOX,NONE,Object returned. Next step: Please close the box.,83.9,OPEN,0.094,0.16,1.1,0.094,-0.761,2.233,145.0,0.0,-137.7,1,0.105,-0.704,2.382,845.5,650.2,1275.3,975.3,0.108,-0.79,2.332,924.5,653.9,1202.3,780.2,GRASPED,1,0.104
299,113.131,2026-09-10T08:32:20.751336Z,12.0,3,OBJECT_RETURNED,GRASP COMPONENT BOX,NONE,Object returned. Next step: Please close the box.,83.7,OPEN,0.094,0.16,1.1,0.094,-0.761,2.233,145.0,0.0,-137.7,1,0.105,-0.704,2.381,845.1,649.5,1275.9,974.9,0.108,-0.79,2.331,923.4,652.1,1203.1,781.1,GRASPED,1,0.104
300,113.224,2026-09-10T08:32:20.845094Z,11.5,3,OBJECT_RETURNED,GRASP COMPONENT BOX,NONE,Object returned. Next step: Please close the box.,83.6,OPEN,0.096,0.161,1.1,0.095,-0.761,2.233,145.0,0.0,-137.7,1,0.105,-0.705,2.381,845.2,648.3,1275.9,974.5,0.111,-0.79,2.331,926.2,652.6,1206.8,780.9,GRASPED,1,0.104
301,113.318,2026-09-10T08:32:20.938593Z,11.1,3,OBJECT_RETURNED,GRASP COMPONENT BOX,NONE,Object returned. Next step: Please close the box.,83.5,OPEN,0.094,0.16,1.1,0.096,-0.761,2.233,145.0,0.0,-137.7,1,0.105,-0.704,2.381,846.0,649.0,1274.3,975.6,0.108,-0.79,2.332,924.0,653.7,1202.2,781.4,GRASPED,1,0.104
302,113.436,2026-09-10T08:32:21.056450Z,9.2,3,OBJECT_RETURNED,GRASP COMPONENT BOX,NONE,Object returned. Next step: Please close the box.,83.4,OPEN,0.095,0.16,1.1,0.094,-0.761,2.233,145.0,0.0,-137.7,1,0.104,-0.704,2.381,845.5,649.6,1274.1,975.3,0.109,-0.79,2.332,924.6,654.1,1204.5,780.8,GRASPED,1,0.104
303,113.526,2026-09-10T08:32:21.147184Z,9.0,3,OBJECT_RETURNED,GRASP COMPONENT BOX,NONE,Object returned. Next step: Please close the box.,83.0,OPEN,0.094,0.16,1.1,0.094,-0.761,2.233,145.0,0.0,-137.7,1,0.105,-0.704,2.381,845.3,648.9,1275.2,975.4,0.109,-0.79,2.332,924.3,653.4,1204.1,780.8,GRASPED,1,0.104
304,113.609,2026-09-10T08:32:21.229529Z,12.3,3,OBJECT_RETURNED,GRASP COMPONENT BOX,NONE,Object returned. Next step: Please close the box.,82.6,OPEN,0.095,0.16,1.1,0.095,-0.761,2.233,145.0,0.0,-137.7,1,0.104,-0.705,2.381,845.0,647.7,1275.1,975.3,0.11,-0.79,2.332,923.9,652.5,1206.5,781.8,GRASPED,1,0.104
305,113.711,2026-09-10T08:32:21.331679Z,10.2,3,OBJECT_RETURNED,GRASP COMPONENT BOX,NONE,Object returned. Next step: Please close the box.,82.5,OPEN,0.094,0.16,1.1,0.095,-0.761,2.233,145.0,0.0,-137.7,1,0.105,-0.704,2.381,845.6,648.7,1275.4,975.2,0.108,-0.79,2.332,924.4,653.2,1202.4,780.8,GRASPED,1,0.104
306,113.803,2026-09-10T08:32:21.423502Z,10.9,3,OBJECT_RETURNED,GRASP COMPONENT BOX,NONE,Object returned. Next step: Please close the box.,82.3,OPEN,0.095,0.16,1.1,0.095,-0.761,2.233,145.0,0.0,-137.7,1,0.105,-0.704,2.381,845.6,648.4,1276.0,975.0,0.109,-0.79,2.332,924.8,654.0,1204.0,780.7,GRASPED,1,0.104
307,113.893,2026-09-10T08:32:21.513636Z,10.8,3,OBJECT_RETURNED,GRASP COMPONENT BOX,NONE,Object returned. Next step: Please close the box.,81.9,OPEN,0.096,0.16,1.1,0.097,-0.761,2.233,145.0,0.0,-137.7,1,0.105,-0.705,2.381,845.8,648.2,1274.9,974.8,0.111,-0.791,2.331,926.1,652.3,1207.0,780.3,GRASPED,1,0.103
308,113.982,2026-09-10T08:32:21.602352Z,11.3,3,OBJECT_RETURNED,GRASP COMPONENT BOX,NONE,Object returned. Next step: Please close the box.,81.9,OPEN,0.097,0.16,1.1,0.097,-0.761,2.233,145.0,0.0,-137.7,1,0.105,-0.704,2.381,846.4,648.9,1275.5,975.1,0.112,-0.791,2.331,927.0,652.6,1207.7,780.3,GRASPED,1,0.104
309,114.069,2026-09-10T08:32:21.689614Z,11.3,3,OBJECT_RETURNED,GRASP COMPONENT BOX,NONE,Object returned. Next step: Please close the box.,81.8,OPEN,0.097,0.16,1.1,0.097,-0.761,2.233,145.0,0.0,-137.7,1,0.106,-0.704,2.381,846.3,648.6,1276.3,974.7,0.112,-0.79,2.332,926.2,652.6,1207.6,781.1,GRASPED,1,0.104
310,114.154,2026-09-10T08:32:21.774545Z,11.8,3,OBJECT_RETURNED,GRASP COMPONENT BOX,NONE,Object returned. Next step: Please close the box.,82.0,OPEN,0.096,0.16,1.1,0.096,-0.761,2.233,145.0,0.0,-137.7,1,0.105,-0.704,2.381,845.3,648.8,1275.6,975.4,0.11,-0.79,2.331,925.1,652.4,1205.5,781.0,GRASPED,1,0.104
311,114.241,2026-09-10T08:32:21.861566Z,11.8,3,OBJECT_RETURNED,GRASP COMPONENT BOX,NONE,Object returned. Next step: Please close the box.,82.3,OPEN,0.096,0.16,1.1,0.096,-0.761,2.233,145.0,0.0,-137.7,1,0.105,-0.704,2.381,845.1,648.9,1276.0,974.7,0.11,-0.79,2.332,924.8,653.9,1205.2,780.7,GRASPED,1,0.104
312,114.33,2026-09-10T08:32:21.950276Z,11.6,3,OBJECT_RETURNED,GRASP COMPONENT BOX,NONE,Object returned. Next step: Please close the box.,82.5,OPEN,0.097,0.16,1.1,0.097,-0.761,2.233,145.0,0.0,-137.7,1,0.105,-0.704,2.381,846.0,649.4,1275.9,975.1,0.112,-0.79,2.331,926.8,653.0,1207.8,780.6,GRASPED,1,0.104
313,114.414,2026-09-10T08:32:22.034563Z,11.2,3,OBJECT_RETURNED,GRASP COMPONENT BOX,NONE,Object returned. Next step: Please close the box.,82.8,OPEN,0.096,0.16,1.1,0.096,-0.761,2.233,145.0,0.0,-137.7,1,0.105,-0.704,2.381,845.1,649.4,1275.4,974.8,0.11,-0.79,2.332,924.3,653.3,1205.6,781.2,GRASPED,1,0.104
314,114.499,2026-09-10T08:32:22.120006Z,11.7,3,OBJECT_RETURNED,GRASP COMPONENT BOX,NONE,Object returned. Next step: Please close the box.,82.9,OPEN,0.096,0.16,1.1,0.095,-0.761,2.233,145.0,0.0,-137.7,1,0.105,-0.704,2.381,845.8,649.9,1275.3,975.4,0.111,-0.789,2.332,925.8,653.6,1206.5,782.2,GRASPED,1,0.104
315,114.594,2026-09-10T08:32:22.214855Z,12.1,3,OBJECT_RETURNED,APPROACH CONTAINER LID,NONE,Object returned. Next step: Please close the box.,83.0,OPEN,0.096,0.16,1.1,0.095,-0.761,2.233,145.0,0.0,-137.7,1,0.105,-0.704,2.381,845.8,648.4,1275.9,975.0,0.11,-0.79,2.332,924.6,653.7,1206.5,781.4,GRASPED,1,0.104
316,114.68,2026-09-10T08:32:22.300848Z,10.6,3,OBJECT_RETURNED,APPROACH CONTAINER LID,NONE,Object returned. Next step: Please close the box.,83.0,OPEN,0.095,0.16,1.1,0.094,-0.761,2.233,145.0,0.0,-137.7,1,0.105,-0.704,2.381,846.3,648.8,1275.2,975.2,0.109,-0.789,2.332,924.4,654.3,1204.8,781.3,GRASPED,1,0.104
317,114.774,2026-09-10T08:32:22.395046Z,11.5,3,OBJECT_RETURNED,GRASP COMPONENT BOX,NONE,Object returned. Next step: Please close the box.,83.1,OPEN,0.095,0.16,1.1,0.094,-0.761,2.233,145.0,0.0,-137.7,1,0.104,-0.704,2.381,845.8,649.1,1274.4,975.1,0.111,-0.789,2.332,926.0,654.7,1206.6,781.5,GRASPED,1,0.104
318,114.857,2026-09-10T08:32:22.477935Z,10.5,3,OBJECT_RETURNED,GRASP COMPONENT BOX,NONE,Object returned. Next step: Please close the box.,83.0,OPEN,0.095,0.16,1.1,0.096,-0.761,2.233,145.0,0.0,-137.7,1,0.105,-0.704,2.381,845.9,648.8,1275.8,975.2,0.112,-0.789,2.332,925.5,653.3,1209.2,782.7,GRASPED,1,0.104
319,114.943,2026-09-10T08:32:22.563874Z,12.0,3,OBJECT_RETURNED,GRASP COMPONENT BOX,NONE,Object returned. Next step: Please close the box.,83.3,OPEN,0.096,0.16,1.1,0.096,-0.761,2.233,145.0,0.0,-137.7,1,0.105,-0.704,2.381,846.6,648.9,1274.5,974.8,0.112,-0.789,2.332,925.9,654.5,1208.0,782.2,GRASPED,1,0.104
320,115.04,2026-09-10T08:32:22.661027Z,10.3,3,OBJECT_RETURNED,GRASP COMPONENT BOX,NONE,Object returned. Next step: Please close the box.,83.7,OPEN,0.096,0.16,1.1,0.096,-0.761,2.233,145.0,0.0,-137.7,1,0.105,-0.704,2.381,845.9,649.8,1275.4,975.0,0.111,-0.788,2.333,925.3,655.0,1206.8,783.2,GRASPED,1,0.105
321,115.138,2026-09-10T08:32:22.758573Z,11.3,3,OBJECT_RETURNED,GRASP COMPONENT BOX,NONE,Object returned. Next step: Please close the box.,84.1,OPEN,0.094,0.16,1.1,0.095,-0.761,2.233,145.0,0.0,-137.7,1,0.105,-0.703,2.382,845.9,650.7,1276.0,975.1,0.109,-0.788,2.333,924.3,655.5,1204.2,783.3,GRASPED,1,0.105
322,115.23,2026-09-10T08:32:22.850246Z,9.7,3,OBJECT_RETURNED,GRASP COMPONENT BOX,NONE,Object returned. Next step: Please close the box.,84.1,OPEN,0.095,0.16,1.1,0.094,-0.761,2.233,145.0,0.0,-137.7,1,0.105,-0.704,2.381,845.8,651.1,1274.9,974.2,0.109,-0.789,2.332,924.8,653.9,1203.7,782.3,GRASPED,1,0.104
323,115.359,2026-09-10T08:32:22.980181Z,8.6,3,OBJECT_RETURNED,GRASP COMPONENT BOX,NONE,Object returned. Next step: Please close the box.,84.3,OPEN,0.095,0.16,1.1,0.095,-0.761,2.233,145.0,0.0,-137.7,1,0.105,-0.703,2.382,846.0,651.3,1274.8,974.8,0.109,-0.789,2.332,925.3,654.6,1203.9,782.8,GRASPED,1,0.104
324,115.442,2026-09-10T08:32:23.062386Z,10.4,3,OBJECT_RETURNED,GRASP COMPONENT BOX,NONE,Object returned. Next step: Please close the box.,84.5,OPEN,0.095,0.16,1.1,0.095,-0.761,2.233,145.0,0.0,-137.7,1,0.105,-0.703,2.382,846.2,651.8,1274.4,975.0,0.11,-0.788,2.333,925.5,654.2,1205.2,783.5,GRASPED,1,0.104
325,115.531,2026-09-10T08:32:23.151431Z,11.2,3,OBJECT_RETURNED,GRASP COMPONENT BOX,NONE,Object returned. Next step: Please close the box.,84.6,OPEN,0.095,0.16,1.1,0.095,-0.761,2.233,145.0,0.0,-137.7,1,0.105,-0.703,2.382,846.1,651.4,1275.2,975.1,0.11,-0.788,2.333,925.7,654.5,1205.0,783.1,GRASPED,1,0.105
326,115.623,2026-09-10T08:32:23.244159Z,11.7,3,OBJECT_RETURNED,GRASP COMPONENT BOX,NONE,Object returned. Next step: Please close the box.,84.7,OPEN,0.096,0.16,1.1,0.095,-0.761,2.233,145.0,0.0,-137.7,1,0.105,-0.703,2.382,845.7,651.0,1274.9,975.0,0.111,-0.788,2.333,925.6,655.1,1208.1,784.0,GRASPED,1,0.105
327,115.71,2026-09-10T08:32:23.331115Z,11.2,3,OBJECT_RETURNED,GRASP COMPONENT BOX,NONE,Object returned. Next step: Please close the box.,84.8,OPEN,0.096,0.16,1.1,0.095,-0.761,2.233,145.0,0.0,-137.7,1,0.104,-0.703,2.382,845.3,650.6,1274.5,975.5,0.111,-0.788,2.333,925.8,655.0,1207.8,783.5,GRASPED,1,0.105
328,115.797,2026-09-10T08:32:23.417633Z,11.1,3,OBJECT_RETURNED,GRASP COMPONENT BOX,NONE,Object returned. Next step: Please close the box.,84.8,OPEN,0.096,0.16,1.1,0.095,-0.761,2.233,145.0,0.0,-137.7,1,0.105,-0.703,2.382,845.3,650.5,1275.3,975.3,0.112,-0.787,2.333,925.3,655.3,1208.6,784.4,GRASPED,1,0.105
329,115.879,2026-09-10T08:32:23.499685Z,12.0,3,OBJECT_RETURNED,GRASP COMPONENT BOX,NONE,Object returned. Next step: Please close the box.,84.3,OPEN,0.095,0.16,1.1,0.094,-0.761,2.233,145.0,0.0,-137.7,1,0.104,-0.703,2.382,845.2,650.9,1274.3,975.6,0.109,-0.788,2.333,923.6,654.6,1204.5,783.8,GRASPED,1,0.105
330,115.964,2026-09-10T08:32:23.584834Z,11.8,3,OBJECT_RETURNED,GRASP COMPONENT BOX,NONE,Object returned. Next step: Please close the box.,84.0,OPEN,0.096,0.161,1.1,0.094,-0.761,2.233,145.0,0.0,-137.7,1,0.104,-0.704,2.381,845.2,650.5,1274.6,974.7,0.112,-0.788,2.333,926.6,654.5,1208.7,784.1,GRASPED,1,0.105
331,116.053,2026-09-10T08:32:23.674051Z,12.1,3,OBJECT_RETURNED,GRASP COMPONENT BOX,NONE,Object returned. Next step: Please close the box.,83.8,OPEN,0.094,0.16,1.1,0.094,-0.761,2.233,145.0,0.0,-137.7,1,0.103,-0.703,2.382,844.8,650.9,1273.4,975.4,0.108,-0.788,2.333,924.0,654.8,1203.4,784.0,GRASPED,1,0.104
332,116.139,2026-09-10T08:32:23.759276Z,11.0,3,OBJECT_RETURNED,GRASP COMPONENT BOX,NONE,Object returned. Next step: Please close the box.,83.7,OPEN,0.095,0.16,1.1,0.093,-0.762,2.233,145.0,0.0,-137.7,1,0.104,-0.703,2.382,845.0,651.3,1273.9,975.6,0.109,-0.788,2.333,924.4,654.4,1204.6,784.5,GRASPED,1,0.105
333,116.223,2026-09-10T08:32:23.843893Z,11.9,3,OBJECT_RETURNED,GRASP COMPONENT BOX,NONE,Object returned. Next step: Please close the box.,83.4,OPEN,0.097,0.161,1.1,0.095,-0.761,2.233,145.0,0.0,-137.7,1,0.104,-0.703,2.382,844.9,651.0,1273.8,975.8,0.111,-0.788,2.333,925.3,654.2,1206.5,784.3,GRASPED,1,0.105
334,116.308,2026-09-10T08:32:23.929056Z,11.8,3,OBJECT_RETURNED,GRASP COMPONENT BOX,NONE,Object returned. Next step: Please close the box.,83.3,OPEN,0.095,0.16,1.1,0.095,-0.761,2.233,145.0,0.0,-137.7,1,0.104,-0.703,2.382,844.6,651.1,1274.8,975.1,0.11,-0.788,2.333,924.5,655.6,1205.9,783.8,GRASPED,1,0.105
335,116.407,2026-09-10T08:32:24.027385Z,10.4,3,OBJECT_RETURNED,GRASP COMPONENT BOX,NONE,Object returned. Next step: Please close the box.,83.1,OPEN,0.095,0.16,1.1,0.094,-0.761,2.233,145.0,0.0,-137.7,1,0.104,-0.703,2.382,844.5,650.9,1275.0,974.9,0.111,-0.787,2.333,924.4,655.2,1207.8,785.1,GRASPED,1,0.105
336,116.501,2026-09-10T08:32:24.121534Z,10.7,3,OBJECT_RETURNED,GRASP COMPONENT BOX,NONE,Object returned. Next step: Please close the box.,82.9,OPEN,0.096,0.16,1.1,0.094,-0.761,2.233,145.0,0.0,-137.7,1,0.105,-0.703,2.382,845.1,650.4,1275.9,975.6,0.112,-0.788,2.333,925.6,655.1,1209.1,784.6,GRASPED,1,0.105
337,116.599,2026-09-10T08:32:24.219314Z,9.7,3,OBJECT_RETURNED,GRASP COMPONENT BOX,NONE,Object returned. Next step: Please close the box.,82.6,OPEN,0.097,0.161,1.1,0.096,-0.761,2.233,145.0,0.0,-137.7,1,0.104,-0.704,2.381,845.1,650.5,1274.1,974.9,0.112,-0.788,2.333,925.6,653.8,1208.8,785.7,GRASPED,1,0.105
338,116.685,2026-09-10T08:32:24.305267Z,11.8,3,OBJECT_RETURNED,GRASP COMPONENT BOX,NONE,Object returned. Next step: Please close the box.,83.2,OPEN,0.097,0.161,1.1,0.096,-0.761,2.233,145.0,0.0,-137.7,1,0.104,-0.703,2.382,845.1,651.3,1275.1,975.0,0.111,-0.787,2.333,925.3,654.4,1207.3,785.7,GRASPED,1,0.105
339,116.773,2026-09-10T08:32:24.393299Z,11.7,3,OBJECT_RETURNED,GRASP COMPONENT BOX,NONE,Object returned. Next step: Please close the box.,83.1,OPEN,0.096,0.161,1.1,0.096,-0.761,2.233,145.0,0.0,-137.7,1,0.105,-0.703,2.382,845.3,650.7,1275.3,975.0,0.11,-0.788,2.333,924.4,653.8,1207.1,785.3,GRASPED,1,0.104
340,116.852,2026-09-10T08:32:24.473097Z,11.9,3,OBJECT_RETURNED,GRASP COMPONENT BOX,NONE,Object returned. Next step: Please close the box.,83.3,OPEN,0.095,0.161,1.1,0.096,-0.761,2.233,145.0,0.0,-137.7,1,0.104,-0.703,2.382,845.1,650.8,1273.7,975.0,0.109,-0.788,2.333,924.2,654.1,1205.4,784.7,GRASPED,1,0.104
341,116.939,2026-09-10T08:32:24.560205Z,12.0,3,OBJECT_RETURNED,GRASP COMPONENT BOX,NONE,Object returned. Next step: Please close the box.,83.2,OPEN,0.095,0.161,1.1,0.096,-0.761,2.233,145.0,0.0,-137.7,1,0.105,-0.703,2.382,845.5,651.1,1275.1,975.6,0.11,-0.788,2.333,925.8,655.4,1205.5,784.2,GRASPED,1,0.105
342,117.033,2026-09-10T08:32:24.653441Z,11.1,3,OBJECT_RETURNED,GRASP COMPONENT BOX,NONE,Object returned. Next step: Please close the box.,83.4,OPEN,0.095,0.16,1.1,0.095,-0.761,2.233,145.0,0.0,-137.7,1,0.104,-0.703,2.382,845.5,650.7,1274.6,975.6,0.111,-0.787,2.333,925.2,655.0,1208.0,784.8,GRASPED,1,0.105
343,117.132,2026-09-10T08:32:24.753083Z,10.1,3,OBJECT_RETURNED,GRASP COMPONENT BOX,NONE,Object returned. Next step: Please close the box.,83.8,OPEN,0.094,0.161,1.1,0.095,-0.761,2.233,145.0,0.0,-137.7,1,0.105,-0.703,2.382,845.7,651.7,1274.7,975.5,0.109,-0.787,2.333,924.6,656.3,1204.4,783.9,GRASPED,1,0.105
344,117.216,2026-09-10T08:32:24.836495Z,11.0,3,OBJECT_RETURNED,GRASP COMPONENT BOX,NONE,Object returned. Next step: Please close the box.,84.1,OPEN,0.095,0.16,1.1,0.094,-0.761,2.233,145.0,0.0,-137.7,1,0.103,-0.703,2.382,845.3,651.3,1273.1,975.3,0.11,-0.788,2.333,925.4,655.3,1204.7,783.6,GRASPED,1,0.105
345,117.296,2026-09-10T08:32:24.916283Z,12.3,3,OBJECT_RETURNED,GRASP COMPONENT BOX,NONE,Object returned. Next step: Please close the box.,84.1,OPEN,0.096,0.16,1.1,0.096,-0.761,2.233,145.0,0.0,-137.7,1,0.104,-0.703,2.382,845.4,651.4,1274.3,975.1,0.11,-0.788,2.333,925.9,655.5,1205.2,783.4,GRASPED,1,0.105
346,117.4,2026-09-10T08:32:25.021041Z,11.6,3,OBJECT_RETURNED,GRASP COMPONENT BOX,NONE,Object returned. Next step: Please close the box.,84.0,OPEN,0.096,0.161,1.1,0.096,-0.761,2.233,145.0,0.0,-137.7,1,0.104,-0.703,2.382,845.2,651.0,1273.7,975.1,0.11,-0.788,2.333,925.3,655.5,1206.3,783.4,GRASPED,1,0.105
347,117.487,2026-09-10T08:32:25.107810Z,9.8,3,OBJECT_RETURNED,GRASP COMPONENT BOX,NONE,Object returned. Next step: Please close the box.,83.7,OPEN,0.095,0.16,1.1,0.095,-0.761,2.233,145.0,0.0,-137.7,1,0.103,-0.703,2.382,844.6,650.9,1273.7,975.3,0.11,-0.788,2.333,925.2,654.7,1205.3,784.4,GRASPED,1,0.105
348,117.586,2026-09-10T08:32:25.207185Z,10.5,3,OBJECT_RETURNED,GRASP COMPONENT BOX,NONE,Object returned. Next step: Please close the box.,83.8,OPEN,0.095,0.16,1.1,0.094,-0.761,2.233,145.0,0.0,-137.7,1,0.104,-0.703,2.382,844.3,651.6,1274.6,975.9,0.109,-0.788,2.333,925.2,656.0,1203.4,783.5,GRASPED,1,0.105
349,117.685,2026-09-10T08:32:25.306204Z,10.0,3,OBJECT_RETURNED,GRASP COMPONENT BOX,NONE,Object returned. Next step: Please close the box.,84.1,OPEN,0.095,0.16,1.1,0.095,-0.761,2.233,145.0,0.0,-137.7,1,0.104,-0.703,2.382,845.0,652.3,1274.1,975.2,0.109,-0.787,2.333,925.4,657.3,1202.7,783.4,GRASPED,1,0.105
350,117.815,2026-09-10T08:32:25.435869Z,9.2,3,OBJECT_RETURNED,GRASP COMPONENT BOX,NONE,Object returned. Next step: Please close the box.,84.3,OPEN,0.094,0.16,1.1,0.094,-0.761,2.233,145.0,0.0,-137.7,1,0.104,-0.703,2.382,845.6,652.2,1274.2,974.9,0.107,-0.787,2.333,925.1,657.7,1200.8,783.1,GRASPED,1,0.105
351,117.938,2026-09-10T08:32:25.558235Z,8.0,3,OBJECT_RETURNED,GRASP COMPONENT BOX,NONE,Object returned. Next step: Please close the box.,84.5,OPEN,0.095,0.161,1.1,0.095,-0.761,2.233,145.0,0.0,-137.7,1,0.104,-0.703,2.382,845.5,652.2,1273.9,974.7,0.109,-0.787,2.333,927.0,657.7,1201.9,783.2,GRASPED,1,0.105
352,118.036,2026-09-10T08:32:25.657130Z,9.2,3,OBJECT_RETURNED,GRASP COMPONENT BOX,NONE,Object returned. Next step: Please close the box.,84.6,OPEN,0.094,0.161,1.1,0.094,-0.761,2.233,145.0,0.0,-137.7,1,0.103,-0.703,2.382,844.6,650.8,1272.8,974.8,0.108,-0.789,2.332,925.4,654.6,1201.7,780.7,GRASPED,1,0.104
353,118.155,2026-09-10T08:32:25.776147Z,9.0,3,OBJECT_RETURNED,GRASP COMPONENT BOX,NONE,Object returned. Next step: Please close the box.,84.7,OPEN,0.094,0.16,1.1,0.093,-0.761,2.232,145.0,0.0,-137.7,1,0.103,-0.704,2.381,844.4,649.8,1273.3,974.3,0.11,-0.792,2.33,925.3,649.6,1204.9,779.9,GRASPED,1,0.104
354,118.268,2026-09-10T08:32:25.888367Z,8.4,3,OBJECT_RETURNED,GRASP COMPONENT BOX,NONE,Object returned. Next step: Please close the box.,84.1,OPEN,0.098,0.156,1.1,0.095,-0.763,2.232,145.0,0.0,-137.7,1,0.104,-0.705,2.381,844.5,646.9,1275.6,975.8,0.111,-0.796,2.328,925.0,643.9,1207.2,777.8,GRASPED,1,0.103
355,118.377,2026-09-10T08:32:25.997647Z,8.9,3,OBJECT_RETURNED,GRASP COMPONENT BOX,NONE,Object returned. Next step: Please close the box.,83.3,OPEN,0.093,0.156,1.1,0.096,-0.766,2.23,145.0,0.0,-137.7,1,0.103,-0.706,2.38,844.5,645.3,1273.8,974.7,0.11,-0.797,2.327,923.8,640.8,1207.1,777.3,GRASPED,1,0.103
356,118.479,2026-09-10T08:32:26.099739Z,9.7,3,OBJECT_RETURNED,GRASP COMPONENT BOX,NONE,Object returned. Next step: Please close the box.,82.3,OPEN,0.095,0.155,1.1,0.093,-0.766,2.23,145.0,0.0,-137.7,1,0.104,-0.707,2.38,845.0,644.5,1274.5,974.2,0.113,-0.799,2.327,924.4,637.9,1212.5,777.0,GRASPED,1,0.104
357,118.636,2026-09-10T08:32:26.256322Z,8.0,3,OBJECT_RETURNED,APPROACH CONTAINER LID,NONE,Object returned. Next step: Please close the box.,82.8,OPEN,0.095,0.156,1.1,0.095,-0.766,2.23,145.0,0.0,-137.7,1,0.104,-0.703,2.382,844.6,652.6,1274.9,974.4,0.113,-0.797,2.328,925.6,641.3,1210.9,777.3,GRASPED,1,0.104
358,118.745,2026-09-10T08:32:26.365464Z,7.1,3,OBJECT_RETURNED,APPROACH CONTAINER LID,NONE,Object returned. Next step: Please close the box.,83.2,OPEN,0.098,0.156,1.1,0.096,-0.765,2.231,145.0,0.0,-137.7,1,0.104,-0.702,2.382,844.7,653.5,1274.8,975.4,0.113,-0.797,2.328,928.2,642.7,1209.2,776.9,GRASPED,1,0.104
359,118.853,2026-09-10T08:32:26.473496Z,9.2,3,OBJECT_RETURNED,APPROACH CONTAINER LID,NONE,Object returned. Next step: Please close the box.,83.7,OPEN,0.097,0.157,1.1,0.097,-0.765,2.231,145.0,0.0,-137.7,1,0.104,-0.702,2.382,844.8,653.7,1274.4,975.1,0.11,-0.793,2.33,929.2,651.8,1201.4,775.8,GRASPED,1,0.104
360,118.954,2026-09-10T08:32:26.574490Z,9.9,3,OBJECT_RETURNED,APPROACH CONTAINER LID,NONE,Object returned. Next step: Please close the box.,84.0,OPEN,0.096,0.157,1.1,0.095,-0.764,2.231,145.0,0.0,-137.7,1,0.104,-0.703,2.382,844.7,651.8,1275.0,975.7,0.112,-0.792,2.33,927.4,649.9,1207.5,779.4,GRASPED,1,0.105
361,119.074,2026-09-10T08:32:26.695054Z,9.6,3,OBJECT_RETURNED,GRASP COMPONENT BOX,NONE,Object returned. Next step: Please close the box.,84.3,OPEN,0.096,0.157,1.1,0.096,-0.764,2.231,145.0,0.0,-137.7,1,0.104,-0.704,2.382,845.7,650.3,1273.3,975.1,0.112,-0.791,2.331,928.0,650.7,1206.3,781.1,GRASPED,1,0.105
362,119.18,2026-09-10T08:32:26.801010Z,8.3,3,OBJECT_RETURNED,GRASP COMPONENT BOX,NONE,Object returned. Next step: Please close the box.,84.4,OPEN,0.094,0.163,1.1,0.096,-0.762,2.232,145.0,0.0,-137.7,1,0.104,-0.705,2.381,845.4,647.4,1274.9,974.9,0.111,-0.795,2.329,926.6,644.3,1205.5,779.5,GRASPED,1,0.103
363,119.301,2026-09-10T08:32:26.921996Z,9.6,3,OBJECT_RETURNED,APPROACH CONTAINER LID,NONE,Object returned. Next step: Please close the box.,84.4,OPEN,0.092,0.162,1.1,0.093,-0.759,2.234,145.0,0.0,-137.7,1,0.103,-0.704,2.381,844.3,649.4,1273.5,975.3,0.107,-0.792,2.33,926.9,649.7,1199.1,779.6,GRASPED,1,0.103
364,119.401,2026-09-10T08:32:27.021664Z,8.3,3,OBJECT_RETURNED,APPROACH CONTAINER LID,NONE,Object returned. Next step: Please close the box.,84.5,OPEN,0.095,0.161,1.1,0.093,-0.76,2.233,145.0,0.0,-137.7,1,0.104,-0.703,2.382,844.0,650.9,1274.7,975.3,0.109,-0.791,2.331,926.9,650.9,1201.6,781.0,GRASPED,1,0.104
365,119.564,2026-09-10T08:32:27.184907Z,7.4,3,OBJECT_RETURNED,GRASP COMPONENT BOX,NONE,Object returned. Next step: Please close the box.,84.7,OPEN,0.093,0.161,1.1,0.096,-0.761,2.232,145.0,0.0,-137.7,1,0.103,-0.702,2.382,842.4,651.9,1274.9,976.0,0.106,-0.789,2.332,925.1,655.1,1198.5,782.0,GRASPED,1,0.105
366,119.705,2026-09-10T08:32:27.325531Z,7.3,3,OBJECT_RETURNED,APPROACH CONTAINER LID,NONE,Object returned. Next step: Please close the box.,84.7,OPEN,0.091,0.161,1.1,0.093,-0.761,2.232,145.0,0.0,-137.7,1,0.103,-0.703,2.382,842.5,651.6,1274.7,975.9,0.106,-0.79,2.332,923.9,655.5,1198.6,779.6,GRASPED,1,0.105
367,119.809,2026-09-10T08:32:27.429217Z,7.6,3,OBJECT_RETURNED,APPROACH CONTAINER LID,NONE,Object returned. Next step: Please close the box.,84.7,OPEN,0.091,0.161,1.1,0.092,-0.761,2.232,145.0,0.0,-137.7,1,0.103,-0.703,2.382,842.9,651.4,1274.4,975.7,0.106,-0.789,2.332,924.0,655.4,1199.9,781.2,GRASPED,1,0.105
368,119.907,2026-09-10T08:32:27.527866Z,9.8,3,OBJECT_RETURNED,APPROACH CONTAINER LID,NONE,Object returned. Next step: Please close the box.,84.4,OPEN,0.09,0.16,1.1,0.091,-0.761,2.233,145.0,0.0,-137.7,1,0.104,-0.703,2.382,843.5,650.1,1274.9,975.5,0.108,-0.79,2.332,924.2,652.4,1201.9,781.8,GRASPED,1,0.104
369,119.991,2026-09-10T08:32:27.611783Z,11.6,3,OBJECT_RETURNED,APPROACH CONTAINER LID,NONE,Object returned. Next step: Please close the box.,84.6,OPEN,0.093,0.161,1.1,0.092,-0.761,2.233,145.0,0.0,-137.7,1,0.103,-0.703,2.382,843.5,649.7,1274.8,976.4,0.108,-0.79,2.332,924.5,652.7,1201.9,781.1,GRASPED,1,0.104
370,120.084,2026-09-10T08:32:27.704794Z,12.2,3,OBJECT_RETURNED,GRASP COMPONENT BOX,NONE,Object returned. Next step: Please close the box.,84.7,OPEN,0.093,0.161,1.1,0.094,-0.761,2.233,145.0,0.0,-137.7,1,0.103,-0.703,2.382,844.1,649.7,1273.6,976.1,0.107,-0.79,2.331,924.7,652.8,1200.8,780.6,GRASPED,1,0.104
371,120.178,2026-09-10T08:32:27.798971Z,9.4,3,OBJECT_RETURNED,GRASP COMPONENT BOX,NONE,Object returned. Next step: Please close the box.,84.8,OPEN,0.094,0.161,1.1,0.095,-0.76,2.233,145.0,0.0,-137.7,1,0.104,-0.703,2.382,844.8,650.0,1273.6,976.0,0.107,-0.79,2.332,924.2,654.0,1201.4,780.7,GRASPED,1,0.104
372,120.266,2026-09-10T08:32:27.886813Z,11.4,3,OBJECT_RETURNED,GRASP COMPONENT BOX,NONE,Object returned. Next step: Please close the box.,84.8,OPEN,0.093,0.161,1.1,0.094,-0.761,2.233,145.0,0.0,-137.7,1,0.104,-0.703,2.382,845.6,650.4,1273.7,976.2,0.107,-0.79,2.332,924.1,654.2,1200.8,780.9,GRASPED,1,0.104
373,120.353,2026-09-10T08:32:27.973809Z,12.2,3,OBJECT_RETURNED,GRASP COMPONENT BOX,NONE,Object returned. Next step: Please close the box.,84.9,OPEN,0.093,0.161,1.1,0.093,-0.761,2.233,145.0,0.0,-137.7,1,0.104,-0.703,2.382,844.8,650.8,1274.2,975.7,0.107,-0.79,2.332,924.1,654.7,1200.5,780.0,GRASPED,1,0.104
374,120.439,2026-09-10T08:32:28.059212Z,11.1,3,OBJECT_RETURNED,GRASP COMPONENT BOX,NONE,Object returned. Next step: Please close the box.,84.9,OPEN,0.096,0.161,1.1,0.095,-0.761,2.233,145.0,0.0,-137.7,1,0.104,-0.703,2.382,845.3,650.5,1274.9,975.9,0.11,-0.79,2.331,927.4,653.5,1203.9,780.1,GRASPED,1,0.104
375,120.518,2026-09-10T08:32:28.138417Z,12.1,3,OBJECT_RETURNED,GRASP COMPONENT BOX,NONE,Object returned. Next step: Please close the box.,84.8,OPEN,0.097,0.161,1.1,0.097,-0.761,2.233,145.0,0.0,-137.7,1,0.105,-0.703,2.382,846.0,651.0,1274.5,975.6,0.11,-0.79,2.332,926.8,654.0,1203.4,780.3,GRASPED,1,0.104
376,120.606,2026-09-10T08:32:28.226229Z,11.9,3,OBJECT_RETURNED,GRASP COMPONENT BOX,NONE,Object returned. Next step: Please close the box.,84.9,OPEN,0.094,0.161,1.1,0.096,-0.761,2.233,145.0,0.0,-137.7,1,0.104,-0.703,2.382,845.2,651.8,1275.0,975.3,0.106,-0.79,2.332,923.7,654.5,1200.0,780.4,GRASPED,1,0.103
377,120.693,2026-09-10T08:32:28.314199Z,11.2,3,OBJECT_RETURNED,GRASP COMPONENT BOX,NONE,Object returned. Next step: Please close the box.,84.9,OPEN,0.094,0.161,1.1,0.094,-0.761,2.233,145.0,0.0,-137.7,1,0.104,-0.703,2.382,844.7,651.8,1275.1,975.8,0.108,-0.789,2.332,925.2,655.2,1201.3,781.2,GRASPED,1,0.104
378,120.77,2026-09-10T08:32:28.391101Z,12.7,3,OBJECT_RETURNED,GRASP COMPONENT BOX,NONE,Object returned. Next step: Please close the box.,84.9,OPEN,0.095,0.161,1.1,0.095,-0.761,2.233,145.0,0.0,-137.7,1,0.105,-0.703,2.382,845.7,651.9,1274.6,975.4,0.109,-0.789,2.332,925.8,655.4,1202.3,781.4,GRASPED,1,0.104
379,120.854,2026-09-10T08:32:28.474983Z,12.2,3,OBJECT_RETURNED,GRASP COMPONENT BOX,NONE,Object returned. Next step: Please close the box.,84.7,OPEN,0.095,0.161,1.1,0.095,-0.761,2.233,145.0,0.0,-137.7,1,0.104,-0.703,2.382,844.8,652.0,1274.8,975.6,0.108,-0.789,2.332,926.0,655.4,1201.4,780.2,GRASPED,1,0.104
380,120.955,2026-09-10T08:32:28.575253Z,10.0,3,OBJECT_RETURNED,GRASP COMPONENT BOX,NONE,Object returned. Next step: Please close the box.,84.8,OPEN,0.094,0.161,1.1,0.094,-0.761,2.233,145.0,0.0,-137.7,1,0.105,-0.703,2.382,844.8,651.6,1276.7,975.4,0.107,-0.789,2.332,924.1,654.8,1200.8,781.2,GRASPED,1,0.104
381,121.05,2026-09-10T08:32:28.670498Z,11.9,3,OBJECT_RETURNED,GRASP COMPONENT BOX,NONE,Object returned. Next step: Please close the box.,84.5,OPEN,0.094,0.161,1.1,0.094,-0.761,2.233,145.0,0.0,-137.7,1,0.104,-0.703,2.382,844.6,651.4,1275.4,975.7,0.108,-0.79,2.332,925.8,654.7,1201.7,780.1,GRASPED,1,0.104
382,121.164,2026-09-10T08:32:28.784881Z,9.9,3,OBJECT_RETURNED,APPROACH CONTAINER LID,NONE,Object returned. Next step: Please close the box.,84.1,OPEN,0.096,0.161,1.1,0.095,-0.761,2.233,145.0,0.0,-137.7,1,0.104,-0.703,2.382,844.4,651.6,1274.8,975.4,0.014,-1.052,2.18,790.7,338.9,1156.0,515.9,RELEASED,0,0.306
383,121.275,2026-09-10T08:32:28.895707Z,7.8,3,OBJECT_RETURNED,APPROACH CONTAINER LID,NONE,Object returned. Next step: Please close the box.,84.3,OPEN,0.095,0.161,1.1,0.096,-0.761,2.233,145.0,0.0,-137.7,1,0.103,-0.704,2.381,843.8,649.8,1274.2,975.0,0.005,-1.046,2.184,790.9,347.8,1138.4,520.4,RELEASED,0,0.303
384,121.36,2026-09-10T08:32:28.981095Z,10.9,3,OBJECT_RETURNED,APPROACH CONTAINER LID,NONE,Object returned. Next step: Please close the box.,84.5,OPEN,0.096,0.161,1.1,0.096,-0.761,2.233,145.0,0.0,-137.7,1,0.104,-0.704,2.381,844.3,650.1,1275.0,975.0,0.009,-1.052,2.18,791.3,338.9,1145.2,515.6,RELEASED,0,0.309
385,121.454,2026-09-10T08:32:29.074677Z,11.3,3,OBJECT_RETURNED,CONTACT COMPONENT BOX,NONE,Object returned. Next step: Please close the box.,84.6,OPEN,0.096,0.16,1.1,0.097,-0.761,2.233,145.0,0.0,-137.7,1,0.104,-0.704,2.381,844.8,650.8,1274.7,974.4,0.11,-0.79,2.332,926.0,655.1,1204.2,780.1,GRASPED,1,0.103
386,121.557,2026-09-10T08:32:29.177271Z,11.0,3,OBJECT_RETURNED,APPROACH CONTAINER LID,NONE,Object returned. Next step: Please close the box.,84.7,OPEN,0.096,0.16,1.1,0.096,-0.761,2.233,145.0,0.0,-137.7,1,0.104,-0.703,2.382,844.0,650.7,1275.5,975.3,0.009,-1.056,2.178,792.5,333.2,1144.3,512.3,RELEASED,0,0.313
387,121.654,2026-09-10T08:32:29.274951Z,10.2,3,OBJECT_RETURNED,CONTACT COMPONENT BOX,NONE,Object returned. Next step: Please close the box.,84.8,OPEN,0.095,0.16,1.1,0.096,-0.761,2.233,145.0,0.0,-137.7,1,0.105,-0.703,2.382,845.3,650.5,1276.1,975.5,0.109,-0.79,2.332,926.1,654.5,1202.8,780.5,GRASPED,1,0.104
388,121.744,2026-09-10T08:32:29.364530Z,10.3,3,OBJECT_RETURNED,APPROACH CONTAINER LID,NONE,Object returned. Next step: Please close the box.,84.8,OPEN,0.095,0.161,1.1,0.095,-0.761,2.233,145.0,0.0,-137.7,1,0.105,-0.703,2.382,845.1,651.4,1275.4,975.5,0.01,-1.058,2.177,796.2,331.3,1143.1,509.5,RELEASED,0,0.314
389,121.837,2026-09-10T08:32:29.457364Z,10.8,3,OBJECT_RETURNED,APPROACH COMPONENT BOX,NONE,Object returned. Next step: Please close the box.,84.6,OPEN,0.02,-0.097,1.1,0.057,-0.874,2.168,145.0,0.0,-137.7,1,0.105,-0.703,2.382,844.8,651.2,1275.7,975.6,0.002,-1.051,2.181,791.6,345.2,1132.2,512.3,RELEASED,0,0.186
390,121.928,2026-09-10T08:32:29.549019Z,11.0,3,OBJECT_RETURNED,EXTRACT COMPONENT BOX,NONE,Object returned. Next step: Please close the box.,84.6,OPEN,0.016,-0.097,1.1,0.0,-1.037,2.073,145.0,0.0,-137.7,1,0.104,-0.703,2.382,845.0,651.9,1274.6,975.4,0.001,-1.055,2.178,790.7,339.6,1130.9,507.1,EXTRACTED,0,0.107
391,122.023,2026-09-10T08:32:29.643902Z,11.3,3,OBJECT_RETURNED,APPROACH CONTAINER LID,NONE,Object returned. Next step: Please close the box.,84.7,OPEN,0.022,-0.098,1.1,0.011,-1.008,2.09,145.0,0.0,-137.7,1,0.104,-0.703,2.382,845.2,651.7,1274.7,975.9,0.11,-0.79,2.332,928.6,655.2,1202.2,779.6,DOCKED,1,0.341
392,122.119,2026-09-10T08:32:29.739502Z,9.8,3,OBJECT_RETURNED,APPROACH COMPONENT BOX,NONE,Object returned. Next step: Please close the box.,84.6,OPEN,0.096,0.161,1.1,0.059,-0.879,2.165,145.0,0.0,-137.7,1,0.105,-0.703,2.382,845.9,651.0,1274.9,975.6,0.007,-1.056,2.178,795.0,338.5,1137.6,507.8,RELEASED,0,0.185
393,122.198,2026-09-10T08:32:29.819021Z,10.9,3,OBJECT_RETURNED,APPROACH COMPONENT BOX,NONE,Object returned. Next step: Please close the box.,84.7,OPEN,0.023,-0.097,1.1,0.077,-0.82,2.199,145.0,0.0,-137.7,1,0.105,-0.703,2.382,845.8,651.3,1274.9,975.0,0.012,-1.055,2.179,810.8,341.2,1131.5,507.2,RELEASED,0,0.245
394,122.285,2026-09-10T08:32:29.906060Z,12.1,3,OBJECT_RETURNED,APPROACH COMPONENT BOX,NONE,Object returned. Next step: Please close the box.,84.8,OPEN,0.096,0.161,1.1,0.056,-0.884,2.162,145.0,0.0,-137.7,1,0.104,-0.703,2.382,844.9,651.1,1274.8,974.9,0.004,-1.056,2.178,797.8,340.1,1130.0,505.9,RELEASED,0,0.18
395,122.399,2026-09-10T08:32:30.019409Z,9.9,3,OBJECT_RETURNED,APPROACH CONTAINER LID,NONE,Object returned. Next step: Please close the box.,84.5,OPEN,0.096,0.161,1.1,0.115,-0.7,2.268,145.0,0.0,-137.7,1,0.104,-0.704,2.381,844.7,650.4,1275.4,974.9,-0.003,-1.083,2.163,785.9,305.9,1127.6,480.0,RELEASED,0,0.414
396,122.486,2026-09-10T08:32:30.106490Z,10.2,3,OBJECT_RETURNED,APPROACH CONTAINER LID,NONE,Object returned. Next step: Please close the box.,84.6,OPEN,0.097,0.161,1.1,0.104,-0.736,2.247,145.0,0.0,-137.7,1,0.103,-0.703,2.382,844.5,651.5,1273.8,975.2,-0.004,-1.08,2.164,784.4,313.1,1127.8,480.2,RELEASED,0,0.369
397,122.598,2026-09-10T08:32:30.218260Z,11.0,3,OBJECT_RETURNED,CONTACT COMPONENT BOX,NONE,Object returned. Next step: Please close the box.,84.3,OPEN,0.096,0.161,1.1,0.1,-0.75,2.239,145.0,0.0,-137.7,1,0.104,-0.703,2.382,844.8,650.8,1274.5,975.5,0.109,-0.789,2.332,926.7,655.8,1201.8,780.3,GRASPED,1,0.101
398,122.681,2026-09-10T08:32:30.301293Z,9.2,3,OBJECT_RETURNED,CONTACT COMPONENT BOX,NONE,Object returned. Next step: Please close the box.,84.5,OPEN,0.095,0.161,1.1,0.096,-0.757,2.235,145.0,0.0,-137.7,1,0.105,-0.703,2.382,844.8,651.4,1276.1,975.8,0.108,-0.789,2.332,925.8,656.4,1201.7,780.5,GRASPED,1,0.103
399,122.767,2026-09-10T08:32:30.387422Z,11.9,3,OBJECT_RETURNED,CONTACT COMPONENT BOX,NONE,Object returned. Next step: Please close the box.,84.6,OPEN,0.097,0.161,1.1,0.097,-0.759,2.234,145.0,0.0,-137.7,1,0.104,-0.703,2.382,844.5,651.1,1275.4,975.6,0.11,-0.789,2.332,927.2,656.1,1203.1,780.2,GRASPED,1,0.103
400,122.869,2026-09-10T08:32:30.489665Z,11.4,3,OBJECT_RETURNED,APPROACH CONTAINER LID,NONE,Object returned. Next step: Please close the box.,84.7,OPEN,0.096,0.161,1.1,0.097,-0.76,2.234,145.0,0.0,-137.7,1,0.105,-0.703,2.382,844.1,651.2,1276.4,975.7,-0.01,-1.08,2.164,778.7,309.7,1122.8,483.5,RELEASED,0,0.344
401,122.971,2026-09-10T08:32:30.591303Z,9.9,3,OBJECT_RETURNED,CONTACT COMPONENT BOX,NONE,Object returned. Next step: Please close the box.,84.5,OPEN,0.097,0.161,1.1,0.097,-0.76,2.234,145.0,0.0,-137.7,1,0.104,-0.702,2.382,844.5,651.8,1274.9,976.1,0.111,-0.789,2.332,929.4,655.9,1202.4,780.9,GRASPED,1,0.104
402,123.063,2026-09-10T08:32:30.683961Z,9.1,3,OBJECT_RETURNED,CONTACT COMPONENT BOX,NONE,Object returned. Next step: Please close the box.,84.4,OPEN,0.096,0.161,1.1,0.096,-0.76,2.233,145.0,0.0,-137.7,1,0.104,-0.703,2.382,843.5,651.0,1274.9,976.2,0.11,-0.789,2.332,925.8,655.4,1204.3,780.9,GRASPED,1,0.104
403,123.17,2026-09-10T08:32:30.790352Z,11.2,3,OBJECT_RETURNED,APPROACH CONTAINER LID,NONE,Object returned. Next step: Please close the box.,84.3,OPEN,0.095,0.161,1.1,0.095,-0.761,2.233,145.0,0.0,-137.7,1,0.104,-0.703,2.382,843.1,650.9,1275.4,975.4,-0.002,-1.088,2.159,784.8,298.3,1131.1,475.2,RELEASED,0,0.349
404,123.267,2026-09-10T08:32:30.887899Z,9.8,3,OBJECT_RETURNED,CONTACT COMPONENT BOX,NONE,Object returned. Next step: Please close the box.,84.4,OPEN,0.097,0.161,1.1,0.096,-0.761,2.233,145.0,0.0,-137.7,1,0.104,-0.703,2.382,844.3,651.7,1275.7,975.0,0.111,-0.789,2.332,927.7,655.0,1204.9,781.3,GRASPED,1,0.104
405,123.369,2026-09-10T08:32:30.990187Z,9.5,3,OBJECT_RETURNED,CONTACT COMPONENT BOX,NONE,Object returned. Next step: Please close the box.,84.3,OPEN,0.096,0.161,1.1,0.097,-0.76,2.233,145.0,0.0,-137.7,1,0.104,-0.703,2.382,844.9,651.8,1275.0,975.8,0.11,-0.788,2.333,928.0,656.8,1202.8,781.0,GRASPED,1,0.104
406,123.506,2026-09-10T08:32:31.127207Z,8.6,3,OBJECT_RETURNED,CONTACT COMPONENT BOX,NONE,Object returned. Next step: Please close the box.,84.5,OPEN,0.095,0.161,1.1,0.096,-0.761,2.233,145.0,0.0,-137.7,1,0.105,-0.702,2.382,844.7,652.1,1276.0,976.4,0.109,-0.789,2.332,926.9,656.3,1202.7,780.6,GRASPED,1,0.104
407,123.62,2026-09-10T08:32:31.240749Z,8.1,3,OBJECT_RETURNED,GRASP COMPONENT BOX,NONE,Object returned. Next step: Please close the box.,84.5,OPEN,0.096,0.161,1.1,0.096,-0.761,2.233,145.0,0.0,-137.7,1,0.104,-0.702,2.382,844.5,651.9,1274.5,976.0,0.11,-0.789,2.332,928.3,656.6,1202.8,780.3,GRASPED,1,0.104
408,123.735,2026-09-10T08:32:31.356189Z,8.4,3,OBJECT_RETURNED,APPROACH COMPONENT BOX,NONE,Object returned. Next step: Please close the box.,84.3,OPEN,0.016,-0.101,1.1,0.056,-0.875,2.166,145.0,0.0,-137.7,1,0.105,-0.703,2.382,845.0,651.1,1276.1,975.9,-0.007,-1.098,2.154,782.0,283.3,1124.3,469.5,RELEASED,0,0.232
409,123.831,2026-09-10T08:32:31.451465Z,9.3,3,OBJECT_RETURNED,APPROACH COMPONENT BOX,NONE,Object returned. Next step: Please close the box.,84.3,OPEN,0.097,0.161,1.1,0.039,-0.926,2.137,145.0,0.0,-137.7,1,0.104,-0.703,2.382,844.5,651.8,1275.7,975.7,0.111,-0.788,2.333,928.6,656.3,1204.3,781.8,APPROACHED,1,0.25
410,123.941,2026-09-10T08:32:31.561677Z,9.5,3,OBJECT_RETURNED,APPROACH CONTAINER LID,NONE,Object returned. Next step: Please close the box.,84.2,OPEN,0.096,0.161,1.1,0.102,-0.746,2.241,145.0,0.0,-137.7,1,0.104,-0.703,2.382,844.0,651.1,1275.6,975.7,-0.007,-1.094,2.156,784.8,285.8,1121.8,475.0,RELEASED,0,0.375
411,124.111,2026-09-10T08:32:31.731927Z,10.7,3,OBJECT_RETURNED,CONTACT COMPONENT BOX,NONE,Object returned. Next step: Please close the box.,84.3,OPEN,0.095,0.161,1.1,0.093,-0.768,2.228,145.0,0.0,-137.7,1,0.104,-0.703,2.382,844.3,651.6,1275.0,974.9,0.109,-0.789,2.332,926.9,655.5,1201.9,780.4,GRASPED,1,0.107
412,124.262,2026-09-10T08:32:31.882749Z,4.4,3,OBJECT_RETURNED,CONTACT COMPONENT BOX,NONE,Object returned. Next step: Please close the box.,84.2,OPEN,0.096,0.161,1.1,0.095,-0.764,2.231,145.0,0.0,-137.7,1,0.105,-0.702,2.382,844.9,652.0,1275.8,976.3,0.109,-0.789,2.332,927.4,656.0,1201.1,780.6,GRASPED,1,0.105
413,124.352,2026-09-10T08:32:31.972543Z,10.1,3,OBJECT_RETURNED,CONTACT COMPONENT BOX,NONE,Object returned. Next step: Please close the box.,84.2,OPEN,0.095,0.161,1.1,0.095,-0.762,2.232,145.0,0.0,-137.7,1,0.105,-0.703,2.382,844.9,651.1,1275.7,975.9,0.109,-0.789,2.332,926.1,655.2,1203.2,780.9,GRASPED,1,0.105
414,124.455,2026-09-10T08:32:32.075435Z,11.3,3,OBJECT_RETURNED,GRASP COMPONENT BOX,NONE,Object returned. Next step: Please close the box.,84.2,OPEN,0.095,0.161,1.1,0.094,-0.762,2.232,145.0,0.0,-137.7,1,0.105,-0.702,2.382,844.9,651.4,1275.9,976.7,0.109,-0.789,2.332,926.0,656.5,1202.3,780.8,GRASPED,1,0.105
415,124.536,2026-09-10T08:32:32.156862Z,10.7,3,OBJECT_RETURNED,GRASP COMPONENT BOX,NONE,Object returned. Next step: Please close the box.,84.4,OPEN,0.095,0.161,1.1,0.094,-0.761,2.233,145.0,0.0,-137.7,1,0.104,-0.703,2.382,843.7,651.3,1275.4,975.9,0.108,-0.789,2.332,926.3,655.7,1201.0,780.5,GRASPED,1,0.104
416,124.632,2026-09-10T08:32:32.252972Z,11.0,3,OBJECT_RETURNED,GRASP COMPONENT BOX,NONE,Object returned. Next step: Please close the box.,84.4,OPEN,0.095,0.16,1.1,0.095,-0.761,2.233,145.0,0.0,-137.7,1,0.104,-0.702,2.382,842.8,651.6,1276.1,976.6,0.109,-0.789,2.332,925.9,656.1,1202.5,780.9,GRASPED,1,0.104
417,124.718,2026-09-10T08:32:32.338389Z,10.6,3,OBJECT_RETURNED,GRASP COMPONENT BOX,NONE,Object returned. Next step: Please close the box.,84.6,OPEN,0.094,0.161,1.1,0.094,-0.761,2.233,145.0,0.0,-137.7,1,0.104,-0.702,2.382,843.0,652.1,1275.4,975.7,0.106,-0.789,2.332,923.8,656.6,1199.1,780.5,GRASPED,1,0.104
418,124.804,2026-09-10T08:32:32.424790Z,11.7,3,OBJECT_RETURNED,GRASP COMPONENT BOX,NONE,Object returned. Next step: Please close the box.,84.7,OPEN,0.095,0.16,1.1,0.094,-0.761,2.233,145.0,0.0,-137.7,1,0.105,-0.703,2.382,845.2,652.0,1276.1,975.2,0.109,-0.788,2.333,927.3,656.3,1202.2,781.6,GRASPED,1,0.105
419,124.908,2026-09-10T08:32:32.528505Z,10.8,3,OBJECT_RETURNED,GRASP COMPONENT BOX,NONE,Object returned. Next step: Please close the box.,84.8,OPEN,0.096,0.161,1.1,0.096,-0.761,2.233,145.0,0.0,-137.7,1,0.105,-0.703,2.382,845.3,652.1,1275.4,975.3,0.11,-0.789,2.332,928.0,656.1,1203.5,780.6,GRASPED,1,0.104
420,125.036,2026-09-10T08:32:32.656397Z,8.8,3,OBJECT_RETURNED,GRASP COMPONENT BOX,NONE,Object returned. Next step: Please close the box.,84.8,OPEN,0.095,0.161,1.1,0.096,-0.761,2.233,145.0,0.0,-137.7,1,0.105,-0.702,2.382,845.0,651.9,1275.6,976.2,0.109,-0.789,2.332,926.5,656.0,1201.5,780.8,GRASPED,1,0.104
421,125.195,2026-09-10T08:32:32.815651Z,7.1,3,OBJECT_RETURNED,GRASP COMPONENT BOX,NONE,Object returned. Next step: Please close the box.,84.9,OPEN,0.096,0.161,1.1,0.094,-0.761,2.233,145.0,0.0,-137.7,1,0.104,-0.702,2.382,844.9,652.3,1274.1,975.6,0.108,-0.788,2.333,926.7,656.8,1200.4,782.1,GRASPED,1,0.105
422,125.329,2026-09-10T08:32:32.950146Z,6.4,3,OBJECT_RETURNED,GRASP COMPONENT BOX,NONE,Object returned. Next step: Please close the box.,84.9,OPEN,0.097,0.161,1.1,0.095,-0.761,2.233,145.0,0.0,-137.7,1,0.105,-0.702,2.382,845.8,652.8,1275.8,976.2,0.11,-0.787,2.333,928.3,658.1,1203.4,782.9,GRASPED,1,0.105
423,125.434,2026-09-10T08:32:33.054804Z,8.2,3,OBJECT_RETURNED,GRASP COMPONENT BOX,NONE,Object returned. Next step: Please close the box.,84.7,OPEN,0.096,0.161,1.1,0.096,-0.761,2.233,145.0,0.0,-137.7,1,0.104,-0.702,2.382,844.7,652.0,1274.5,976.2,0.11,-0.788,2.333,928.1,657.6,1203.1,781.8,GRASPED,1,0.105
424,125.524,2026-09-10T08:32:33.144703Z,10.8,3,OBJECT_RETURNED,GRASP COMPONENT BOX,NONE,Object returned. Next step: Please close the box.,84.8,OPEN,0.096,0.161,1.1,0.096,-0.761,2.233,145.0,0.0,-137.7,1,0.104,-0.703,2.382,844.9,652.1,1274.2,975.6,0.108,-0.788,2.333,926.4,656.7,1201.5,781.2,GRASPED,1,0.104
425,125.619,2026-09-10T08:32:33.239973Z,10.1,3,OBJECT_RETURNED,GRASP COMPONENT BOX,NONE,Object returned. Next step: Please close the box.,84.9,OPEN,0.096,0.161,1.1,0.096,-0.761,2.233,145.0,0.0,-137.7,1,0.104,-0.702,2.382,844.9,652.7,1274.5,975.7,0.109,-0.788,2.333,927.0,657.6,1202.1,781.9,GRASPED,1,0.104
426,125.717,2026-09-10T08:32:33.337516Z,10.8,3,OBJECT_RETURNED,GRASP COMPONENT BOX,NONE,Object returned. Next step: Please close the box.,84.9,OPEN,0.097,0.16,1.1,0.096,-0.761,2.233,145.0,0.0,-137.7,1,0.104,-0.703,2.382,845.0,651.2,1274.2,975.5,0.11,-0.789,2.332,926.8,655.7,1204.6,781.0,GRASPED,1,0.104
427,125.827,2026-09-10T08:32:33.447669Z,9.4,3,OBJECT_RETURNED,GRASP COMPONENT BOX,NONE,Object returned. Next step: Please close the box.,84.9,OPEN,0.096,0.161,1.1,0.096,-0.761,2.233,145.0,0.0,-137.7,1,0.104,-0.703,2.382,844.3,651.8,1274.6,975.6,0.109,-0.789,2.332,926.0,655.9,1202.5,781.1,GRASPED,1,0.104
428,125.915,2026-09-10T08:32:33.536178Z,10.2,3,OBJECT_RETURNED,GRASP COMPONENT BOX,NONE,Object returned. Next step: Please close the box.,84.9,OPEN,0.097,0.16,1.1,0.095,-0.761,2.233,145.0,0.0,-137.7,1,0.104,-0.703,2.382,843.9,651.8,1275.0,975.7,0.11,-0.788,2.333,925.8,656.3,1205.1,781.4,GRASPED,1,0.104
429,126.02,2026-09-10T08:32:33.641200Z,11.7,3,OBJECT_RETURNED,APPROACH COMPONENT BOX,NONE,Object returned. Next step: Please close the box.,85.0,OPEN,0.038,-0.097,1.1,0.066,-0.873,2.168,145.0,0.0,-137.7,1,0.104,-0.702,2.382,844.2,652.5,1275.7,975.4,0.111,-0.788,2.333,927.3,656.4,1205.5,781.8,APPROACHED,1,0.19
430,126.109,2026-09-10T08:32:33.729831Z,9.7,3,OBJECT_RETURNED,APPROACH COMPONENT BOX,NONE,Object returned. Next step: Please close the box.,85.0,OPEN,0.097,0.161,1.1,0.051,-0.933,2.135,145.0,0.0,-137.7,1,0.104,-0.702,2.382,845.0,652.7,1274.3,975.7,0.112,-0.788,2.333,928.2,657.2,1206.3,782.3,APPROACHED,1,0.253
431,126.23,2026-09-10T08:32:33.850948Z,10.5,3,OBJECT_RETURNED,GRASP COMPONENT BOX,NONE,Object returned. Next step: Please close the box.,85.0,OPEN,0.097,0.161,1.1,0.104,-0.735,2.249,145.0,0.0,-137.7,1,0.105,-0.703,2.382,845.8,652.4,1274.7,975.3,0.112,-0.788,2.333,928.9,656.6,1206.0,782.9,GRASPED,1,0.1
432,126.317,2026-09-10T08:32:33.937306Z,8.4,3,OBJECT_RETURNED,GRASP COMPONENT BOX,NONE,Object returned. Next step: Please close the box.,85.0,OPEN,0.095,0.161,1.1,0.106,-0.722,2.256,145.0,0.0,-137.7,1,0.104,-0.703,2.382,844.3,651.9,1274.5,975.4,0.109,-0.788,2.333,925.7,655.9,1204.1,781.9,GRASPED,1,0.101
433,126.401,2026-09-10T08:32:34.021523Z,12.1,3,OBJECT_RETURNED,GRASP COMPONENT BOX,NONE,Object returned. Next step: Please close the box.,85.0,OPEN,0.096,0.161,1.1,0.104,-0.724,2.255,145.0,0.0,-137.7,1,0.105,-0.702,2.382,846.2,652.4,1274.2,975.9,0.109,-0.79,2.332,928.2,657.6,1201.5,777.5,GRASPED,1,0.101
434,126.487,2026-09-10T08:32:34.107541Z,11.8,3,OBJECT_RETURNED,GRASP COMPONENT BOX,NONE,Object returned. Next step: Please close the box.,85.0,OPEN,0.096,0.161,1.1,0.104,-0.726,2.254,145.0,0.0,-137.7,1,0.104,-0.702,2.382,844.2,653.1,1274.6,975.5,0.11,-0.788,2.333,925.7,656.5,1205.3,781.4,GRASPED,1,0.101
435,126.569,2026-09-10T08:32:34.190163Z,11.8,3,OBJECT_RETURNED,GRASP COMPONENT BOX,NONE,Object returned. Next step: Please close the box.,85.0,OPEN,0.095,0.161,1.1,0.099,-0.745,2.243,145.0,0.0,-137.7,1,0.104,-0.702,2.382,843.8,653.2,1274.9,975.3,0.106,-0.788,2.333,922.6,656.5,1200.9,781.4,GRASPED,1,0.1
436,126.667,2026-09-10T08:32:34.288136Z,12.3,3,OBJECT_RETURNED,APPROACH COMPONENT BOX,NONE,Object returned. Next step: Please close the box.,85.0,OPEN,0.038,-0.095,1.1,0.067,-0.867,2.172,145.0,0.0,-137.7,1,0.102,-0.702,2.382,842.1,653.2,1274.2,975.2,0.107,-0.789,2.332,922.9,655.3,1201.5,781.4,APPROACHED,1,0.183
437,126.753,2026-09-10T08:32:34.374027Z,9.8,3,OBJECT_RETURNED,APPROACH COMPONENT BOX,NONE,Object returned. Next step: Please close the box.,85.0,OPEN,0.093,0.16,1.1,0.047,-0.94,2.13,145.0,0.0,-137.7,1,0.104,-0.702,2.382,844.2,653.0,1275.8,975.5,0.107,-0.789,2.332,923.6,655.9,1201.5,781.0,APPROACHED,1,0.26
438,126.833,2026-09-10T08:32:34.453773Z,12.5,3,OBJECT_RETURNED,APPROACH COMPONENT BOX,NONE,Object returned. Next step: Please close the box.,85.0,OPEN,0.019,-0.074,1.1,0.057,-0.855,2.178,145.0,0.0,-137.7,1,0.103,-0.702,2.382,841.8,652.8,1274.8,975.2,0.107,-0.788,2.333,921.6,656.1,1203.0,782.0,APPROACHED,1,0.176
439,126.932,2026-09-10T08:32:34.552945Z,11.8,3,OBJECT_RETURNED,APPROACH CONTAINER LID,NONE,Object returned. Next step: Please close the box.,85.0,OPEN,0.038,-0.096,1.1,0.01,-1.017,2.085,145.0,0.0,-137.7,1,0.104,-0.702,2.382,843.9,652.8,1275.1,975.6,0.051,-0.786,2.334,900.4,664.1,1118.0,779.4,DOCKED,1,0.343
440,127.047,2026-09-10T08:32:34.667670Z,8.6,3,OBJECT_RETURNED,APPROACH COMPONENT BOX,NONE,Object returned. Next step: Please close the box.,85.0,OPEN,0.094,0.16,1.1,0.069,-0.885,2.161,145.0,0.0,-137.7,1,0.104,-0.703,2.382,843.0,651.9,1275.6,975.6,0.107,-0.789,2.332,923.4,654.8,1202.2,781.5,APPROACHED,1,0.2
441,127.166,2026-09-10T08:32:34.787105Z,10.0,3,OBJECT_RETURNED,CONTACT COMPONENT BOX,NONE,Object returned. Next step: Please close the box.,85.0,OPEN,0.094,0.161,1.1,0.108,-0.716,2.259,145.0,0.0,-137.7,1,0.104,-0.703,2.382,843.2,652.7,1275.3,974.8,0.107,-0.788,2.332,923.4,655.8,1202.3,781.7,GRASPED,1,0.103
442,127.264,2026-09-10T08:32:34.884408Z,8.6,3,OBJECT_RETURNED,CONTACT COMPONENT BOX,NONE,Object returned. Next step: Please close the box.,85.0,OPEN,0.095,0.161,1.1,0.107,-0.713,2.261,145.0,0.0,-137.7,1,0.103,-0.703,2.382,842.8,652.3,1274.4,975.1,0.108,-0.789,2.332,924.2,654.8,1202.8,780.6,GRASPED,1,0.104
443,127.376,2026-09-10T08:32:34.996886Z,9.2,3,OBJECT_RETURNED,APPROACH COMPONENT BOX,NONE,Object returned. Next step: Please close the box.,85.0,OPEN,0.016,-0.096,1.1,0.059,-0.856,2.178,145.0,0.0,-137.7,1,0.103,-0.702,2.382,843.2,653.3,1274.0,975.4,0.107,-0.788,2.333,923.1,656.4,1201.8,781.3,APPROACHED,1,0.175
444,127.471,2026-09-10T08:32:35.091841Z,9.7,3,OBJECT_RETURNED,APPROACH CONTAINER LID,NONE,Object returned. Next step: Please close the box.,85.0,OPEN,0.019,-0.097,1.1,-0.006,-1.046,2.068,145.0,0.0,-137.7,1,0.103,-0.702,2.382,842.2,652.9,1274.9,975.4,0.108,-0.788,2.333,923.4,656.1,1204.4,782.3,DOCKED,1,0.387
445,127.56,2026-09-10T08:32:35.180301Z,10.7,3,OBJECT_RETURNED,APPROACH CONTAINER LID,NONE,Object returned. Next step: Please close the box.,85.0,OPEN,0.043,-0.096,1.1,0.019,-1.019,2.083,145.0,0.0,-137.7,1,0.102,-0.702,2.382,840.9,652.9,1274.4,975.5,0.106,-0.788,2.333,920.7,656.6,1202.5,782.0,DOCKED,1,0.351
446,127.649,2026-09-10T08:32:35.270165Z,11.5,3,OBJECT_RETURNED,APPROACH CONTAINER LID,NONE,Object returned. Next step: Please close the box.,85.0,OPEN,0.02,-0.095,1.1,0.028,-1.005,2.092,145.0,0.0,-137.7,1,0.102,-0.703,2.382,840.9,652.5,1274.6,974.8,0.106,-0.789,2.332,920.7,655.8,1202.0,781.4,DOCKED,1,0.333
447,127.734,2026-09-10T08:32:35.354829Z,10.9,3,OBJECT_RETURNED,APPROACH CONTAINER LID,NONE,Object returned. Next step: Please close the box.,85.0,OPEN,0.022,-0.075,1.1,0.011,-0.988,2.101,145.0,0.0,-137.7,1,0.102,-0.703,2.382,840.1,652.4,1275.0,975.0,0.106,-0.789,2.332,921.4,655.0,1202.5,781.5,DOCKED,1,0.32
448,127.818,2026-09-10T08:32:35.438725Z,12.3,3,OBJECT_RETURNED,APPROACH CONTAINER LID,NONE,Object returned. Next step: Please close the box.,85.0,OPEN,0.023,-0.095,1.1,0.018,-0.98,2.106,145.0,0.0,-137.7,1,0.102,-0.702,2.382,840.5,653.1,1274.6,974.9,0.106,-0.788,2.333,922.2,656.8,1201.8,781.4,DOCKED,1,0.31
449,127.901,2026-09-10T08:32:35.521430Z,11.6,3,OBJECT_RETURNED,APPROACH CONTAINER LID,NONE,Object returned. Next step: Please close the box.,85.0,OPEN,0.02,-0.076,1.1,0.019,-0.984,2.103,145.0,0.0,-137.7,1,0.103,-0.703,2.382,841.7,651.9,1275.1,974.4,0.108,-0.789,2.332,923.6,655.2,1203.2,781.7,DOCKED,1,0.314
450,127.985,2026-09-10T08:32:35.605833Z,12.2,3,OBJECT_RETURNED,APPROACH CONTAINER LID,NONE,Object returned. Next step: Please close the box.,85.0,OPEN,0.021,-0.076,1.1,0.018,-0.968,2.113,145.0,0.0,-137.7,1,0.103,-0.703,2.382,842.9,652.6,1274.5,974.8,0.108,-0.788,2.333,923.7,656.0,1203.8,782.5,DOCKED,1,0.298
451,128.077,2026-09-10T08:32:35.698052Z,11.7,3,OBJECT_RETURNED,APPROACH CONTAINER LID,NONE,Object returned. Next step: Please close the box.,85.0,OPEN,0.024,-0.074,1.1,0.022,-0.968,2.113,145.0,0.0,-137.7,1,0.101,-0.703,2.382,841.0,651.8,1273.5,975.4,0.108,-0.789,2.332,922.6,654.9,1204.9,782.3,DOCKED,1,0.296
452,128.178,2026-09-10T08:32:35.798936Z,10.4,3,OBJECT_RETURNED,APPROACH COMPONENT BOX,NONE,Object returned. Next step: Please close the box.,85.0,OPEN,0.094,0.16,1.1,0.061,-0.86,2.175,145.0,0.0,-137.7,1,0.101,-0.703,2.382,840.7,652.3,1273.3,975.3,0.107,-0.788,2.333,922.1,656.5,1202.4,781.7,APPROACHED,1,0.179
453,128.277,2026-09-10T08:32:35.897850Z,10.1,3,OBJECT_RETURNED,CONTACT COMPONENT BOX,NONE,Object returned. Next step: Please close the box.,85.0,OPEN,0.095,0.16,1.1,0.121,-0.687,2.275,145.0,0.0,-137.7,1,0.102,-0.703,2.382,841.4,652.3,1274.9,975.5,0.107,-0.788,2.333,922.3,656.1,1203.5,782.1,GRASPED,1,0.117
454,128.366,2026-09-10T08:32:35.986987Z,9.7,3,OBJECT_RETURNED,CONTACT COMPONENT BOX,NONE,Object returned. Next step: Please close the box.,85.0,OPEN,0.094,0.161,1.1,0.111,-0.714,2.259,145.0,0.0,-137.7,1,0.104,-0.702,2.382,842.4,652.5,1276.6,975.8,0.107,-0.788,2.333,922.0,656.5,1202.6,782.9,GRASPED,1,0.104
455,128.462,2026-09-10T08:32:36.082548Z,10.4,3,OBJECT_RETURNED,CONTACT COMPONENT BOX,NONE,Object returned. Next step: Please close the box.,85.0,OPEN,0.096,0.16,1.1,0.105,-0.73,2.25,145.0,0.0,-137.7,1,0.103,-0.703,2.382,842.6,652.3,1274.6,975.0,0.109,-0.788,2.333,924.5,656.3,1204.6,781.4,GRASPED,1,0.101
456,128.577,2026-09-10T08:32:36.197991Z,11.5,3,OBJECT_RETURNED,GRASP COMPONENT BOX,NONE,Object returned. Next step: Please close the box.,85.0,OPEN,0.096,0.16,1.1,0.104,-0.739,2.245,145.0,0.0,-137.7,1,0.103,-0.702,2.382,842.5,652.4,1275.3,975.6,0.108,-0.788,2.333,924.3,656.8,1203.3,782.1,GRASPED,1,0.101
457,128.671,2026-09-10T08:32:36.291661Z,8.9,3,OBJECT_RETURNED,GRASP COMPONENT BOX,NONE,Object returned. Next step: Please close the box.,85.0,OPEN,0.097,0.161,1.1,0.104,-0.742,2.243,145.0,0.0,-137.7,1,0.103,-0.703,2.382,842.0,651.4,1274.9,974.8,0.11,-0.789,2.332,925.0,655.1,1206.4,781.8,GRASPED,1,0.101
1,128.842,2026-09-10T08:32:36.462874Z,24.7,0,IDLE,IDLE,NONE,System initialized. Please open the box.,13.3,CLOSED,-0.338,-0.277,1.1,-0.125,-0.949,2.124,145.0,0.0,-137.7,1,0.102,-0.701,2.383,840.2,655.6,1274.7,975.2,-0.353,-1.176,2.051,562.0,215.0,652.0,285.0,RELEASED,0,0.33
2,128.985,2026-09-10T08:32:36.606066Z,8.2,0,IDLE,EXTRACT COMPONENT BOX,NONE,System initialized. Please open the box.,24.4,OPEN,-0.335,-0.277,1.1,-0.279,-1.088,2.044,145.0,0.0,-137.7,1,0.102,-0.701,2.383,840.6,655.1,1274.9,975.3,-0.35,-1.176,2.051,565.0,215.0,655.0,285.0,EXTRACTED,0,0.113
3,129.104,2026-09-10T08:32:36.724235Z,7.1,0,IDLE,APPROACH COMPONENT BOX,NONE,System initialized. Please open the box.,33.2,OPEN,-0.337,-0.277,1.1,-0.204,-1.025,2.081,145.0,0.0,-137.7,1,0.101,-0.702,2.382,840.2,654.0,1274.1,974.8,-0.352,-1.176,2.051,563.0,215.0,653.0,285.0,RELEASED,0,0.214
4,129.215,2026-09-10T08:32:36.836193Z,8.4,0,IDLE,APPROACH COMPONENT BOX,NONE,System initialized. Please open the box.,40.6,OPEN,-0.338,-0.277,1.1,-0.188,-1.01,2.089,145.0,0.0,-137.7,1,0.102,-0.702,2.383,841.0,654.7,1274.3,974.6,-0.354,-1.176,2.051,561.0,215.0,651.0,285.0,RELEASED,0,0.238
5,129.318,2026-09-10T08:32:36.938461Z,8.8,0,IDLE,APPROACH COMPONENT BOX,NONE,System initialized. Please open the box.,46.4,OPEN,-0.34,-0.277,1.1,-0.268,-1.079,2.049,145.0,0.0,-137.7,1,0.104,-0.702,2.383,842.1,653.7,1276.3,975.8,-0.355,-1.176,2.051,560.0,215.0,650.0,285.0,RELEASED,0,0.13
6,129.447,2026-09-10T08:32:37.067274Z,11.0,0,IDLE,EXTRACT COMPONENT BOX,NONE,System initialized. Please open the box.,49.6,OPEN,-0.338,-0.276,1.1,-0.304,-1.11,2.031,145.0,0.0,-137.7,1,0.103,-0.702,2.383,841.7,654.1,1275.0,975.2,-0.354,-1.175,2.051,561.0,216.0,651.0,286.0,EXTRACTED,0,0.084
7,129.555,2026-09-10T08:32:37.175333Z,7.5,0,IDLE,EXTRACT COMPONENT BOX,NONE,System initialized. Please open the box.,51.2,OPEN,-0.337,-0.276,1.1,-0.321,-1.126,2.022,145.0,0.0,-137.7,1,0.104,-0.701,2.383,842.6,656.2,1275.8,975.8,-0.353,-1.175,2.051,562.0,216.0,652.0,286.0,EXTRACTED,0,0.066
8,129.651,2026-09-10T08:32:37.271463Z,9.9,0,IDLE,EXTRACT COMPONENT BOX,NONE,System initialized. Please open the box.,51.8,OPEN,-0.337,-0.276,1.1,-0.329,-1.133,2.018,145.0,0.0,-137.7,1,0.103,-0.701,2.383,842.6,655.2,1274.6,975.6,-0.353,-1.175,2.051,562.0,216.0,652.0,286.0,EXTRACTED,0,0.059
9,129.75,2026-09-10T08:32:37.371073Z,10.1,0,IDLE,EXTRACT COMPONENT BOX,NONE,System initialized. Please open the box.,52.2,OPEN,-0.336,-0.276,1.1,-0.332,-1.136,2.016,145.0,0.0,-137.7,1,0.103,-0.701,2.383,842.5,656.0,1274.9,975.6,-0.351,-1.175,2.051,564.0,216.0,654.0,286.0,EXTRACTED,0,0.056
10,129.853,2026-09-10T08:32:37.473248Z,9.9,0,IDLE,EXTRACT COMPONENT BOX,NONE,System initialized. Please open the box.,52.9,OPEN,-0.337,-0.277,1.1,-0.335,-1.138,2.015,145.0,0.0,-137.7,1,0.103,-0.701,2.383,843.0,656.2,1274.9,975.8,-0.352,-1.176,2.051,563.0,215.0,653.0,285.0,EXTRACTED,0,0.055
11,129.955,2026-09-10T08:32:37.575339Z,9.9,0,IDLE,EXTRACT COMPONENT BOX,NONE,System initialized. Please open the box.,53.5,OPEN,-0.337,-0.276,1.1,-0.337,-1.139,2.015,145.0,0.0,-137.7,1,0.104,-0.701,2.383,843.1,655.7,1275.6,975.3,-0.352,-1.175,2.051,563.0,216.0,653.0,286.0,EXTRACTED,0,0.054
12,130.053,2026-09-10T08:32:37.674069Z,9.5,0,IDLE,EXTRACT COMPONENT BOX,NONE,System initialized. Please open the box.,53.3,OPEN,-0.333,-0.276,1.1,-0.335,-1.139,2.015,145.0,0.0,-137.7,1,0.104,-0.701,2.383,842.4,656.2,1276.0,975.1,-0.348,-1.175,2.051,567.0,216.0,657.0,286.0,EXTRACTED,0,0.053
13,130.183,2026-09-10T08:32:37.803354Z,9.0,1,BOX_OPENED,EXTRACT COMPONENT BOX,NONE,Box opened. Next step: Please take out the object.,54.0,OPEN,-0.337,-0.276,1.1,-0.334,-1.14,2.014,145.0,0.0,-137.7,1,0.103,-0.7,2.383,842.2,657.0,1275.6,975.6,-0.353,-1.175,2.051,562.0,216.0,652.0,286.0,EXTRACTED,0,0.055
14,130.295,2026-09-10T08:32:37.915277Z,7.9,1,BOX_OPENED,EXTRACT COMPONENT BOX,NONE,Box opened. Next step: Please take out the object.,53.9,OPEN,-0.337,-0.277,1.1,-0.337,-1.14,2.014,145.0,0.0,-137.7,1,0.103,-0.701,2.383,842.7,656.5,1275.5,975.7,-0.352,-1.176,2.051,563.0,215.0,653.0,285.0,EXTRACTED,0,0.054
15,130.421,2026-09-10T08:32:38.042018Z,8.4,1,BOX_OPENED,EXTRACT COMPONENT BOX,NONE,Box opened. Next step: Please take out the object.,54.7,OPEN,-0.339,-0.277,1.1,-0.337,-1.141,2.014,145.0,0.0,-137.7,1,0.103,-0.701,2.383,842.4,655.7,1275.6,975.3,-0.354,-1.176,2.051,561.0,215.0,651.0,285.0,EXTRACTED,0,0.054
16,130.517,2026-09-10T08:32:38.137492Z,9.8,1,BOX_OPENED,EXTRACT COMPONENT BOX,NONE,Box opened. Next step: Please take out the object.,54.8,OPEN,-0.338,-0.276,1.1,-0.337,-1.14,2.014,145.0,0.0,-137.7,1,0.103,-0.701,2.383,842.2,656.8,1274.9,975.0,-0.353,-1.175,2.051,562.0,216.0,652.0,286.0,EXTRACTED,0,0.054
17,130.62,2026-09-10T08:32:38.241079Z,9.9,1,BOX_OPENED,EXTRACT COMPONENT BOX,NONE,Box opened. Next step: Please take out the object.,54.2,OPEN,-0.336,-0.276,1.1,-0.335,-1.14,2.014,145.0,0.0,-137.7,1,0.103,-0.701,2.383,842.3,656.7,1275.4,975.4,-0.352,-1.175,2.051,563.0,216.0,653.0,286.0,EXTRACTED,0,0.054
18,130.717,2026-09-10T08:32:38.338123Z,9.8,1,BOX_OPENED,EXTRACT COMPONENT BOX,NONE,Box opened. Next step: Please take out the object.,53.2,OPEN,-0.337,-0.276,1.1,-0.336,-1.14,2.014,145.0,0.0,-137.7,1,0.102,-0.7,2.383,841.6,657.5,1274.8,975.2,-0.352,-1.175,2.051,563.0,216.0,653.0,286.0,EXTRACTED,0,0.054
19,130.818,2026-09-10T08:32:38.439116Z,10.1,1,BOX_OPENED,EXTRACT COMPONENT BOX,NONE,Box opened. Next step: Please take out the object.,53.3,OPEN,-0.329,-0.277,1.1,-0.333,-1.14,2.014,145.0,0.0,-137.7,1,0.103,-0.701,2.383,842.2,657.1,1275.3,975.0,-0.344,-1.176,2.051,571.0,215.0,661.0,285.0,EXTRACTED,0,0.053
20,130.915,2026-09-10T08:32:38.535395Z,10.1,1,BOX_OPENED,EXTRACT COMPONENT BOX,NONE,Box opened. Next step: Please take out the object.,53.0,OPEN,-0.338,-0.277,1.1,-0.333,-1.14,2.014,145.0,0.0,-137.7,1,0.102,-0.701,2.383,841.7,656.3,1274.3,974.9,-0.354,-1.176,2.051,561.0,215.0,651.0,285.0,EXTRACTED,0,0.056
21,131.016,2026-09-10T08:32:38.636860Z,10.2,1,BOX_OPENED,EXTRACT COMPONENT BOX,NONE,Box opened. Next step: Please take out the object.,52.8,OPEN,-0.338,-0.277,1.1,-0.341,-1.14,2.014,145.0,0.0,-137.7,1,0.103,-0.701,2.383,841.9,656.4,1275.1,975.7,-0.354,-1.176,2.051,561.0,215.0,651.0,285.0,EXTRACTED,0,0.053
22,131.117,2026-09-10T08:32:38.738052Z,9.8,1,BOX_OPENED,EXTRACT COMPONENT BOX,NONE,Box opened. Next step: Please take out the object.,52.4,OPEN,-0.338,-0.276,1.1,-0.341,-1.14,2.014,145.0,0.0,-137.7,1,0.103,-0.7,2.383,842.7,657.6,1275.1,975.3,-0.353,-1.175,2.051,562.0,216.0,652.0,286.0,EXTRACTED,0,0.053
23,131.213,2026-09-10T08:32:38.833944Z,10.4,1,BOX_OPENED,EXTRACT COMPONENT BOX,NONE,Box opened. Next step: Please take out the object.,52.5,OPEN,-0.335,-0.277,1.1,-0.338,-1.14,2.014,145.0,0.0,-137.7,1,0.103,-0.7,2.384,842.6,657.6,1275.2,975.5,-0.351,-1.176,2.051,564.0,215.0,654.0,285.0,EXTRACTED,0,0.053
24,131.313,2026-09-10T08:32:38.933770Z,10.0,1,BOX_OPENED,EXTRACT COMPONENT BOX,NONE,Box opened. Next step: Please take out the object.,52.5,OPEN,-0.335,-0.277,1.1,-0.335,-1.14,2.014,145.0,0.0,-137.7,1,0.103,-0.701,2.383,841.9,656.7,1275.6,975.1,-0.351,-1.176,2.051,564.0,215.0,654.0,285.0,EXTRACTED,0,0.054
25,131.457,2026-09-10T08:32:39.077947Z,8.6,2,OBJECT_EXTRACTED,EXTRACT COMPONENT BOX,NONE,Object extracted. Next step: Please return the object into the box.,52.6,OPEN,-0.338,-0.277,1.1,-0.337,-1.14,2.014,145.0,0.0,-137.7,1,0.103,-0.7,2.383,842.3,657.5,1275.2,975.1,-0.353,-1.176,2.051,562.0,215.0,652.0,285.0,EXTRACTED,0,0.054
26,131.603,2026-09-10T08:32:39.223847Z,7.0,2,OBJECT_EXTRACTED,EXTRACT COMPONENT BOX,NONE,Object extracted. Next step: Please return the object into the box.,52.9,OPEN,-0.34,-0.277,1.1,-0.338,-1.14,2.014,145.0,0.0,-137.7,1,0.103,-0.7,2.383,842.9,657.7,1274.0,974.8,-0.355,-1.176,2.051,560.0,215.0,650.0,285.0,EXTRACTED,0,0.054
27,131.698,2026-09-10T08:32:39.318687Z,8.1,2,OBJECT_EXTRACTED,EXTRACT COMPONENT BOX,NONE,Object extracted. Next step: Please return the object into the box.,52.8,OPEN,-0.34,-0.277,1.1,-0.339,-1.14,2.014,145.0,0.0,-137.7,1,0.103,-0.701,2.383,842.3,656.0,1275.0,975.7,-0.355,-1.176,2.051,560.0,215.0,650.0,285.0,EXTRACTED,0,0.054
28,131.818,2026-09-10T08:32:39.438280Z,8.5,2,OBJECT_EXTRACTED,EXTRACT COMPONENT BOX,NONE,Object extracted. Next step: Please return the object into the box.,53.9,OPEN,-0.334,-0.277,1.1,-0.336,-1.14,2.014,145.0,0.0,-137.7,1,0.103,-0.701,2.383,842.3,656.2,1275.6,975.4,-0.349,-1.176,2.051,566.0,215.0,656.0,285.0,EXTRACTED,0,0.053
29,131.922,2026-09-10T08:32:39.542962Z,10.0,2,OBJECT_EXTRACTED,EXTRACT COMPONENT BOX,NONE,Object extracted. Next step: Please return the object into the box.,53.4,OPEN,-0.334,-0.277,1.1,-0.333,-1.14,2.014,145.0,0.0,-137.7,1,0.103,-0.701,2.383,842.6,657.1,1275.2,974.8,-0.349,-1.176,2.051,566.0,215.0,656.0,285.0,EXTRACTED,0,0.054
30,132.038,2026-09-10T08:32:39.658356Z,8.4,2,OBJECT_EXTRACTED,EXTRACT COMPONENT BOX,NONE,Object extracted. Next step: Please return the object into the box.,53.2,OPEN,-0.337,-0.277,1.1,-0.334,-1.14,2.014,145.0,0.0,-137.7,1,0.103,-0.701,2.383,842.7,656.2,1275.0,974.8,-0.352,-1.176,2.051,563.0,215.0,653.0,285.0,EXTRACTED,0,0.054
31,132.139,2026-09-10T08:32:39.759673Z,9.9,2,OBJECT_EXTRACTED,EXTRACT COMPONENT BOX,NONE,Object extracted. Next step: Please return the object into the box.,53.0,OPEN,-0.337,-0.277,1.1,-0.336,-1.14,2.014,145.0,0.0,-137.7,1,0.103,-0.701,2.383,842.1,656.8,1275.8,975.1,-0.352,-1.176,2.051,563.0,215.0,653.0,285.0,EXTRACTED,0,0.054
32,132.244,2026-09-10T08:32:39.864814Z,9.2,2,OBJECT_EXTRACTED,EXTRACT COMPONENT BOX,NONE,Object extracted. Next step: Please return the object into the box.,53.4,OPEN,-0.338,-0.276,1.1,-0.337,-1.139,2.015,145.0,0.0,-137.7,1,0.103,-0.701,2.383,842.3,656.1,1274.7,974.9,-0.353,-1.175,2.051,562.0,216.0,652.0,286.0,EXTRACTED,0,0.054
33,132.361,2026-09-10T08:32:39.981414Z,9.7,2,OBJECT_EXTRACTED,EXTRACT COMPONENT BOX,NONE,Object extracted. Next step: Please return the object into the box.,53.5,OPEN,-0.331,-0.276,1.1,-0.334,-1.139,2.015,145.0,0.0,-137.7,1,0.103,-0.701,2.383,842.6,656.4,1274.5,975.2,-0.346,-1.175,2.051,569.0,216.0,659.0,286.0,EXTRACTED,0,0.053
34,132.467,2026-09-10T08:32:40.087858Z,8.5,2,OBJECT_EXTRACTED,EXTRACT COMPONENT BOX,NONE,Object extracted. Next step: Please return the object into the box.,54.1,OPEN,-0.33,-0.276,1.1,-0.329,-1.14,2.014,145.0,0.0,-137.7,1,0.103,-0.701,2.383,842.9,655.8,1274.9,975.0,-0.346,-1.175,2.051,569.0,216.0,659.0,286.0,EXTRACTED,0,0.054
35,132.57,2026-09-10T08:32:40.190691Z,9.8,2,OBJECT_EXTRACTED,EXTRACT COMPONENT BOX,NONE,Object extracted. Next step: Please return the object into the box.,54.5,OPEN,-0.337,-0.277,1.1,-0.332,-1.14,2.014,145.0,0.0,-137.7,1,0.103,-0.7,2.383,842.7,656.8,1275.6,975.6,-0.352,-1.176,2.051,563.0,215.0,653.0,285.0,EXTRACTED,0,0.055
36,132.667,2026-09-10T08:32:40.287522Z,10.4,2,OBJECT_EXTRACTED,EXTRACT COMPONENT BOX,NONE,Object extracted. Next step: Please return the object into the box.,55.2,OPEN,-0.337,-0.277,1.1,-0.338,-1.14,2.014,145.0,0.0,-137.7,1,0.102,-0.701,2.383,841.9,655.9,1274.5,975.2,-0.353,-1.176,2.051,562.0,215.0,652.0,285.0,EXTRACTED,0,0.054
37,132.765,2026-09-10T08:32:40.386115Z,10.0,2,OBJECT_EXTRACTED,EXTRACT COMPONENT BOX,NONE,Object extracted. Next step: Please return the object into the box.,55.6,OPEN,-0.337,-0.277,1.1,-0.338,-1.14,2.014,145.0,0.0,-137.7,1,0.103,-0.7,2.383,842.0,657.0,1275.3,975.1,-0.353,-1.176,2.051,562.0,215.0,652.0,285.0,EXTRACTED,0,0.054
38,132.857,2026-09-10T08:32:40.477601Z,10.1,2,OBJECT_EXTRACTED,EXTRACT COMPONENT BOX,NONE,Object extracted. Next step: Please return the object into the box.,56.3,OPEN,-0.33,-0.276,1.1,-0.334,-1.14,2.014,145.0,0.0,-137.7,1,0.103,-0.7,2.383,841.7,657.2,1276.0,975.4,-0.346,-1.175,2.051,569.0,216.0,659.0,286.0,EXTRACTED,0,0.053
39,132.956,2026-09-10T08:32:40.576375Z,11.3,2,OBJECT_EXTRACTED,EXTRACT COMPONENT BOX,NONE,Object extracted. Next step: Please return the object into the box.,56.1,OPEN,-0.33,-0.277,1.1,-0.329,-1.14,2.014,145.0,0.0,-137.7,1,0.103,-0.7,2.383,841.6,657.1,1275.1,975.4,-0.346,-1.176,2.051,569.0,215.0,659.0,285.0,EXTRACTED,0,0.055
40,133.052,2026-09-10T08:32:40.673197Z,9.9,2,OBJECT_EXTRACTED,EXTRACT COMPONENT BOX,NONE,Object extracted. Next step: Please return the object into the box.,56.0,OPEN,-0.333,-0.277,1.1,-0.33,-1.14,2.014,145.0,0.0,-137.7,1,0.103,-0.701,2.383,842.5,656.8,1275.4,974.8,-0.348,-1.176,2.051,567.0,215.0,657.0,285.0,EXTRACTED,0,0.055
41,133.167,2026-09-10T08:32:40.787928Z,9.2,2,OBJECT_EXTRACTED,EXTRACT COMPONENT BOX,NONE,Object extracted. Next step: Please return the object into the box.,55.8,OPEN,-0.338,-0.277,1.1,-0.335,-1.14,2.014,145.0,0.0,-137.7,1,0.103,-0.7,2.383,841.8,657.9,1275.2,975.0,-0.353,-1.176,2.051,562.0,215.0,652.0,285.0,EXTRACTED,0,0.055
42,133.293,2026-09-10T08:32:40.913904Z,8.4,2,OBJECT_EXTRACTED,EXTRACT COMPONENT BOX,NONE,Object extracted. Next step: Please return the object into the box.,55.6,OPEN,-0.338,-0.277,1.1,-0.336,-1.14,2.014,145.0,0.0,-137.7,1,0.103,-0.7,2.383,841.8,657.2,1275.8,975.2,-0.353,-1.176,2.051,562.0,215.0,652.0,285.0,EXTRACTED,0,0.054
43,133.464,2026-09-10T08:32:41.084214Z,6.8,2,OBJECT_EXTRACTED,EXTRACT COMPONENT BOX,NONE,Object extracted. Next step: Please return the object into the box.,56.1,OPEN,-0.334,-0.277,1.1,-0.333,-1.14,2.014,145.0,0.0,-137.7,1,0.102,-0.701,2.383,840.4,655.9,1275.9,975.0,-0.349,-1.176,2.051,566.0,215.0,656.0,285.0,EXTRACTED,0,0.054
44,133.616,2026-09-10T08:32:41.236917Z,6.2,2,OBJECT_EXTRACTED,EXTRACT COMPONENT BOX,NONE,Object extracted. Next step: Please return the object into the box.,56.6,OPEN,-0.334,-0.277,1.1,-0.333,-1.14,2.014,145.0,0.0,-137.7,1,0.102,-0.701,2.383,841.1,656.7,1273.9,974.7,-0.349,-1.176,2.051,566.0,215.0,656.0,285.0,EXTRACTED,0,0.054
45,133.745,2026-09-10T08:32:41.365759Z,7.1,2,OBJECT_EXTRACTED,EXTRACT COMPONENT BOX,NONE,Object extracted. Next step: Please return the object into the box.,56.3,OPEN,-0.336,-0.277,1.1,-0.336,-1.14,2.015,145.0,0.0,-137.7,1,0.103,-0.7,2.383,841.3,658.0,1275.3,974.5,-0.351,-1.176,2.051,564.0,215.0,654.0,285.0,EXTRACTED,0,0.053
46,133.882,2026-09-10T08:32:41.503148Z,7.9,2,OBJECT_EXTRACTED,EXTRACT COMPONENT BOX,NONE,Object extracted. Next step: Please return the object into the box.,56.1,OPEN,-0.34,-0.277,1.1,-0.338,-1.14,2.014,145.0,0.0,-137.7,1,0.103,-0.7,2.384,840.9,657.9,1276.7,975.2,-0.355,-1.176,2.051,560.0,215.0,650.0,285.0,EXTRACTED,0,0.054
47,133.996,2026-09-10T08:32:41.616840Z,7.0,2,OBJECT_EXTRACTED,IDLE,NONE,Object extracted. Next step: Please return the object into the box.,55.9,OPEN,0.096,0.106,1.1,-0.119,-0.973,2.111,145.0,0.0,-137.7,1,0.103,-0.701,2.383,840.9,656.2,1275.6,975.4,0.1,-0.83,2.251,1015.0,615.0,1105.0,685.0,DOCKED,1,0.296
48,134.096,2026-09-10T08:32:41.716729Z,10.3,2,OBJECT_EXTRACTED,APPROACH COMPONENT BOX,NONE,Object extracted. Next step: Please return the object into the box.,56.3,OPEN,0.095,0.108,1.1,0.222,-0.713,2.261,145.0,0.0,-137.7,1,0.103,-0.702,2.383,841.4,654.3,1275.7,975.2,0.099,-0.827,2.252,1014.0,618.0,1104.0,688.0,APPROACHED,1,0.168
49,134.182,2026-09-10T08:32:41.802476Z,10.5,2,OBJECT_EXTRACTED,APPROACH COMPONENT BOX,NONE,Object extracted. Next step: Please return the object into the box.,56.8,OPEN,0.095,0.107,1.1,0.187,-0.738,2.247,145.0,0.0,-137.7,1,0.102,-0.702,2.383,840.6,654.4,1274.3,975.4,0.098,-0.795,2.329,915.5,653.2,1192.8,769.4,APPROACHED,1,0.134
50,134.271,2026-09-10T08:32:41.891348Z,11.1,2,OBJECT_EXTRACTED,APPROACH COMPONENT BOX,NONE,Object extracted. Next step: Please return the object into the box.,56.0,OPEN,0.095,0.107,1.1,0.168,-0.753,2.238,145.0,0.0,-137.7,1,0.102,-0.701,2.383,840.6,655.6,1274.7,975.3,0.099,-0.795,2.329,918.0,653.1,1191.2,769.7,APPROACHED,1,0.122
51,134.372,2026-09-10T08:32:41.992482Z,11.9,2,OBJECT_EXTRACTED,CONTACT COMPONENT BOX,NONE,Object extracted. Next step: Please return the object into the box.,55.3,OPEN,0.095,0.107,1.1,0.13,-0.781,2.221,145.0,0.0,-137.7,1,0.103,-0.7,2.383,841.9,657.3,1276.1,975.2,0.1,-0.794,2.329,920.8,655.9,1191.1,770.1,GRASPED,1,0.113
52,134.46,2026-09-10T08:32:42.080345Z,9.8,2,OBJECT_EXTRACTED,CONTACT COMPONENT BOX,NONE,Object extracted. Next step: Please return the object into the box.,55.3,OPEN,0.098,0.107,1.1,0.114,-0.795,2.214,145.0,0.0,-137.7,1,0.102,-0.701,2.383,840.6,656.5,1275.0,975.3,0.099,-0.794,2.329,918.2,654.3,1191.1,769.9,GRASPED,1,0.116
53,134.568,2026-09-10T08:32:42.188800Z,11.9,2,OBJECT_EXTRACTED,IDLE,NONE,Object extracted. Next step: Please return the object into the box.,55.2,OPEN,-0.572,-0.347,1.1,-0.23,-0.999,2.095,145.0,0.0,-137.7,1,0.102,-0.701,2.383,841.5,655.3,1274.0,974.8,0.099,-0.795,2.329,918.0,652.7,1192.3,769.9,DOCKED,1,0.452
54,134.659,2026-09-10T08:32:42.280123Z,8.7,2,OBJECT_EXTRACTED,IDLE,NONE,Object extracted. Next step: Please return the object into the box.,55.3,OPEN,0.096,0.105,1.1,-0.34,-1.064,2.058,145.0,0.0,-137.7,1,0.103,-0.701,2.383,841.8,655.9,1274.8,974.8,0.1,-0.83,2.251,1015.0,615.0,1105.0,685.0,DOCKED,1,0.535
55,134.743,2026-09-10T08:32:42.363735Z,11.8,2,OBJECT_EXTRACTED,IDLE,NONE,Object extracted. Next step: Please return the object into the box.,55.3,OPEN,0.096,0.108,1.1,0.392,-0.634,2.306,145.0,0.0,-137.7,1,0.103,-0.701,2.383,841.4,655.9,1275.3,975.1,0.099,-0.795,2.329,916.5,653.4,1192.5,770.1,DOCKED,1,0.335
56,134.831,2026-09-10T08:32:42.451627Z,11.8,2,OBJECT_EXTRACTED,IDLE,NONE,Object extracted. Next step: Please return the object into the box.,54.8,OPEN,0.095,0.105,1.1,0.438,-0.607,2.322,145.0,0.0,-137.7,1,0.102,-0.701,2.383,841.3,654.9,1275.0,975.2,0.099,-0.831,2.25,1014.0,614.0,1104.0,684.0,DOCKED,1,0.413
57,134.946,2026-09-10T08:32:42.566421Z,10.8,2,OBJECT_EXTRACTED,IDLE,NONE,Object extracted. Next step: Please return the object into the box.,55.0,OPEN,-0.57,-0.347,1.1,0.129,-0.79,2.216,145.0,0.0,-137.7,1,0.103,-0.702,2.383,841.2,654.3,1275.8,975.2,-0.401,-0.785,2.277,142.0,323.0,976.0,1080.0,RELEASED,0,0.534
58,135.061,2026-09-10T08:32:42.681466Z,7.9,2,OBJECT_EXTRACTED,IDLE,NONE,Object extracted. Next step: Please return the object into the box.,54.8,OPEN,-0.571,-0.347,1.1,-0.254,-1.016,2.085,145.0,0.0,-137.7,1,0.103,-0.701,2.383,842.0,655.5,1274.6,974.7,0.098,-0.795,2.329,915.8,653.1,1191.6,770.2,DOCKED,1,0.482
59,135.18,2026-09-10T08:32:42.800228Z,9.3,2,OBJECT_EXTRACTED,APPROACH COMPONENT BOX,NONE,Object extracted. Next step: Please return the object into the box.,55.6,OPEN,0.097,0.107,1.1,0.235,-0.727,2.252,145.0,0.0,-137.7,1,0.103,-0.701,2.383,841.8,654.8,1275.3,975.2,0.101,-0.829,2.251,1016.0,616.0,1106.0,686.0,APPROACHED,1,0.168
60,135.355,2026-09-10T08:32:42.976066Z,6.7,3,OBJECT_RETURNED,IDLE,NONE,Object returned. Next step: Please close the box.,54.6,OPEN,0.094,0.106,1.1,1.044,-0.25,2.528,145.0,0.0,-137.7,1,0.103,-0.701,2.383,842.0,656.9,1275.5,974.9,0.099,-0.794,2.329,917.3,655.2,1192.7,770.7,DOCKED,1,1.108
61,135.481,2026-09-10T08:32:43.102161Z,6.7,3,OBJECT_RETURNED,IDLE,NONE,Object returned. Next step: Please close the box.,54.8,OPEN,-0.572,-0.347,1.1,0.591,-0.516,2.374,145.0,0.0,-137.7,1,0.102,-0.702,2.383,841.2,654.2,1274.8,975.0,-0.454,-0.627,2.368,102.0,688.0,910.0,1080.0,RELEASED,0,1.051
62,135.566,2026-09-10T08:32:43.187070Z,8.6,3,OBJECT_RETURNED,IDLE,NONE,Object returned. Next step: Please close the box.,54.5,OPEN,0.095,0.107,1.1,0.365,-0.648,2.298,145.0,0.0,-137.7,1,0.102,-0.702,2.383,840.9,654.3,1274.3,975.3,0.098,-0.828,2.252,1013.0,617.0,1103.0,687.0,DOCKED,1,0.326
63,135.659,2026-09-10T08:32:43.280107Z,11.3,3,OBJECT_RETURNED,IDLE,NONE,Object returned. Next step: Please close the box.,54.4,OPEN,0.092,0.105,1.1,0.945,-0.307,2.495,145.0,0.0,-137.7,1,0.102,-0.702,2.383,841.4,654.4,1273.1,975.4,0.096,-0.831,2.25,1011.0,614.0,1101.0,684.0,DOCKED,1,1.027
64,135.745,2026-09-10T08:32:43.366073Z,11.3,3,OBJECT_RETURNED,IDLE,NONE,Object returned. Next step: Please close the box.,53.9,OPEN,0.092,0.106,1.1,0.886,-0.341,2.475,145.0,0.0,-137.7,1,0.103,-0.701,2.383,843.1,655.4,1273.8,975.7,0.095,-0.83,2.251,1010.0,615.0,1100.0,685.0,DOCKED,1,0.956
65,135.833,2026-09-10T08:32:43.453376Z,11.0,3,OBJECT_RETURNED,IDLE,NONE,Object returned. Next step: Please close the box.,54.7,OPEN,0.091,0.105,1.1,0.846,-0.363,2.462,145.0,0.0,-137.7,1,0.103,-0.702,2.383,842.4,654.0,1275.0,975.6,0.094,-0.83,2.251,1009.0,615.0,1099.0,685.0,DOCKED,1,0.91
66,135.917,2026-09-10T08:32:43.537699Z,12.1,3,OBJECT_RETURNED,IDLE,NONE,Object returned. Next step: Please close the box.,55.8,OPEN,0.092,0.106,1.1,0.773,-0.407,2.437,145.0,0.0,-137.7,1,0.103,-0.702,2.382,842.2,653.0,1275.5,975.7,0.097,-0.796,2.328,912.2,652.7,1193.7,769.2,DOCKED,1,0.787
67,135.998,2026-09-10T08:32:43.618756Z,12.1,3,OBJECT_RETURNED,IDLE,NONE,Object returned. Next step: Please close the box.,57.5,OPEN,0.09,0.105,1.1,0.719,-0.439,2.419,145.0,0.0,-137.7,1,0.103,-0.703,2.382,842.4,652.0,1274.4,975.4,0.097,-0.796,2.328,913.5,651.6,1193.1,769.1,DOCKED,1,0.723
68,136.073,2026-09-10T08:32:43.694067Z,12.9,3,OBJECT_RETURNED,IDLE,NONE,Object returned. Next step: Please close the box.,58.1,OPEN,0.1,0.107,1.1,0.662,-0.475,2.398,145.0,0.0,-137.7,1,0.103,-0.702,2.382,842.7,652.6,1273.9,976.2,0.097,-0.796,2.328,914.0,651.3,1192.2,769.5,DOCKED,1,0.653
69,136.155,2026-09-10T08:32:43.775825Z,12.9,3,OBJECT_RETURNED,IDLE,NONE,Object returned. Next step: Please close the box.,57.4,OPEN,0.09,0.105,1.1,0.619,-0.501,2.383,145.0,0.0,-137.7,1,0.103,-0.702,2.383,842.2,653.6,1274.8,975.7,0.096,-0.795,2.329,922.2,653.3,1182.4,770.6,DOCKED,1,0.602
70,136.239,2026-09-10T08:32:43.859605Z,12.0,3,OBJECT_RETURNED,IDLE,NONE,Object returned. Next step: Please close the box.,56.9,OPEN,0.093,0.106,1.1,0.592,-0.514,2.375,145.0,0.0,-137.7,1,0.103,-0.702,2.383,842.1,654.1,1275.3,975.4,0.099,-0.794,2.329,922.5,653.7,1186.8,771.1,DOCKED,1,0.569
71,136.325,2026-09-10T08:32:43.945904Z,12.0,3,OBJECT_RETURNED,IDLE,NONE,Object returned. Next step: Please close the box.,55.6,OPEN,0.098,0.108,1.1,0.569,-0.529,2.367,145.0,0.0,-137.7,1,0.103,-0.701,2.383,841.8,654.6,1275.2,975.6,0.099,-0.795,2.329,922.1,652.5,1187.6,770.8,DOCKED,1,0.541
72,136.417,2026-09-10T08:32:44.037594Z,10.5,3,OBJECT_RETURNED,IDLE,NONE,Object returned. Next step: Please close the box.,55.1,OPEN,0.09,0.108,1.1,0.566,-0.53,2.366,145.0,0.0,-137.7,1,0.103,-0.701,2.383,841.8,655.0,1275.8,975.9,0.099,-0.795,2.329,921.4,651.9,1188.9,771.1,DOCKED,1,0.538
73,136.537,2026-09-10T08:32:44.158022Z,9.8,3,OBJECT_RETURNED,IDLE,NONE,Object returned. Next step: Please close the box.,54.0,OPEN,0.093,0.106,1.1,0.548,-0.538,2.362,145.0,0.0,-137.7,1,0.103,-0.702,2.382,842.5,654.2,1275.7,975.0,0.101,-0.796,2.328,922.4,651.0,1190.8,770.7,DOCKED,1,0.518
74,136.675,2026-09-10T08:32:44.296103Z,7.9,3,OBJECT_RETURNED,IDLE,NONE,Object returned. Next step: Please close the box.,53.9,OPEN,0.095,0.107,1.1,0.562,-0.533,2.365,145.0,0.0,-137.7,1,0.103,-0.702,2.382,842.5,654.0,1275.2,974.9,0.104,-0.795,2.329,923.6,651.8,1195.1,770.8,DOCKED,1,0.53
75,136.783,2026-09-10T08:32:44.403566Z,7.5,3,OBJECT_RETURNED,IDLE,NONE,Object returned. Next step: Please close the box.,54.0,OPEN,0.096,0.107,1.1,0.539,-0.546,2.356,145.0,0.0,-137.7,1,0.103,-0.702,2.383,842.5,654.6,1274.6,975.1,0.101,-0.795,2.329,920.4,653.9,1192.4,769.6,DOCKED,1,0.505
76,136.875,2026-09-10T08:32:44.495715Z,11.2,3,OBJECT_RETURNED,IDLE,NONE,Object returned. Next step: Please close the box.,52.9,OPEN,0.097,0.107,1.1,0.44,-0.605,2.323,145.0,0.0,-137.7,1,0.103,-0.702,2.383,842.7,654.3,1274.9,975.0,0.102,-0.795,2.329,920.4,653.3,1194.9,770.1,DOCKED,1,0.388
77,136.978,2026-09-10T08:32:44.598312Z,10.2,3,OBJECT_RETURNED,APPROACH COMPONENT BOX,NONE,Object returned. Next step: Please close the box.,52.0,OPEN,0.095,0.108,1.1,0.239,-0.723,2.255,145.0,0.0,-137.7,1,0.103,-0.702,2.382,843.1,653.4,1274.7,974.9,0.105,-0.795,2.329,923.9,653.4,1197.0,770.3,APPROACHED,1,0.169
78,137.072,2026-09-10T08:32:44.692658Z,10.4,3,OBJECT_RETURNED,CONTACT COMPONENT BOX,NONE,Object returned. Next step: Please close the box.,51.6,OPEN,0.093,0.107,1.1,0.141,-0.778,2.223,145.0,0.0,-137.7,1,0.103,-0.703,2.382,843.9,652.6,1273.9,975.1,0.105,-0.795,2.329,923.9,652.8,1196.5,770.0,GRASPED,1,0.113
79,137.165,2026-09-10T08:32:44.785838Z,10.4,3,OBJECT_RETURNED,CONTACT COMPONENT BOX,NONE,Object returned. Next step: Please close the box.,51.0,OPEN,0.094,0.107,1.1,0.117,-0.793,2.214,145.0,0.0,-137.7,1,0.104,-0.703,2.382,844.2,651.8,1274.7,975.4,0.098,-0.828,2.252,1013.0,617.0,1103.0,687.0,GRASPED,1,0.055
80,137.251,2026-09-10T08:32:44.871295Z,10.9,3,OBJECT_RETURNED,CONTACT COMPONENT BOX,NONE,Object returned. Next step: Please close the box.,50.4,OPEN,0.093,0.106,1.1,0.105,-0.801,2.21,145.0,0.0,-137.7,1,0.103,-0.702,2.382,843.7,653.2,1274.4,975.3,0.103,-0.795,2.329,921.9,652.7,1196.0,770.4,GRASPED,1,0.119
81,137.368,2026-09-10T08:32:44.989196Z,11.8,3,OBJECT_RETURNED,IDLE,NONE,Object returned. Next step: Please close the box.,50.7,OPEN,-0.495,-0.347,1.1,-0.2,-1.004,2.093,145.0,0.0,-137.7,1,0.103,-0.701,2.383,844.1,654.7,1274.2,975.7,-0.419,-0.658,2.35,96.0,616.0,986.0,1080.0,RELEASED,0,0.484
82,137.569,2026-09-10T08:32:45.189611Z,5.0,3,OBJECT_RETURNED,IDLE,NONE,Object returned. Next step: Please close the box.,50.2,OPEN,-0.486,-0.347,1.1,-0.699,-1.34,1.899,145.0,0.0,-137.7,1,0.104,-0.701,2.383,844.2,654.2,1275.7,975.8,-0.401,-0.658,2.35,141.0,616.0,976.0,1080.0,RELEASED,0,0.87
